COD_IBGE,MUNICIPIO,UF,MACRO,REGIAO_TURISTICA,CLUSTER,QUANTIDADE_EMPREGOS,QUANTIDADE_ESTABELECIMENTOS,EMPREGOS_POR_ESTABELECIMENTO,VISITAS_INTERNACIONAIS_EST,VISITAS_NACIONAIS_EST,TOTAL_VISITAS_ESTIMADAS,ARRECADACAO,PIB_PER_CAPITA_R$,VAB_SERVICOS_MIL_R$,ATIVIDADE_PRINCIPAL_PIB,POPULACAO_2007
5106224,Nova Mutum,MT,Centro-Oeste,Região Turística Portal do Agronegócio,C,89.0,14,6.36,0.0,15309.0,15309.0,708887.0,69624.89,1125297.082,"Agricultura, inclusive apoio à agricultura e a pós colheita",45378
2102408,Cajapió,MA,Nordeste,Polo Lagos e Campos Floridos,D,0.0,0,,0.0,1376.0,1376.0,0.0,5336.66,11734.926,"Administração, defesa, educação e saúde públicas e seguridade social",11177
3108909,Brazópolis,MG,Sudeste,Caminhos da Mantiqueira,D,6.0,3,2.0,0.0,25587.0,25587.0,0.0,12262.49,73018.245,"Administração, defesa, educação e saúde públicas e seguridade social",14459
3110004,Caeté,MG,Sudeste,Ouro,B,310.0,11,28.18,0.0,23757.0,23757.0,4944942.0,17875.95,385198.792,Demais serviços,44718
3115458,Catuji,MG,Sudeste,Pedras Preciosas,D,0.0,0,,149.0,0.0,149.0,0.0,10131.25,24737.759,"Administração, defesa, educação e saúde públicas e seguridade social",6311
3123106,Dores de Guanhães,MG,Sudeste,Trilhas do Rio Doce,D,5.0,1,5.0,0.0,0.0,0.0,0.0,30713.66,30214.361,"Eletricidade e gás, água, esgoto, atividades de gestão de resíduos e descontaminação",5169
3136553,José Raydan,MG,Sudeste,Trilhas do Rio Doce,D,0.0,0,,0.0,4335.0,4335.0,0.0,11989.64,18076.058,"Administração, defesa, educação e saúde públicas e seguridade social",4995
3539301,Pirassununga,SP,Sudeste,Região Turística Histórias e Vales,C,62.0,7,8.86,292.0,41691.0,41983.0,746300.0,37571.24,1519590.326,Demais serviços,76409
3549102,São João da Boa Vista,SP,Sudeste,"Entre Rios, Serras  e Cafés.",C,62.0,10,6.2,691.0,48602.0,49293.0,673370.0,35866.22,1825850.024,Demais serviços,91211
3556206,Valinhos,SP,Sudeste,Circuito das Frutas,C,75.0,6,12.5,2998.0,8223.0,11221.0,2572583.0,50785.35,3303319.07,Demais serviços,129193
3543303,Ribeirão Pires,SP,Sudeste,ABC Tur - Rota da Natureza e da Indústria,C,34.0,1,34.0,398.0,52008.0,52406.0,0.0,25497.11,1685320.729,Demais serviços,123393
1713809,Palmeiras do Tocantins,TO,Norte,Vale dos Grandes Rios,D,0.0,0,,0.0,14505.0,14505.0,0.0,11086.33,10490.106,"Administração, defesa, educação e saúde públicas e seguridade social",6658
2611606,Recife,PE,Nordeste,HISTÓRIA E MAR,A,2.695,117,0.02,124979.0,3715522.0,3840501.0,36669581.0,33232.26,32806964.137,Demais serviços,1645727
2704500,Maragogi,AL,Nordeste,Costa dos Corais,A,1.276,36,0.04,19347.0,297357.0,316704.0,24773850.0,21234.52,275190.257,Demais serviços,32704
2800308,Aracaju,SE,Nordeste,Polo Costa dos Coqueirais,A,1.888,100,0.02,16161.0,1112959.0,1129120.0,14947276.0,26688.23,10218295.823,Demais serviços,657013
2905404,Cairu,BA,Nordeste,Costa do Dendê,A,981.0,123,7.98,93253.0,125021.0,218274.0,9104867.0,58268.71,358699.573,Indústrias extrativas,18176
2921005,Mata de São João,BA,Nordeste,Costa dos Coqueiros,A,6.171,58,0.11,80017.0,228922.0,308939.0,103063849.0,25252.05,588173.588,Demais serviços,46583
2925303,Porto Seguro,BA,Nordeste,Costa do Descobrimento,A,5.046,318,0.02,64066.0,1192038.0,1256104.0,66832312.0,22727.56,2111988.491,Demais serviços,148686
2927408,Salvador,BA,Nordeste,Baía de Todos os Santos,A,4.834,267,0.02,326169.0,4262041.0,4588210.0,40060869.0,22213.24,39290861.484,Demais serviços,2872347
3151800,Poços de Caldas,MG,Sudeste,Caminhos Gerais,A,1.318,53,0.02,6355.0,434995.0,441350.0,15717525.0,45798.92,3735831.416,Demais serviços,167397
3170206,Uberlândia,MG,Sudeste,Alta Mogiana,A,907.0,54,16.8,18732.0,584716.0,603448.0,15911440.0,54430.68,17594854.664,Demais serviços,691305
3300100,Angra dos Reis,RJ,Sudeste,COSTA VERDE,A,612.0,89,6.88,157173.0,841279.0,998452.0,13815002.0,48212.88,4360959.818,Demais serviços,203785
3300233,Armação dos Búzios,RJ,Sudeste,COSTA DO SOL,A,2.374,209,0.01,320320.0,671819.0,992139.0,32816709.0,77577.13,1162329.055,Demais serviços,33870
3302403,Macaé,RJ,Sudeste,COSTA DO SOL,A,1.275,59,0.02,15241.0,486356.0,501597.0,8103191.0,58803.47,6162300.426,Demais serviços,256672
3303906,Petrópolis,RJ,Sudeste,SERRA VERDE IMPERIAL,A,988.0,82,12.05,15066.0,202749.0,217815.0,10868253.0,44559.04,6476415.722,Demais serviços,306191
3304557,Rio de Janeiro,RJ,Sudeste,METROPOLITANA,A,17.946,431,0.04,1651696.0,7119416.0,8771112.0,402199318.0,52833.25,182466623.603,Demais serviços,6718903
3502507,Aparecida,SP,Sudeste,Fé,A,1.451,175,0.01,4053.0,1208586.0,1212639.0,11472737.0,31641.35,882534.413,Demais serviços,36157
3509700,Campos do Jordão,SP,Sudeste,MANTIQUEIRA PAULISTA,A,1.422,137,0.01,8548.0,550468.0,559016.0,21687100.0,25312.3,888160.357,Demais serviços,52088
3518701,Guarujá,SP,Sudeste,Costa da Mata Atlântica,A,1.376,73,0.02,29526.0,1225406.0,1254932.0,12769869.0,28417.36,5347454.747,Demais serviços,320459
3520400,Ilhabela,SP,Sudeste,Litoral Norte de São Paulo,A,1.345,114,0.01,22954.0,175100.0,198054.0,13779198.0,428020.22,4186509.459,Indústrias extrativas,34970
3543402,Ribeirão Preto,SP,Sudeste,Caminhos da Mogiana,A,976.0,72,13.56,21292.0,923926.0,945218.0,15094265.0,50270.98,24844129.066,Demais serviços,703293
3548500,Santos,SP,Sudeste,Costa da Mata Atlântica,A,949.0,52,18.25,49802.0,1216191.0,1265993.0,13531092.0,52509.91,15674438.843,Demais serviços,433311
3555406,Ubatuba,SP,Sudeste,Litoral Norte de São Paulo,A,1.4,169,0.01,38475.0,1069658.0,1108133.0,10149224.0,26241.36,1496377.334,Demais serviços,90799
4108304,Foz do Iguaçu,PR,Sul,Cataratas do Iguaçu e Caminhos ao Lago de Itaipu,A,5.044,151,0.03,595662.0,1107641.0,1703303.0,96013669.0,61023.61,5253324.739,"Eletricidade e gás, água, esgoto, atividades de gestão de resíduos e descontaminação",258532
4202008,Balneário Camboriú,SC,Sul,Costa Verde & Mar,A,2.411,117,0.02,186983.0,1640662.0,1827645.0,46332532.0,42524.8,3808468.66,Demais serviços,142295
4202453,Bombinhas,SC,Sul,Costa Verde & Mar,A,995.0,132,7.54,245813.0,395872.0,641685.0,11468537.0,36504.73,401927.764,Demais serviços,19769
4208302,Itapema,SC,Sul,Costa Verde & Mar,A,214.0,17,12.59,149126.0,574437.0,723563.0,1522182.0,32775.24,1119396.14,Demais serviços,65312
4209102,Joinville,SC,Sul,Caminho dos Príncipes,A,681.0,46,14.8,21027.0,618768.0,639795.0,27546914.0,58476.9,14842472.421,Demais serviços,590466
4314902,Porto Alegre,RS,Sul,Porto Alegre ,A,2.875,133,0.02,176836.0,3020513.0,3197349.0,59776547.0,55555.39,57616369.176,Demais serviços,1483771
5002704,Campo Grande,MS,Sul,Caminho dos Ipês,A,1.05,77,0.01,35350.0,860874.0,896224.0,9635777.0,33744.98,15438984.322,Demais serviços,895982
5103403,Cuiabá,MT,Centro-Oeste,Região Turística Metropolitana,A,1.257,77,0.02,22923.0,1099626.0,1122549.0,10931688.0,40199.11,13823876.341,Demais serviços,612547
5204508,Caldas Novas,GO,Centro-Oeste,Região Turística das Águas Quentes,A,2.457,74,0.03,9963.0,2018964.0,2028927.0,32106597.0,29944.23,1408620.146,Demais serviços,91162
1100205,Porto Velho,RO,Norte,Polo Turistico Madeira Mamoré,A,550.0,68,8.09,5512.0,494534.0,500046.0,4474482.0,33825.46,7194917.288,Demais serviços,529544
1200401,Rio Branco,AC,Norte,Conheça Rio Branco,A,376.0,30,12.53,4602.0,464108.0,468710.0,2845034.0,22448.3,4449284.664,Demais serviços,407319
1302603,Manaus,AM,Norte,Polo Amazônico,A,1.023,85,0.01,88470.0,1472775.0,1561245.0,20294906.0,38880.73,28503901.761,Indústrias de transformação,2182763
1400100,Boa Vista,RR,Norte,"Roraima, a Savana Amazônica",A,272.0,26,10.46,9669.0,475033.0,484702.0,2432889.0,26482.05,4510541.051,"Administração, defesa, educação e saúde públicas e seguridade social",399213
1501402,Belém,PA,Norte,Região Turística de Belém,A,1.436,90,0.02,43143.0,1402632.0,1445775.0,14230134.0,21708.55,18073651.168,Demais serviços,1492745
3205309,Vitória,ES,Sudeste,Metropolitana,A,546.0,31,17.61,55348.0,1107558.0,1162906.0,8396753.0,59693.66,12221583.381,Demais serviços,362097
5218789,Rio Quente,GO,Centro-Oeste,Região Turística das Águas Quentes,A,2.037,3,0.68,220.0,122356.0,122576.0,0.0,80369.12,256380.764,Demais serviços,4493
1506138,Redenção,PA,Norte,Região Turística do Araguaia,B,70.0,14,5.0,775.0,104731.0,105506.0,548940.0,22028.88,973631.635,Demais serviços,84787
1506203,Salinópolis,PA,Norte,Região Turística Amazônia Atlântica Caeté,B,154.0,14,11.0,2675.0,199316.0,201991.0,965402.0,13083.92,241385.739,Demais serviços,40675
1702109,Araguaína,TO,Norte,Vale dos Grandes Rios,B,181.0,30,6.03,1837.0,235167.0,237004.0,1640138.0,26101.59,2376477.207,Demais serviços,180470
1709500,Gurupi,TO,Norte,Ilha do Bananal,B,135.0,18,7.5,478.0,102406.0,102884.0,757828.0,26843.66,1209285.079,Demais serviços,86647
2101400,Balsas,MA,Nordeste,Polo Chapada das Mesas,B,133.0,15,8.87,285.0,151181.0,151466.0,680983.0,36836.83,1649498.006,Demais serviços,94887
2205706,Luís Correia,PI,Nordeste,Polo Costa do Delta,B,138.0,18,7.67,988.0,136173.0,137161.0,601808.0,10335.88,111822.197,"Administração, defesa, educação e saúde públicas e seguridade social",30311
2605459,Fernando de Noronha,PE,Nordeste,HISTÓRIA E MAR,B,597.0,76,7.86,8062.0,125670.0,133732.0,10355700.0,63035.23,151603.973,Demais serviços,3061
2606408,Gravatá,PE,Nordeste,SERRAS E ARTES DE PERNAMBUCO,B,323.0,13,24.85,634.0,211852.0,212486.0,2979984.0,14665.18,580349.17,Demais serviços,84074
2609600,Olinda,PE,Nordeste,HISTÓRIA E MAR,B,350.0,25,14.0,10489.0,173519.0,184008.0,3309224.0,14713.81,2972254.84,Demais serviços,392482
2613404,São José da Coroa Grande,PE,Nordeste,"HISTÓRICA, DOS ARRECIFES E MANGUEZAIS",B,14.0,4,3.5,302.0,219748.0,220050.0,0.0,11324.82,99616.303,"Administração, defesa, educação e saúde públicas e seguridade social",21298
2700300,Arapiraca,AL,Nordeste,Agreste,B,202.0,25,8.08,215.0,113137.0,113352.0,1126796.0,21468.19,2470540.781,Demais serviços,231747
2903201,Barreiras,BA,Nordeste,Caminhos do Oeste,B,292.0,29,10.07,1563.0,182508.0,184071.0,993389.0,33313.17,2336594.047,Demais serviços,155439
2903904,Bom Jesus da Lapa,BA,Nordeste,Caminhos do Oeste,B,122.0,26,4.69,1002.0,221079.0,222081.0,611142.0,16025.54,384719.0,Demais serviços,69148
2905701,Camaçari,BA,Nordeste,Costa dos Coqueiros,B,839.0,47,17.85,9774.0,271431.0,281205.0,4092283.0,87735.29,7855130.186,Indústrias de transformação,299132
2918001,Jequié,BA,Nordeste,Caminhos do Sudoeste,B,166.0,19,8.74,501.0,232370.0,232871.0,707352.0,17263.38,1342445.801,Demais serviços,155966
2919306,Lençóis,BA,Nordeste,Chapada Diamantina,B,198.0,21,9.43,22307.0,79102.0,101409.0,1716147.0,11327.63,61616.39,Demais serviços,11409
2920700,Maraú,BA,Nordeste,Costa do Cacau,B,277.0,44,6.3,3731.0,25132.0,28863.0,1898584.0,12155.8,101233.789,Demais serviços,20570
2922003,Mucuri,BA,Nordeste,Costa das Baleias,B,72.0,19,3.79,1356.0,87456.0,88812.0,708793.0,42765.12,344642.637,Indústrias de transformação,41748
2925501,Prado,BA,Nordeste,Costa das Baleias,B,273.0,49,5.57,1506.0,76429.0,77935.0,2344797.0,15495.87,146429.416,Demais serviços,28174
2932903,Valença,BA,Nordeste,Costa do Dendê,B,100.0,27,3.7,1689.0,123168.0,124857.0,506061.0,16346.46,782225.798,Demais serviços,96562
2933307,Vitória da Conquista,BA,Nordeste,Caminhos do Sudoeste,B,354.0,30,11.8,3348.0,290748.0,294096.0,2785303.0,21459.85,4060823.515,Demais serviços,338480
3107208,Bocaina de Minas,MG,Sudeste,Terras Altas da Mantiqueira,B,109.0,27,4.04,354.0,0.0,354.0,815103.0,12116.96,21480.165,"Administração, defesa, educação e saúde públicas e seguridade social",5090
3110509,Camanducaia,MG,Sudeste,Serras Verdes do Sul de Minas,B,475.0,85,5.59,1363.0,91323.0,92686.0,4904223.0,33387.49,313919.624,Demais serviços,21770
3115508,Caxambu,MG,Sudeste,Águas,B,289.0,13,22.23,1422.0,59100.0,60522.0,1958366.0,16591.22,217271.849,Demais serviços,21656
3118304,Conselheiro Lafaiete,MG,Sudeste,Villas e Fazendas de Minas,B,137.0,21,6.52,1099.0,99139.0,100238.0,949063.0,19512.7,1426465.863,Demais serviços,128589
3122306,Divinópolis,MG,Sudeste,Campo das Vertentes,B,271.0,23,11.78,1761.0,85048.0,86809.0,2706862.0,28667.89,3543403.192,Demais serviços,238230
3131307,Ipatinga,MG,Sudeste,Mata Atlântica de Minas,B,295.0,22,13.41,9884.0,160172.0,170056.0,2268039.0,44915.22,4626739.542,Demais serviços,263410
3136702,Juiz de Fora,MG,Sudeste,Caminho Novo,B,682.0,49,13.92,10777.0,323096.0,333873.0,8954021.0,32864.04,10197314.226,Demais serviços,568873
3143302,Montes Claros,MG,Sudeste,Sertão Gerais,B,365.0,48,7.6,6094.0,205443.0,211537.0,2253742.0,23731.41,5130032.407,Demais serviços,409341
3147006,Paracatu,MG,Sudeste,Noroeste das Gerais e Alto Paranaíba,B,209.0,21,9.95,338.0,112366.0,112704.0,2580922.0,52750.15,1606207.026,Indústrias extrativas,93158
3147907,Passos,MG,Sudeste,Nascentes das Gerais e Canastra,B,163.0,17,9.59,1143.0,97542.0,98685.0,1249504.0,23407.3,1484444.874,Demais serviços,114679
3152501,Pouso Alegre,MG,Sudeste,Caminhos da Mantiqueira,B,328.0,25,13.12,2646.0,134128.0,136774.0,3306848.0,58312.84,4834165.732,Demais serviços,150737
3168606,Teófilo Otoni,MG,Sudeste,Pedras Preciosas,B,175.0,18,9.72,1236.0,74040.0,75276.0,1489205.0,19191.15,1536522.362,Demais serviços,140592
3168804,Tiradentes,MG,Sudeste,Trilha dos Inconfidentes,B,407.0,72,5.65,7012.0,66573.0,73585.0,4456298.0,23103.54,117474.928,Demais serviços,7981
3200409,Anchieta,ES,Sudeste,Costa e da Imigração,B,112.0,21,5.33,448.0,71353.0,71801.0,876168.0,34359.12,331839.875,Demais serviços,29263
3201209,Cachoeiro de Itapemirim,ES,Sudeste,Vales e do Café,B,149.0,15,9.93,1397.0,113059.0,114456.0,1379087.0,23516.87,2537215.126,Demais serviços,208972
3204203,Piúma,ES,Sudeste,Costa e da Imigração,B,30.0,13,2.31,420.0,145517.0,145937.0,65994.0,30640.6,231252.238,Indústrias extrativas,21711
3204906,São Mateus,ES,Sudeste,Verde e das Águas,B,148.0,20,7.4,1970.0,122450.0,124420.0,1064478.0,18117.25,1096660.819,Demais serviços,130611
3300258,Arraial do Cabo,RJ,Sudeste,COSTA DO SOL,B,368.0,46,8.0,40933.0,260542.0,301475.0,4168108.0,84241.59,786691.876,Indústrias extrativas,30349
3301702,Duque de Caxias,RJ,Sudeste,BAIXADA VERDE,B,298.0,14,21.29,1155.0,103672.0,104827.0,3907243.0,49295.96,21134166.805,Demais serviços,919596
3302254,Itatiaia,RJ,Sudeste,AGULHAS NEGRAS,B,721.0,98,7.36,2916.0,90194.0,93110.0,6129579.0,140696.25,1641534.864,Demais serviços,31805
3303401,Nova Friburgo,RJ,Sudeste,SERRA VERDE IMPERIAL,B,371.0,51,7.27,5344.0,251467.0,256811.0,3490055.0,28107.56,2837542.368,Demais serviços,190631
3304524,Rio das Ostras,RJ,Sudeste,COSTA DO SOL,B,147.0,38,3.87,5394.0,347607.0,353001.0,1202230.0,51379.2,2690957.679,Indústrias extrativas,150674
3305109,São João de Meriti,RJ,Sudeste,BAIXADA VERDE,B,358.0,14,25.57,422.0,43018.0,43440.0,2530744.0,20736.22,5292076.252,Demais serviços,472406
3305505,Saquarema,RJ,Sudeste,COSTA DO SOL,B,92.0,25,3.68,3231.0,178115.0,181346.0,1030468.0,120175.92,3180983.823,Indústrias extrativas,89170
3306107,Valença,RJ,Sudeste,VALE DO CAFÉ,B,335.0,40,8.38,1252.0,13063.0,14315.0,3902679.0,26803.4,882571.027,Demais serviços,76523
3500501,Águas de Lindóia,SP,Sudeste,Águas e Flores Paulista,B,985.0,26,37.88,1483.0,142132.0,143615.0,12739196.0,28385.89,356668.833,Demais serviços,18705
3503208,Araraquara,SP,Sudeste,Centro Paulista,B,345.0,23,15.0,6974.0,105568.0,112542.0,4880193.0,42474.25,6094081.973,Demais serviços,236072
3506003,Bauru,SP,Sudeste,Coração Paulista,B,300.0,40,7.5,11796.0,681324.0,693120.0,4613568.0,40668.42,9930604.876,Demais serviços,376818
3507902,Brotas,SP,Sudeste,Serra do Itaqueri,B,227.0,27,8.41,1531.0,74532.0,76063.0,2188140.0,38228.09,420348.902,Demais serviços,24403
3515004,Embu das Artes,SP,Sudeste,"Mananciais, Aventura e Arte",B,420.0,9,46.67,1245.0,30225.0,31470.0,6214128.0,53798.98,9101299.376,Comércio e reparação de veículos automotores e motocicletas,273726
3525300,Jaú,SP,Sudeste,Caminhos do Tietê,B,131.0,13,10.08,1193.0,78235.0,79428.0,1337804.0,32636.39,3033899.678,Demais serviços,150252
3527108,Lins,SP,Sudeste,Coração do Tietê,B,254.0,15,16.93,1171.0,93164.0,94335.0,4676379.0,68996.22,2151012.469,Indústrias de transformação,78013
3530607,Mogi das Cruzes,SP,Sudeste,Nascentes do Tietê,B,410.0,15,27.33,5932.0,119525.0,125457.0,1699834.0,36381.52,8633821.096,Demais serviços,445842
3533908,Olímpia,SP,Sudeste,Águas Sertanejas,B,516.0,53,9.74,1525.0,160613.0,162138.0,7017083.0,38559.28,1138987.297,Demais serviços,54772
3538709,Piracicaba,SP,Sudeste,Serra do Itaqueri,B,373.0,28,13.32,9267.0,201805.0,211072.0,5002148.0,68843.7,12114738.673,Demais serviços,404142
5107958,Tangará da Serra,MT,Centro-Oeste,Região Turística das Nascentes,B,156.0,21,7.43,651.0,36217.0,36868.0,734049.0,32992.97,1545283.228,Demais serviços,103750
5108402,Várzea Grande,MT,Centro-Oeste,Região Turística Metropolitana,B,295.0,35,8.43,111.0,46651.0,46762.0,3225717.0,30166.68,4561353.127,Demais serviços,284971
5201108,Anápolis,GO,Centro-Oeste,Região Turística dos Negócios e Tradições,B,255.0,25,10.2,8401.0,162029.0,170430.0,3233772.0,38091.05,6443922.916,Demais serviços,386923
5208608,Goianésia,GO,Centro-Oeste,Região Turística do Ouro e Cristais,B,109.0,20,5.45,584.0,116190.0,116774.0,488379.0,22020.62,691558.589,Demais serviços,70084
5211503,Itumbiara,GO,Centro-Oeste,Região Turística Lagos do Paranaíba,B,227.0,24,9.46,950.0,87054.0,88004.0,2196980.0,39371.45,1821836.43,Demais serviços,104742
5218805,Rio Verde,GO,Centro-Oeste,Região Turística Pegadas no Cerrado,B,298.0,32,9.31,2334.0,271653.0,273987.0,2701698.0,42360.16,4388248.673,Demais serviços,235647
5221403,Trindade,GO,Centro-Oeste,Região Turística dos Negócios e Tradições,B,105.0,36,2.92,544.0,193242.0,193786.0,546770.0,17333.95,896971.808,Demais serviços,127599
1100106,Guajará-Mirim,RO,Norte,Polo Turistico Madeira Mamoré,C,20.0,8,2.5,494.0,34819.0,35313.0,72309.0,19337.36,394561.804,"Administração, defesa, educação e saúde públicas e seguridade social",46174
1100189,Pimenta Bueno,RO,Norte,POLO TURISTICO RIOS DE RONDON,C,30.0,6,5.0,211.0,29225.0,29436.0,0.0,31747.87,448038.023,Demais serviços,36660
1302900,Maués,AM,Norte,Polo Satere,C,7.0,1,7.0,126.0,80326.0,80452.0,0.0,8476.64,123314.94,"Administração, defesa, educação e saúde públicas e seguridade social",63905
1303536,Presidente Figueiredo,AM,Norte,Polo Amazônico,C,32.0,9,3.56,1813.0,65356.0,67169.0,100736.0,26395.42,168779.927,Indústrias extrativas,36279
1304062,Tabatinga,AM,Norte,Polo Alto Solimões,C,39.0,8,4.88,1989.0,12834.0,14823.0,157571.0,9365.33,196514.481,"Administração, defesa, educação e saúde públicas e seguridade social",65844
1304203,Tefé,AM,Norte,Polo Médio Solimões,C,29.0,6,4.83,386.0,24109.0,24495.0,0.0,17092.46,253432.16,"Administração, defesa, educação e saúde públicas e seguridade social",59849
1502152,Canaã dos Carajás,PA,Norte,Região turística do Carajás,C,97.0,18,5.39,64.0,20900.0,20964.0,1348797.0,288812.06,1598745.028,Indústrias extrativas,37085
1502400,Castanhal,PA,Norte,Região Turística Amazônia Atlântica Guamá,C,93.0,9,10.33,952.0,24729.0,25681.0,941031.0,20123.38,1906677.339,Demais serviços,200793
1503606,Itaituba,PA,Norte,Região Turística do Alto Tapajós,C,98.0,15,6.53,1084.0,37983.0,39067.0,194928.0,20214.09,945000.976,Demais serviços,101247
1705508,Colinas do Tocantins,TO,Norte,Vale dos Grandes Rios,C,41.0,8,5.12,120.0,68462.0,68582.0,157633.0,22549.37,388584.855,"Administração, defesa, educação e saúde públicas e seguridade social",35424
1709302,Guaraí,TO,Norte,Vale dos Grandes Rios,C,41.0,9,4.56,245.0,58630.0,58875.0,148561.0,26912.22,366534.601,Comércio e reparação de veículos automotores e motocicletas,25923
1716109,Paraíso do Tocantins,TO,Norte,Serras e Lago,C,61.0,12,5.08,317.0,29464.0,29781.0,316775.0,27108.5,648183.088,Demais serviços,51252
1718204,Porto Nacional,TO,Norte,Serras e Lago,C,34.0,9,3.78,413.0,42308.0,42721.0,167510.0,35249.55,804304.214,Demais serviços,53010
2300754,Amontada,CE,Nordeste,Litoral Oeste,C,22.0,9,2.44,3485.0,19755.0,23240.0,138226.0,11911.02,128114.81,"Administração, defesa, educação e saúde públicas e seguridade social",43452
2304251,Cruz,CE,Nordeste,Litoral Extremo Oeste,C,123.0,11,11.18,1058.0,1329.0,2387.0,966937.0,11514.09,131924.188,"Administração, defesa, educação e saúde públicas e seguridade social",24827
2306405,Itapipoca,CE,Nordeste,Litoral Oeste,C,23.0,8,2.88,229.0,113113.0,113342.0,163773.0,12969.77,654152.844,"Administração, defesa, educação e saúde públicas e seguridade social",129358
2307650,Maracanaú,CE,Nordeste,Fortaleza,C,42.0,5,8.4,247.0,17966.0,18213.0,586940.0,42778.34,4164557.264,Demais serviços,227886
2400208,Açu,RN,Nordeste,Polo Costa Branca,C,45.0,10,4.5,513.0,4430.0,4943.0,218959.0,21401.61,454833.379,Demais serviços,58017
2403251,Parnamirim,RN,Nordeste,Polo Costa das Dunas,C,76.0,14,5.43,303.0,84314.0,84617.0,534516.0,21398.33,2733531.297,Demais serviços,261469
3502101,Andradina,SP,Sudeste,Pantanal Paulista,C,62.0,8,7.75,75.0,49044.0,49119.0,902620.0,35989.67,1082584.19,Demais serviços,57157
3505302,Barra Bonita,SP,Sudeste,Caminhos do Tietê,C,280.0,9,31.11,39.0,24816.0,24855.0,2603119.0,31534.03,635812.919,Demais serviços,36126
3506508,Birigui,SP,Sudeste,Tietê Vivo,C,90.0,8,11.25,950.0,48214.0,49164.0,1027233.0,27930.66,1967646.967,Demais serviços,123638
3507605,Bragança Paulista,SP,Sudeste,entre serras e aguas,C,121.0,14,8.64,3086.0,27414.0,30500.0,1532439.0,38406.56,3496953.843,Demais serviços,168668
3513603,Cunha,SP,Sudeste,Fé,C,57.0,15,3.8,3240.0,0.0,3240.0,291295.0,12293.97,132795.18,Demais serviços,21547
3522307,Itapetininga,SP,Sudeste,Altos de Paranapiacaba,C,100.0,11,9.09,2261.0,29846.0,32107.0,869616.0,29883.19,2494718.966,Demais serviços,163901
3524303,Jaboticabal,SP,Sudeste,Caminhos da Mogiana,C,71.0,9,7.89,1648.0,24906.0,26554.0,525801.0,38082.72,1623613.538,Demais serviços,77263
3524808,Jales,SP,Sudeste,Entre Rios,C,49.0,9,5.44,275.0,96954.0,97229.0,323926.0,32977.6,1012656.18,Demais serviços,49107
5214606,Niquelândia,GO,Centro-Oeste,Região Turística Vale da Serra da Mesa,C,39.0,9,4.33,215.0,90706.0,90921.0,188584.0,25415.81,313101.945,Demais serviços,46388
5218003,Porangatu,GO,Centro-Oeste,Região Turística Vale da Serra da Mesa,C,56.0,10,5.6,577.0,57756.0,58333.0,332102.0,21380.38,461976.281,Demais serviços,45394
2914802,Itabuna,BA,Nordeste,Costa do Cacau,B,231.0,24,9.62,2553.0,141288.0,143841.0,1602683.0,19619.07,2338728.343,Demais serviços,213223
2918407,Juazeiro,BA,Nordeste,Vale do São Francisco,B,134.0,20,6.7,1297.0,198335.0,199632.0,637248.0,20071.32,2225852.726,Demais serviços,216707
2927705,Santa Cruz Cabrália,BA,Nordeste,Costa do Descobrimento,B,365.0,27,13.52,976.0,13831.0,14807.0,2793553.0,15484.19,194592.82,Demais serviços,27778
3127701,Governador Valadares,MG,Sudeste,Trilhas do Rio Doce,B,351.0,30,11.7,13613.0,213306.0,226919.0,3556495.0,24180.08,4026339.964,Demais serviços,279885
3159001,Santana do Riacho,MG,Sudeste,Serra do Cipó,B,150.0,24,6.25,527.0,2624.0,3151.0,828355.0,18783.31,45338.254,Demais serviços,4295
3170701,Varginha,MG,Sudeste,Vale Verde e Quedas D'Água,B,198.0,21,9.43,1605.0,46879.0,48484.0,1489818.0,46457.4,3287280.942,Demais serviços,135558
3302205,Itaperuna,RJ,Sudeste,ÁGUAS DO NOROESTE,B,251.0,21,11.95,1146.0,175606.0,176752.0,1693154.0,30000.24,1634086.125,Demais serviços,103224
3541406,Presidente Prudente,SP,Sudeste,Sol do Oeste,B,306.0,27,11.33,5176.0,242705.0,247881.0,4452701.0,36663.15,5683889.701,Demais serviços,228743
3548906,São Carlos,SP,Sudeste,Região Turística Histórias e Vales,B,286.0,27,10.59,10210.0,163891.0,174101.0,2687848.0,46832.89,5918229.262,Demais serviços,251983
3549904,São José dos Campos,SP,Sudeste,MANTIQUEIRA PAULISTA,B,697.0,59,11.81,25942.0,295005.0,320947.0,8397833.0,60194.93,19099864.421,Demais serviços,721944
3550407,São Pedro,SP,Sudeste,Serra do Itaqueri,B,302.0,14,21.57,1996.0,17143.0,19139.0,1684237.0,22416.24,474103.227,Demais serviços,35653
4302105,Bento Gonçalves,RS,Sul,Uva e Vinho,B,543.0,17,31.94,6627.0,164856.0,171483.0,7003433.0,52716.31,2817691.347,Demais serviços,120454
4305108,Caxias do Sul,RS,Sul,Hortênsias,B,405.0,27,15.0,13600.0,479511.0,493111.0,4894743.0,52873.85,12715361.209,Demais serviços,510906
5103007,Chapada dos Guimarães,MT,Centro-Oeste,Associação de Turismo da Região Circuito das Águas - Aturcira,B,387.0,20,19.35,665.0,31657.0,32322.0,5118818.0,36303.0,191225.975,Demais serviços,19752
1507300,São Félix do Xingu,PA,Norte,Região Turística do Araguaia,C,23.0,8,2.88,0.0,131396.0,131396.0,56090.0,11288.26,283343.899,"Administração, defesa, educação e saúde públicas e seguridade social",128481
1508084,Tucumã,PA,Norte,Região Turística do Araguaia,C,44.0,8,5.5,531.0,45574.0,46105.0,190029.0,20904.79,315221.159,Demais serviços,39602
2306553,Itarema,CE,Nordeste,Litoral Extremo Oeste,C,12.0,6,2.0,2640.0,45282.0,47922.0,55312.0,14717.77,154020.259,"Administração, defesa, educação e saúde públicas e seguridade social",41826
2602308,Bonito,PE,Nordeste,SERRAS E ARTES DE PERNAMBUCO,C,55.0,8,6.88,121.0,116617.0,116738.0,180997.0,11990.22,134155.065,"Administração, defesa, educação e saúde públicas e seguridade social",38134
2606200,Goiana,PE,Nordeste,COSTA NÁUTICA COROA DO AVIÃO,C,35.0,9,3.89,379.0,130850.0,131229.0,437235.0,128206.09,1958572.897,Indústrias de transformação,79758
3118007,Congonhas,MG,Sudeste,Ouro,C,52.0,12,4.33,683.0,71521.0,72204.0,480509.0,36277.13,703465.172,Demais serviços,54762
4320800,Soledade,RS,Sul,Alto da Serra do Botucaraí,C,31.0,6,5.17,318.0,20624.0,20942.0,0.0,30505.38,435976.753,Demais serviços,31002
1505494,Palestina do Pará,PA,Norte,Região turística do Carajás,D,0.0,0,,0.0,728.0,728.0,0.0,9551.41,14766.523,"Administração, defesa, educação e saúde públicas e seguridade social",7589
2932101,Ubaíra,BA,Nordeste,Caminhos do Jiquiriçá,D,2.0,1,2.0,0.0,5919.0,5919.0,0.0,9908.27,74462.959,"Administração, defesa, educação e saúde públicas e seguridade social",19895
3110905,Campanha,MG,Sudeste,Águas,D,6.0,4,1.5,0.0,2624.0,2624.0,0.0,20035.62,166576.187,Demais serviços,16665
3132800,Itambé do Mato Dentro,MG,Sudeste,Serra do Cipó,D,2.0,1,2.0,0.0,0.0,0.0,0.0,13543.46,9297.497,"Administração, defesa, educação e saúde públicas e seguridade social",2081
3534757,Ouroeste,SP,Sudeste,MARAVILHAS  DO RIO GRANDE,D,5.0,2,2.5,0.0,0.0,0.0,0.0,36848.47,137399.944,Demais serviços,10361
4104428,Candói,PR,Sul,Lagos e Colinas,D,8.0,2,4.0,121.0,0.0,121.0,0.0,30816.84,164679.297,"Agricultura, inclusive apoio à agricultura e a pós colheita",15979
4309159,Gramado Xavier,RS,Sul,Alto da Serra do Botucaraí,D,1.0,1,1.0,182.0,0.0,182.0,0.0,20238.23,12623.292,"Agricultura, inclusive apoio à agricultura e a pós colheita",4325
4312450,Morro Redondo,RS,Sul,Costa Doce,D,4.0,1,4.0,0.0,14888.0,14888.0,0.0,14975.02,28914.716,"Administração, defesa, educação e saúde públicas e seguridade social",6568
4314548,Pinto Bandeira,RS,Sul,Uva e Vinho,D,1.0,1,1.0,0.0,0.0,0.0,0.0,19129.73,11615.339,"Agricultura, inclusive apoio à agricultura e a pós colheita",3003
2611705,Riacho das Almas,PE,Nordeste,MODA E ECOTURISMO,D,0.0,0,,0.0,14505.0,14505.0,0.0,9394.09,54901.158,"Administração, defesa, educação e saúde públicas e seguridade social",20546
2801504,Carmópolis,SE,Nordeste,Polo dos Tabuleiros,D,12.0,2,6.0,0.0,468.0,468.0,0.0,27566.67,114070.906,"Administração, defesa, educação e saúde públicas e seguridade social",16634
2917300,Ituberá,BA,Nordeste,Costa do Dendê,D,11.0,3,3.67,66.0,10600.0,10666.0,0.0,11202.76,114021.426,"Administração, defesa, educação e saúde públicas e seguridade social",28602
2926707,Rio de Contas,BA,Nordeste,Chapada Diamantina,D,35.0,6,5.83,95.0,0.0,95.0,0.0,9967.44,46343.227,"Administração, defesa, educação e saúde públicas e seguridade social",12989
3152600,Pouso Alto,MG,Sudeste,Terras Altas da Mantiqueira,D,54.0,4,13.5,0.0,0.0,0.0,0.0,44221.98,80214.415,Demais serviços,5940
3164902,São Sebastião do Rio Verde,MG,Sudeste,Terras Altas da Mantiqueira,D,5.0,1,5.0,0.0,0.0,0.0,0.0,14242.61,10434.127,"Administração, defesa, educação e saúde públicas e seguridade social",2241
3502903,Araçoiaba da Serra,SP,Sudeste,História & Aventuras,D,14.0,3,4.67,149.0,4510.0,4659.0,0.0,24299.7,383727.689,Demais serviços,34146
3516804,Gastão Vidigal,SP,Sudeste,Tietê Vivo,D,3.0,1,3.0,0.0,0.0,0.0,0.0,15273.46,27369.591,Demais serviços,4808
3547502,Santa Rita do Passa Quatro,SP,Sudeste,Região Turística Histórias e Vales,D,5.0,3,1.67,116.0,4903.0,5019.0,0.0,24811.26,362492.91,Demais serviços,27557
3550100,São Manuel,SP,Sudeste,Pólo Turístico Cuesta,D,12.0,3,4.0,112.0,0.0,112.0,0.0,26106.86,586681.416,Demais serviços,40954
3557303,Estiva Gerbi,SP,Sudeste,TRILHOS E TRILHAS DA BAIXAMOGIANA,D,0.0,0,,120.0,0.0,120.0,0.0,28196.3,101952.837,Demais serviços,11304
4211504,Nova Trento,SC,Sul,Vale Europeu,D,23.0,4,5.75,0.0,29457.0,29457.0,0.0,43355.14,167293.916,Indústrias de transformação,14549
4214706,Rio dos Cedros,SC,Sul,Vale Europeu,D,6.0,2,3.0,121.0,2260.0,2381.0,0.0,28877.4,122213.749,Indústrias de transformação,11676
4215901,São Bonifácio,SC,Sul,Grande Florianópolis,D,0.0,0,,124.0,648.0,772.0,0.0,25962.51,23600.93,Demais serviços,2838
4300307,Alecrim,RS,Sul,Rota do Rio Uruguai,D,0.0,0,,0.0,3410.0,3410.0,0.0,19836.1,44381.753,Demais serviços,5950
4308805,General Câmara,RS,Sul,Carbonífera,D,0.0,0,,0.0,14888.0,14888.0,0.0,26399.76,45094.538,"Produção florestal, pesca e aquicultura",8385
4311205,Júlio de Castilhos,RS,Sul,Central,D,5.0,1,5.0,0.0,0.0,0.0,0.0,63845.69,597552.495,Comércio e reparação de veículos automotores e motocicletas,19293
5108006,Tapurah,MT,Centro-Oeste,Região Turística Portal do Agronegócio,D,9.0,3,3.0,0.0,0.0,0.0,0.0,64161.87,218632.001,"Agricultura, inclusive apoio à agricultura e a pós colheita",13705
5108055,Terra Nova do Norte,MT,Centro-Oeste,Região Turística Portal da Amazônia,D,2.0,1,2.0,0.0,0.0,0.0,0.0,29480.61,101397.302,Demais serviços,9667
5219209,Santa Cruz de Goiás,GO,Centro-Oeste,Região Turística da Estrada de Ferro,D,0.0,1,0.0,0.0,0.0,0.0,0.0,48198.58,20388.693,"Agricultura, inclusive apoio à agricultura e a pós colheita",2855
5219902,São Francisco de Goiás,GO,Centro-Oeste,Região Turística do Ouro e Cristais,D,0.0,1,0.0,0.0,0.0,0.0,0.0,16462.44,35133.641,"Administração, defesa, educação e saúde públicas e seguridade social",6264
1702703,Aurora do Tocantins,TO,Norte,Serras Gerais,E,0.0,0,,0.0,0.0,0.0,0.0,12477.89,7427.623,"Administração, defesa, educação e saúde públicas e seguridade social",3757
2204659,Ilha Grande,PI,Nordeste,Polo Costa do Delta,D,0.0,0,,4834.0,0.0,4834.0,0.0,8092.28,13141.742,"Administração, defesa, educação e saúde públicas e seguridade social",9426
2207900,Pedro II,PI,Nordeste,Polo Aventura e Mistério,D,7.0,2,3.5,222.0,19929.0,20151.0,0.0,8878.4,118103.226,"Administração, defesa, educação e saúde públicas e seguridade social",38742
2402501,Carnaubais,RN,Nordeste,Polo Costa Branca,D,0.0,0,,0.0,6127.0,6127.0,0.0,16235.56,36974.206,"Administração, defesa, educação e saúde públicas e seguridade social",10759
2500304,Alagoa Grande,PB,Nordeste,Brejo,D,3.0,1,3.0,77.0,1215.0,1292.0,0.0,9699.38,80809.268,"Administração, defesa, educação e saúde públicas e seguridade social",28496
2516904,Uiraúna,PB,Nordeste,Vale dos Dinossauros,D,0.0,0,,0.0,6997.0,6997.0,0.0,11427.53,72131.143,"Administração, defesa, educação e saúde públicas e seguridade social",15242
2603009,Cabrobó,PE,Nordeste,ÁGUAS E VINHOS DO VALE DO SÃO FRANCISCO,D,18.0,4,4.5,139.0,3499.0,3638.0,0.0,12063.7,169541.181,"Administração, defesa, educação e saúde públicas e seguridade social",34221
2614600,Tabira,PE,Nordeste,TERRITÓRIO DA POESIA E DA CANTORIA,D,7.0,2,3.5,0.0,2733.0,2733.0,0.0,9818.65,107478.398,"Administração, defesa, educação e saúde públicas e seguridade social",28534
2928901,São Desidério,BA,Nordeste,Caminhos do Oeste,D,26.0,2,13.0,0.0,0.0,0.0,0.0,76949.79,533607.687,"Agricultura, inclusive apoio à agricultura e a pós colheita",33742
2929206,São Francisco do Conde,BA,Nordeste,Baía de Todos os Santos,D,3.0,1,3.0,76.0,22377.0,22453.0,0.0,210629.4,2201319.816,Indústrias de transformação,39802
3109204,Buenópolis,MG,Sudeste,Serra do Cabral,D,9.0,2,4.5,243.0,0.0,243.0,0.0,12248.8,51619.502,"Administração, defesa, educação e saúde públicas e seguridade social",10365
3115102,Cássia,MG,Sudeste,Nascentes das Gerais e Canastra,D,3.0,2,1.5,258.0,10109.0,10367.0,0.0,19018.52,167541.954,Demais serviços,17740
3117702,Conceição do Rio Verde,MG,Sudeste,Águas,D,2.0,1,2.0,233.0,1688.0,1921.0,0.0,15957.67,91419.195,Demais serviços,13638
3122207,Divinolândia de Minas,MG,Sudeste,Trilhas do Rio Doce,D,0.0,0,,223.0,4335.0,4558.0,0.0,9121.61,22854.934,"Administração, defesa, educação e saúde públicas e seguridade social",7571
3123601,Elói Mendes,MG,Sudeste,Lago de Furnas,D,10.0,3,3.33,91.0,0.0,91.0,0.0,18715.17,211677.868,Demais serviços,28076
3134905,Jacutinga,MG,Sudeste,Malhas do Sul de Minas,D,31.0,5,6.2,628.0,0.0,628.0,0.0,31219.28,343783.998,Demais serviços,25979
3200300,Alfredo Chaves,ES,Sudeste,Costa e da Imigração,D,4.0,2,2.0,0.0,10907.0,10907.0,0.0,24625.87,129161.171,Demais serviços,14601
3201159,Brejetuba,ES,Sudeste,Montanhas Capixabas,D,3.0,2,1.5,0.0,0.0,0.0,0.0,14818.75,51897.903,"Administração, defesa, educação e saúde públicas e seguridade social",12404
3201407,Castelo,ES,Sudeste,Montanhas Capixabas,D,30.0,5,6.0,278.0,12031.0,12309.0,0.0,23799.44,371022.45,Demais serviços,37534
3301207,Carmo,RJ,Sudeste,CAMINHOS DA SERRA,D,5.0,3,1.67,0.0,27911.0,27911.0,0.0,24928.31,141634.954,"Administração, defesa, educação e saúde públicas e seguridade social",18895
3302858,Mesquita,RJ,Sudeste,BAIXADA VERDE,D,2.0,1,2.0,0.0,5782.0,5782.0,0.0,13166.48,956976.568,"Administração, defesa, educação e saúde públicas e seguridade social",176103
3501004,Altinópolis,SP,Sudeste,Alta Mogiana,D,17.0,6,2.83,140.0,4510.0,4650.0,0.0,33073.73,257277.949,Demais serviços,16184
4123303,Santa Cruz de Monte Castelo,PR,Sul,Corredores das Águas,D,5.0,1,5.0,0.0,0.0,0.0,0.0,35262.52,90941.635,"Agricultura, inclusive apoio à agricultura e a pós colheita",7800
4127957,Tupãssi,PR,Sul,Riquezas do Oeste,D,0.0,0,,0.0,0.0,0.0,0.0,40264.65,134996.285,Demais serviços,8124
4206603,Guarujá do Sul,SC,Sul,Caminhos da Fronteira,D,3.0,1,3.0,626.0,8756.0,9382.0,0.0,32310.17,52850.279,Indústrias de transformação,5160
5203104,Baliza,GO,Centro-Oeste,Região Turística Vale do Araguaia,D,1.0,1,1.0,0.0,9134.0,9134.0,0.0,15156.79,11355.159,"Administração, defesa, educação e saúde públicas e seguridade social",5138
2404408,Grossos,RN,Nordeste,Polo Costa Branca,D,0.0,0,,0.0,0.0,0.0,0.0,15926.58,44451.038,"Administração, defesa, educação e saúde públicas e seguridade social",10383
2409308,Patu,RN,Nordeste,Polo Serrano,D,0.0,0,,0.0,15852.0,15852.0,0.0,10975.1,54375.253,"Administração, defesa, educação e saúde públicas e seguridade social",12755
2410207,Portalegre,RN,Nordeste,Polo Serrano,D,10.0,1,10.0,0.0,3499.0,3499.0,0.0,8181.55,14038.224,"Administração, defesa, educação e saúde públicas e seguridade social",7867
2612901,São Benedito do Sul,PE,Nordeste,ÁGUAS DA MATA SUL,D,9.0,1,9.0,0.0,1844.0,1844.0,0.0,6490.85,18783.296,"Administração, defesa, educação e saúde públicas e seguridade social",15895
2615003,Taquaritinga do Norte,PE,Nordeste,MODA E ECOTURISMO,D,3.0,2,1.5,0.0,903.0,903.0,0.0,10372.42,92764.938,"Administração, defesa, educação e saúde públicas e seguridade social",28775
3120839,Cuparaque,MG,Sudeste,Trilhas do Rio Doce,D,0.0,0,,182.0,0.0,182.0,0.0,11426.24,21395.231,"Administração, defesa, educação e saúde públicas e seguridade social",4982
3122470,Dom Bosco,MG,Sudeste,Noroeste das Gerais e Alto Paranaíba,D,0.0,0,,0.0,6699.0,6699.0,0.0,13548.92,15255.256,"Administração, defesa, educação e saúde públicas e seguridade social",3677
3124203,Espera Feliz,MG,Sudeste,Pico da Bandeira,D,15.0,4,3.75,400.0,29043.0,29443.0,0.0,17062.0,232483.913,Demais serviços,24951
3126208,Formoso,MG,Sudeste,Urucuia Grande Sertão,D,0.0,0,,0.0,0.0,0.0,0.0,19292.5,49654.933,"Agricultura, inclusive apoio à agricultura e a pós colheita",9562
3130606,Inconfidentes,MG,Sudeste,Malhas do Sul de Minas,D,2.0,1,2.0,0.0,0.0,0.0,0.0,12967.7,35611.82,"Administração, defesa, educação e saúde públicas e seguridade social",7328
3305604,Silva Jardim,RJ,Sudeste,CAMINHOS DA MATA,D,1.0,2,0.5,245.0,0.0,245.0,0.0,22724.23,136115.253,"Administração, defesa, educação e saúde públicas e seguridade social",21774
4112751,Jesuítas,PR,Sul,Riquezas do Oeste,D,3.0,1,3.0,258.0,29942.0,30200.0,0.0,37960.52,105553.224,Demais serviços,8412
4127205,Terra Boa,PR,Sul,"Ecoaventuras, Histórias e Sabores",D,1.0,1,1.0,120.0,9881.0,10001.0,0.0,27304.94,160772.819,Demais serviços,17094
4301107,Arroio dos Ratos,RS,Sul,Carbonífera,D,1.0,1,1.0,0.0,1125.0,1125.0,0.0,18980.09,118411.627,Demais serviços,14151
4302006,Barros Cassal,RS,Sul,Alto da Serra do Botucaraí,D,1.0,1,1.0,77.0,0.0,77.0,0.0,18121.7,52641.48,"Agricultura, inclusive apoio à agricultura e a pós colheita",11199
1718840,Sandolândia,TO,Norte,Ilha do Bananal,D,1.0,1,1.0,0.0,0.0,0.0,0.0,23243.14,14343.2,"Pecuária, inclusive apoio à pecuária",3375
2305803,Ipu,CE,Nordeste,Chapada da Ibiapaba,D,1.0,3,0.33,54.0,6411.0,6465.0,0.0,10630.67,175466.967,"Administração, defesa, educação e saúde públicas e seguridade social",41964
2306702,Jaguaretama,CE,Nordeste,Vale do Jaguaribe,D,0.0,0,,0.0,2657.0,2657.0,0.0,9383.55,51797.351,"Administração, defesa, educação e saúde públicas e seguridade social",18162
2923902,Pau Brasil,BA,Nordeste,Costa do Cacau,D,0.0,0,,0.0,3756.0,3756.0,0.0,8938.41,20660.413,"Administração, defesa, educação e saúde públicas e seguridade social",9831
3145307,Novo Cruzeiro,MG,Sudeste,Pedras Preciosas,D,1.0,1,1.0,0.0,30286.0,30286.0,0.0,8823.03,106724.157,"Administração, defesa, educação e saúde públicas e seguridade social",31331
3171600,Virgem da Lapa,MG,Sudeste,Vale do Jequitinhonha,D,1.0,2,0.5,0.0,11366.0,11366.0,0.0,8668.19,43146.721,"Administração, defesa, educação e saúde públicas e seguridade social",13752
4207684,Ipuaçu,SC,Sul,Grande Oeste,D,3.0,1,3.0,0.0,0.0,0.0,0.0,33683.34,54999.825,Indústrias de transformação,7514
4302709,Butiá,RS,Sul,Carbonífera,D,19.0,3,6.33,1462.0,0.0,1462.0,0.0,22615.77,170498.921,Demais serviços,20941
4321808,Três de Maio,RS,Sul,Rota do Rio Uruguai,D,20.0,3,6.67,376.0,14032.0,14408.0,0.0,46448.67,600084.474,Demais serviços,23906
2303956,Chorozinho,CE,Nordeste,LITORAL LESTE,E,0.0,0,,0.0,0.0,0.0,0.0,14198.96,103578.41,"Administração, defesa, educação e saúde públicas e seguridade social",20264
2512507,Queimadas,PB,Nordeste,Agreste ,D,0.0,0,,0.0,14505.0,14505.0,0.0,11580.32,144763.161,"Administração, defesa, educação e saúde públicas e seguridade social",43967
2614204,Sirinhaém,PE,Nordeste,"HISTÓRICA, DOS ARRECIFES E MANGUEZAIS",D,2.0,1,2.0,252.0,5816.0,6068.0,0.0,11367.75,145214.752,"Administração, defesa, educação e saúde públicas e seguridade social",45865
3113701,Carlos Chagas,MG,Sudeste,Pedras Preciosas,D,16.0,5,3.2,0.0,2681.0,2681.0,0.0,19340.96,136051.695,Demais serviços,18837
3140506,Martinho Campos,MG,Sudeste,Lago de Três Marias,D,9.0,2,4.5,182.0,8671.0,8853.0,0.0,25913.95,136512.248,Demais serviços,13388
3142106,Miradouro,MG,Sudeste,Serra do Brigadeiro,D,5.0,1,5.0,0.0,8661.0,8661.0,0.0,13219.84,60623.07,"Administração, defesa, educação e saúde públicas e seguridade social",10754
3305406,Sapucaia,RJ,Sudeste,CAMINHOS COLONIAIS,D,20.0,5,4.0,207.0,0.0,207.0,0.0,41360.86,317014.472,Demais serviços,18228
3553302,Tambaú,SP,Sudeste,Região Turística Histórias e Vales,D,1.0,1,1.0,120.0,17011.0,17131.0,0.0,24622.1,268773.751,Demais serviços,23207
4128559,Vera Cruz do Oeste,PR,Sul,Riquezas do Oeste,D,2.0,1,2.0,0.0,0.0,0.0,0.0,27934.28,82431.477,"Agricultura, inclusive apoio à agricultura e a pós colheita",8521
4301008,Arroio do Meio,RS,Sul,Vale do Taquari,D,3.0,1,3.0,165.0,34317.0,34482.0,0.0,60183.67,401061.175,Indústrias de transformação,20805
4305405,Chiapetta,RS,Sul,Rota do Yucumã,D,0.0,0,,0.0,14888.0,14888.0,0.0,54257.77,46790.807,"Agricultura, inclusive apoio à agricultura e a pós colheita",3756
4305587,Colinas,RS,Sul,Vale do Taquari,D,0.0,0,,0.0,6776.0,6776.0,0.0,26910.45,14258.382,"Pecuária, inclusive apoio à pecuária",2438
4305959,Cotiporã,RS,Sul,Uva e Vinho,D,0.0,0,,0.0,0.0,0.0,0.0,40852.06,35567.16,"Eletricidade e gás, água, esgoto, atividades de gestão de resíduos e descontaminação",3853
4311700,Machadinho,RS,Sul,Rota das Araucárias,D,6.0,2,3.0,0.0,0.0,0.0,0.0,33590.76,70372.732,Demais serviços,5445
4312476,Morro Reuter,RS,Sul,Vale Germânico,D,2.0,1,2.0,92.0,0.0,92.0,0.0,32825.74,59434.397,Indústrias de transformação,6407
4313359,Nova Roma do Sul,RS,Sul,Uva e Vinho,D,2.0,2,1.0,0.0,1125.0,1125.0,0.0,48718.97,32985.048,"Eletricidade e gás, água, esgoto, atividades de gestão de resíduos e descontaminação",3689
4314423,Picada Café,RS,Sul,Hortênsias,D,4.0,2,2.0,0.0,3026.0,3026.0,0.0,56938.63,74372.099,Indústrias de transformação,5742
4318424,São João da Urtiga,RS,Sul,Rota das Araucárias,D,0.0,0,,0.0,10609.0,10609.0,0.0,28932.19,46610.688,"Administração, defesa, educação e saúde públicas e seguridade social",4657
4322103,Tucunduva,RS,Sul,Rota do Rio Uruguai,D,0.0,0,,747.0,0.0,747.0,0.0,39570.96,103965.567,Demais serviços,5678
5220009,São João dAliança,GO,Centro-Oeste,Região Turística da Chapada dos Veadeiros,D,17.0,3,5.67,215.0,4567.0,4782.0,0.0,28849.37,93721.109,"Agricultura, inclusive apoio à agricultura e a pós colheita",13740
1718659,Rio da Conceição,TO,Norte,Serras Gerais,D,0.0,0,,0.0,0.0,0.0,0.0,10876.26,3490.128,"Administração, defesa, educação e saúde públicas e seguridade social",2130
2105104,Icatu,MA,Nordeste,Polo Munin,D,0.0,0,,0.0,7432.0,7432.0,0.0,5987.66,36124.198,"Administração, defesa, educação e saúde públicas e seguridade social",27113
2111078,São João do Soter,MA,Nordeste,Polo Cocais,D,0.0,0,,0.0,10601.0,10601.0,0.0,5890.52,21942.54,"Administração, defesa, educação e saúde públicas e seguridade social",18543
2707305,Porto Calvo,AL,Nordeste,Costa dos Corais,D,11.0,2,5.5,0.0,0.0,0.0,0.0,12963.63,101843.988,"Administração, defesa, educação e saúde públicas e seguridade social",27165
2709400,Viçosa,AL,Nordeste,Quilombos,D,7.0,2,3.5,0.0,36106.0,36106.0,0.0,16342.68,106502.062,"Agricultura, inclusive apoio à agricultura e a pós colheita",25733
2901304,Andaraí,BA,Nordeste,Chapada Diamantina,D,19.0,3,6.33,1691.0,4326.0,6017.0,0.0,8416.2,36225.652,"Administração, defesa, educação e saúde públicas e seguridade social",13143
2909901,Curaçá,BA,Nordeste,Vale do São Francisco,D,1.0,1,1.0,265.0,10601.0,10866.0,0.0,9125.15,88208.894,"Administração, defesa, educação e saúde públicas e seguridade social",34700
2915007,Itaeté,BA,Nordeste,Chapada Diamantina,D,1.0,1,1.0,0.0,14505.0,14505.0,0.0,6447.73,26417.658,"Administração, defesa, educação e saúde públicas e seguridade social",16056
3100609,Água Boa,MG,Sudeste,Pedras Preciosas,D,2.0,1,2.0,0.0,2624.0,2624.0,0.0,10674.01,45055.31,"Administração, defesa, educação e saúde públicas e seguridade social",13735
3107505,Bom Jardim de Minas,MG,Sudeste,Serras de Ibitipoca,D,9.0,3,3.0,120.0,0.0,120.0,0.0,17656.73,41808.699,Demais serviços,6474
3114907,Casa Grande,MG,Sudeste,Villas e Fazendas de Minas,D,41.0,3,13.67,0.0,0.0,0.0,0.0,21231.85,11431.106,"Agricultura, inclusive apoio à agricultura e a pós colheita",2257
3116605,Cláudio,MG,Sudeste,Campo das Vertentes,D,8.0,3,2.67,0.0,6033.0,6033.0,0.0,27338.9,327665.48,Demais serviços,28617
3117900,Congonhal,MG,Sudeste,Serras Verdes do Sul de Minas,D,3.0,2,1.5,0.0,0.0,0.0,0.0,17287.47,83248.217,Demais serviços,11950
3119708,Coronel Xavier Chaves,MG,Sudeste,Trilha dos Inconfidentes,D,2.0,1,2.0,0.0,0.0,0.0,0.0,14522.35,13617.428,"Administração, defesa, educação e saúde públicas e seguridade social",3434
3123007,Dores de Campos,MG,Sudeste,Trilha dos Inconfidentes,D,2.0,1,2.0,0.0,7494.0,7494.0,0.0,30064.38,105733.144,Indústrias de transformação,10153
3124708,Estrela do Indaiá,MG,Sudeste,Lago de Três Marias,D,0.0,0,,116.0,2624.0,2740.0,0.0,28727.6,25508.747,"Agricultura, inclusive apoio à agricultura e a pós colheita",3500
3125408,Felício dos Santos,MG,Sudeste,Diamantes,D,0.0,0,,0.0,2624.0,2624.0,0.0,9911.7,16317.408,"Administração, defesa, educação e saúde públicas e seguridade social",4753
3203304,Mantenópolis,ES,Sudeste,Doce Pontões Capixaba,D,8.0,1,8.0,413.0,10472.0,10885.0,0.0,9789.94,42744.336,"Administração, defesa, educação e saúde públicas e seguridade social",15350
3203346,Marechal Floriano,ES,Sudeste,Montanhas Capixabas,D,14.0,4,3.5,0.0,4988.0,4988.0,0.0,23913.14,146823.796,Demais serviços,16694
3203403,Mimoso do Sul,ES,Sudeste,Vales e do Café,D,9.0,2,4.5,130.0,14987.0,15117.0,0.0,17219.76,188609.926,Demais serviços,26153
3203502,Montanha,ES,Sudeste,Doce Terra Morena,D,17.0,3,5.67,121.0,10562.0,10683.0,0.0,18125.28,136385.846,Demais serviços,18833
3549607,São José do Barreiro,SP,Sudeste,VALE HISTÓRICO,D,8.0,4,2.0,116.0,0.0,116.0,0.0,12215.82,18742.387,"Administração, defesa, educação e saúde públicas e seguridade social",4147
4210407,Maracajá,SC,Sul,Caminho dos Canyons,D,0.0,0,,0.0,0.0,0.0,0.0,27404.39,96700.519,Demais serviços,7293
4303905,Campo Bom,RS,Sul,Vale Germânico,D,12.0,2,6.0,579.0,38135.0,38714.0,0.0,48004.71,1005288.451,Indústrias de transformação,66712
4306403,Dois Irmãos,RS,Sul,Vale Germânico,D,8.0,2,4.0,370.0,14888.0,15258.0,0.0,63947.67,769946.926,Indústrias de transformação,32671
4306809,Encantado,RS,Sul,Vale do Taquari,D,6.0,4,1.5,89.0,10472.0,10561.0,0.0,41910.47,437637.308,Demais serviços,22706
4308102,Feliz,RS,Sul,Vale da Felicidade,D,3.0,1,3.0,221.0,14888.0,15109.0,0.0,34291.01,237521.625,Demais serviços,13547
4310108,Igrejinha,RS,Sul,Vale do Paranhana,D,21.0,2,10.5,159.0,0.0,159.0,0.0,52771.02,589263.481,Indústrias de transformação,36899
4312203,Maximiliano de Almeida,RS,Sul,Rota das Araucárias,D,0.0,0,,75.0,0.0,75.0,0.0,25208.26,35216.515,Demais serviços,4377
4312500,Mostardas,RS,Sul,Litoral Norte Gaúcho,D,5.0,5,1.0,535.0,16472.0,17007.0,0.0,31826.49,122877.396,"Agricultura, inclusive apoio à agricultura e a pós colheita",12804
4312609,Muçum,RS,Sul,Vale do Taquari,D,0.0,0,,0.0,648.0,648.0,0.0,53058.9,79927.688,Indústrias de transformação,4954
5203807,Britânia,GO,Centro-Oeste,Região Turística Vale do Araguaia,D,13.0,4,3.25,61.0,20070.0,20131.0,0.0,21765.93,39977.999,Demais serviços,5779
5214838,Nova Crixás,GO,Centro-Oeste,Região Turística Vale do Araguaia,D,9.0,4,2.25,0.0,10442.0,10442.0,0.0,29531.73,118599.473,"Pecuária, inclusive apoio à pecuária",12869
2102374,Cachoeira Grande,MA,Nordeste,Polo Munin,D,0.0,0,,0.0,4567.0,4567.0,0.0,5939.45,10682.128,"Administração, defesa, educação e saúde públicas e seguridade social",9431
2402709,Cerro Corá,RN,Nordeste,Polo Seridó,D,4.0,1,4.0,0.0,18306.0,18306.0,0.0,13019.01,41160.618,"Administração, defesa, educação e saúde públicas e seguridade social",11179
2807105,Simão Dias,SE,Nordeste,Polo Sertão das Águas,D,6.0,2,3.0,0.0,4255.0,4255.0,0.0,15786.83,199407.671,"Administração, defesa, educação e saúde públicas e seguridade social",40484
3106309,Belo Oriente,MG,Sudeste,Mata Atlântica de Minas,D,2.0,1,2.0,140.0,0.0,140.0,0.0,65595.25,297684.558,Indústrias de transformação,26700
3108503,Botumirim,MG,Sudeste,Lago de Irapé,D,0.0,0,,0.0,7914.0,7914.0,0.0,9338.81,13707.542,"Administração, defesa, educação e saúde públicas e seguridade social",6319
3120409,Cristiano Otoni,MG,Sudeste,Villas e Fazendas de Minas,D,3.0,2,1.5,0.0,0.0,0.0,0.0,23797.23,60658.093,Demais serviços,5150
3122009,Divino,MG,Sudeste,Serra do Brigadeiro,D,12.0,2,6.0,0.0,0.0,0.0,0.0,12173.62,114712.544,Demais serviços,19931
3131109,Inimutaba,MG,Sudeste,Guimarães Rosa,D,0.0,0,,0.0,4335.0,4335.0,0.0,9994.15,23088.493,"Administração, defesa, educação e saúde públicas e seguridade social",7515
3132206,Itaguara,MG,Sudeste,Veredas do Paraopeba,D,10.0,3,3.33,120.0,24996.0,25116.0,0.0,23207.5,150152.605,Demais serviços,13358
3132305,Itaipé,MG,Sudeste,Pedras Preciosas,D,0.0,0,,182.0,0.0,182.0,0.0,7605.76,30537.711,"Administração, defesa, educação e saúde públicas e seguridade social",12760
3134509,Itutinga,MG,Sudeste,Trilha dos Inconfidentes,D,1.0,1,1.0,0.0,0.0,0.0,0.0,34551.31,29053.601,"Eletricidade e gás, água, esgoto, atividades de gestão de resíduos e descontaminação",3788
3135704,Jequitibá,MG,Sudeste,Grutas,D,2.0,2,1.0,0.0,7914.0,7914.0,0.0,18053.23,24278.114,"Administração, defesa, educação e saúde públicas e seguridade social",5211
3139805,Mar de Espanha,MG,Sudeste,Caminhos Verdes de Minas,D,3.0,1,3.0,170.0,10278.0,10448.0,0.0,15859.18,79228.012,Demais serviços,12814
3139904,Maria da Fé,MG,Sudeste,Caminhos da Mantiqueira,D,9.0,3,3.0,0.0,0.0,0.0,0.0,13040.48,84280.123,Demais serviços,14095
3142304,Moeda,MG,Sudeste,Veredas do Paraopeba,D,22.0,4,5.5,102.0,2624.0,2726.0,0.0,13328.69,29846.853,Demais serviços,4919
3148608,Peçanha,MG,Sudeste,Trilhas do Rio Doce,D,10.0,2,5.0,0.0,2624.0,2624.0,0.0,12024.77,68465.62,"Administração, defesa, educação e saúde públicas e seguridade social",17541
3150307,Piedade do Rio Grande,MG,Sudeste,Trilha dos Inconfidentes,D,0.0,0,,0.0,35463.0,35463.0,0.0,17515.66,24132.199,"Administração, defesa, educação e saúde públicas e seguridade social",4497
3152006,Pompéu,MG,Sudeste,Guimarães Rosa,D,34.0,4,8.5,0.0,2624.0,2624.0,0.0,26374.26,342895.537,Demais serviços,31812
3500105,Adamantina,SP,Sudeste,Águas do Oeste,D,28.0,5,5.6,368.0,29822.0,30190.0,0.0,32400.51,693468.141,Demais serviços,35068
3500204,Adolfo,SP,Sudeste,"Águas, Sabores e Saberes",D,1.0,1,1.0,0.0,0.0,0.0,0.0,31265.58,38368.18,Demais serviços,3562
3502754,Araçariguama,SP,Sudeste,Roteiro dos Bandeirantes,D,9.0,2,4.5,0.0,0.0,0.0,0.0,153904.22,1840227.916,Demais serviços,22364
3526407,Laranjal Paulista,SP,Sudeste,Raízes do Interior Paulista,D,16.0,2,8.0,361.0,32518.0,32879.0,0.0,40312.93,433517.825,Demais serviços,28516
3544608,Sabino,SP,Sudeste,Coração do Tietê,D,1.0,1,1.0,0.0,0.0,0.0,0.0,18989.53,42849.726,Demais serviços,5590
4100806,Alvorada do Sul,PR,Sul,Norte do Paraná,D,2.0,1,2.0,0.0,19762.0,19762.0,0.0,21856.82,105588.409,Demais serviços,11406
4101200,Antonina,PR,Sul,Litoral do Paraná,D,27.0,4,6.75,791.0,23350.0,24141.0,0.0,29795.88,211781.309,"Eletricidade e gás, água, esgoto, atividades de gestão de resíduos e descontaminação",18980
4109807,Ibiporã,PR,Sul,Norte do Paraná,D,2.0,2,1.0,0.0,0.0,0.0,0.0,50745.95,1518493.753,Comércio e reparação de veículos automotores e motocicletas,54558
4124509,Santo Inácio,PR,Sul,Corredores das Águas,D,7.0,2,3.5,0.0,0.0,0.0,0.0,62233.49,108529.366,Indústrias de transformação,5438
4301404,Arvorezinha,RS,Sul,Vale do Taquari,D,4.0,1,4.0,0.0,14888.0,14888.0,0.0,24700.81,108630.954,Demais serviços,10424
4302451,Boqueirão do Leão,RS,Sul,Vale do Taquari,D,0.0,0,,0.0,24956.0,24956.0,0.0,17725.53,27126.674,"Agricultura, inclusive apoio à agricultura e a pós colheita",7714
4306957,Entre Rios do Sul,RS,Sul,Termas e Lagos,D,0.0,0,,0.0,8236.0,8236.0,0.0,79713.19,23992.88,"Eletricidade e gás, água, esgoto, atividades de gestão de resíduos e descontaminação",2792
4308904,Getúlio Vargas,RS,Sul,Termas e Lagos,D,7.0,2,3.5,77.0,591.0,668.0,0.0,39340.86,315388.571,Demais serviços,16212
4310306,Ilópolis,RS,Sul,Vale do Taquari,D,0.0,0,,0.0,0.0,0.0,0.0,27463.45,37610.002,Demais serviços,4078
4312385,Monte Belo do Sul,RS,Sul,Uva e Vinho,D,1.0,1,1.0,0.0,0.0,0.0,0.0,29148.95,14738.014,"Agricultura, inclusive apoio à agricultura e a pós colheita",2548
4315404,Redentora,RS,Sul,Rota do Yucumã,D,0.0,0,,0.0,8236.0,8236.0,0.0,15394.73,48390.792,"Administração, defesa, educação e saúde públicas e seguridade social",11549
4316501,Salvador do Sul,RS,Sul,Vale da Felicidade,D,0.0,1,0.0,79.0,0.0,79.0,0.0,36210.21,117191.041,Demais serviços,7799
4320404,Serafina Corrêa,RS,Sul,Uva e Vinho,D,15.0,2,7.5,0.0,0.0,0.0,0.0,38252.26,298172.113,Demais serviços,17502
4321402,Tenente Portela,RS,Sul,Rota do Yucumã,D,16.0,3,5.33,0.0,23124.0,23124.0,0.0,35804.4,264888.025,Demais serviços,13485
4322806,Veranópolis,RS,Sul,Uva e Vinho,D,25.0,2,12.5,1462.0,31343.0,32805.0,0.0,59023.52,574216.023,Demais serviços,26241
5002001,Batayporã,MS,Sul,Vale das Águas,D,8.0,2,4.0,115.0,0.0,115.0,0.0,34274.24,78785.061,"Agricultura, inclusive apoio à agricultura e a pós colheita",11329
1720903,Taguatinga,TO,Norte,Serras Gerais,D,7.0,3,2.33,0.0,18804.0,18804.0,0.0,14186.27,69450.357,"Administração, defesa, educação e saúde públicas e seguridade social",16683
2503100,Cabaceiras,PB,Nordeste,Cariri,D,1.0,1,1.0,0.0,4136.0,4136.0,0.0,10434.79,10409.627,"Administração, defesa, educação e saúde públicas e seguridade social",5611
2508208,Lagoa de Dentro,PB,Nordeste,Brejo,D,0.0,0,,0.0,4808.0,4808.0,0.0,9643.66,18856.383,"Administração, defesa, educação e saúde públicas e seguridade social",7719
2512705,Remígio,PB,Nordeste,Brejo,D,1.0,1,1.0,0.0,3499.0,3499.0,0.0,8884.28,52142.526,"Administração, defesa, educação e saúde públicas e seguridade social",19621
2515906,Serraria,PB,Nordeste,Brejo,D,0.0,0,,0.0,5929.0,5929.0,0.0,9458.24,8738.424,"Administração, defesa, educação e saúde públicas e seguridade social",6099
2803609,Laranjeiras,SE,Nordeste,Polo Costa dos Coqueirais,D,17.0,2,8.5,0.0,0.0,0.0,0.0,27147.97,219136.737,Indústrias de transformação,29826
2807600,Umbaúba,SE,Nordeste,Polo Sertão das Águas,D,8.0,2,4.0,0.0,36683.0,36683.0,0.0,13940.65,143269.862,"Administração, defesa, educação e saúde públicas e seguridade social",25294
3100500,Açucena,MG,Sudeste,Mata Atlântica de Minas,D,6.0,1,6.0,0.0,31978.0,31978.0,0.0,9880.87,21101.072,"Administração, defesa, educação e saúde públicas e seguridade social",9470
3148301,Paula Cândido,MG,Sudeste,Montanhas e Fé,D,1.0,1,1.0,0.0,0.0,0.0,0.0,10506.31,33350.836,"Administração, defesa, educação e saúde públicas e seguridade social",9571
3149606,Pequi,MG,Sudeste,Verde - Trilha dos Bandeirantes,D,2.0,1,2.0,0.0,0.0,0.0,0.0,14636.94,20830.09,"Administração, defesa, educação e saúde públicas e seguridade social",4406
3161205,São Francisco de Paula,MG,Sudeste,Campo das Vertentes,D,73.0,1,73.0,0.0,2624.0,2624.0,0.0,13988.93,38793.967,Demais serviços,6527
3161700,São Gonçalo do Abaeté,MG,Sudeste,Lago de Três Marias,D,18.0,6,3.0,0.0,0.0,0.0,0.0,27586.67,100072.536,Demais serviços,8389
3503505,Areias,SP,Sudeste,VALE HISTÓRICO,D,1.0,1,1.0,112.0,0.0,112.0,0.0,11917.32,18174.062,"Administração, defesa, educação e saúde públicas e seguridade social",3886
3530003,Mira Estrela,SP,Sudeste,MARAVILHAS  DO RIO GRANDE,D,0.0,0,,0.0,22372.0,22372.0,0.0,21848.8,23117.984,Demais serviços,3086
4108106,Flórida,PR,Sul,Corredores das Águas,D,0.0,0,,149.0,0.0,149.0,0.0,21858.57,19989.157,"Administração, defesa, educação e saúde públicas e seguridade social",2689
4112801,Joaquim Távora,PR,Sul,Norte Pioneiro,D,6.0,2,3.0,120.0,2473.0,2593.0,0.0,48743.87,228532.718,Indústrias de transformação,11908
4121901,Ribeirão do Pinhal,PR,Sul,Norte Pioneiro,D,3.0,2,1.5,0.0,12519.0,12519.0,0.0,18100.32,97301.995,Demais serviços,13029
4207809,Irani,SC,Sul,Vale dos Imigrantes,D,6.0,2,3.0,0.0,33982.0,33982.0,0.0,23252.95,104127.79,Demais serviços,10419
4212254,Passo de Torres,SC,Sul,Caminho dos Canyons,D,0.0,0,,2126.0,0.0,2126.0,0.0,20035.2,85367.324,Demais serviços,8823
4214003,Presidente Getúlio,SC,Sul,Caminhos do Alto Vale,D,10.0,2,5.0,182.0,0.0,182.0,0.0,41297.81,242476.978,Indústrias de transformação,17471
4215059,Rio Rufino,SC,Sul,Serra Catarinense,D,0.0,0,,0.0,8042.0,8042.0,0.0,23875.98,12307.536,"Agricultura, inclusive apoio à agricultura e a pós colheita",2483
4216800,São José do Cerrito,SC,Sul,Serra Catarinense,D,0.0,0,,0.0,3943.0,3943.0,0.0,31619.23,45187.073,"Eletricidade e gás, água, esgoto, atividades de gestão de resíduos e descontaminação",8295
4306601,Dom Pedrito,RS,Sul,Pampa Gaúcho,D,30.0,5,6.0,1042.0,2525.0,3567.0,0.0,34983.97,536972.455,Demais serviços,38461
4312807,Nova Araçá,RS,Sul,Uva e Vinho,D,3.0,2,1.5,0.0,0.0,0.0,0.0,51277.1,68639.674,Indústrias de transformação,4759
4312906,Nova Bassano,RS,Sul,Uva e Vinho,D,4.0,2,2.0,128.0,0.0,128.0,0.0,60329.08,135189.946,Indústrias de transformação,9916
4313300,Nova Prata,RS,Sul,Uva e Vinho,D,39.0,3,13.0,1098.0,2236.0,3334.0,0.0,47844.43,556797.61,Demais serviços,27257
4314506,Pinheiro Machado,RS,Sul,Pampa Gaúcho,D,0.0,1,0.0,0.0,0.0,0.0,0.0,24912.28,101782.889,Demais serviços,12271
4322707,Vera Cruz,RS,Sul,Vale do Rio Pardo,D,4.0,1,4.0,75.0,0.0,75.0,0.0,26080.29,285157.499,Demais serviços,26863
3115474,Catuti,MG,Sudeste,Serra Geral do Norte de Minas,E,0.0,0,,0.0,0.0,0.0,0.0,8902.82,11786.749,"Administração, defesa, educação e saúde públicas e seguridade social",4986
2405702,Jardim do Seridó,RN,Nordeste,Polo Seridó,D,0.0,0,,0.0,5385.0,5385.0,0.0,14380.09,59388.816,"Administração, defesa, educação e saúde públicas e seguridade social",12396
2409803,Pedro Velho,RN,Nordeste,Polo Agreste/Trairi,D,0.0,0,,0.0,303.0,303.0,0.0,9718.42,31031.949,"Administração, defesa, educação e saúde públicas e seguridade social",14806
2708006,Santana do Ipanema,AL,Nordeste,Região da Caatinga,D,27.0,3,9.0,0.0,3499.0,3499.0,0.0,11834.31,296420.246,Demais serviços,47654
3137007,Ladainha,MG,Sudeste,Pedras Preciosas,D,1.0,1,1.0,0.0,7494.0,7494.0,0.0,6791.25,31215.066,"Administração, defesa, educação e saúde públicas e seguridade social",18111
3137403,Lagoa Dourada,MG,Sudeste,Trilha dos Inconfidentes,D,4.0,2,2.0,0.0,0.0,0.0,0.0,20856.56,110562.697,Demais serviços,13009
3150109,Piau,MG,Sudeste,Caminhos Verdes de Minas,D,0.0,0,,0.0,7914.0,7914.0,0.0,24938.13,12287.676,"Eletricidade e gás, água, esgoto, atividades de gestão de resíduos e descontaminação",2748
3162948,São José da Barra,MG,Sudeste,Nascentes das Gerais e Canastra,D,8.0,2,4.0,0.0,7914.0,7914.0,0.0,106626.01,55004.082,"Eletricidade e gás, água, esgoto, atividades de gestão de resíduos e descontaminação",7426
3162955,São José da Lapa,MG,Sudeste,Grutas,D,2.0,1,2.0,61.0,0.0,61.0,0.0,21782.85,172850.843,Demais serviços,23766
3202702,Itaguaçu,ES,Sudeste,Imigrantes,D,6.0,1,6.0,143.0,496.0,639.0,0.0,18432.53,91196.683,Demais serviços,14066
3532009,Morungaba,SP,Sudeste,Circuito das Frutas,D,11.0,2,5.5,0.0,0.0,0.0,0.0,37230.26,157381.15,Indústrias de transformação,13622
3538600,Piracaia,SP,Sudeste,entre serras e aguas,D,0.0,2,0.0,498.0,19885.0,20383.0,0.0,19797.36,264825.244,Demais serviços,27303
3556404,Vargem Grande do Sul,SP,Sudeste,"Entre Rios, Serras  e Cafés.",D,19.0,4,4.75,363.0,0.0,363.0,0.0,23134.13,580490.523,Demais serviços,42845
4102000,Assis Chateaubriand,PR,Sul,Riquezas do Oeste,D,14.0,4,3.5,0.0,32428.0,32428.0,0.0,35143.55,571094.585,Demais serviços,33362
4102307,Balsa Nova,PR,Sul,Rotas do Pinhão,D,14.0,4,3.5,0.0,0.0,0.0,0.0,58036.14,209765.252,Indústrias de transformação,12941
4102604,Barracão,PR,Sul,Vales do Iguaçu,D,18.0,2,9.0,258.0,10143.0,10401.0,0.0,25651.92,136903.139,Demais serviços,10275
4102901,Bituruna,PR,Sul,Terra dos Pinheirais,D,9.0,4,2.25,0.0,0.0,0.0,0.0,22011.72,99317.827,Demais serviços,16389
4105300,Céu Azul,PR,Sul,Cataratas do Iguaçu e Caminhos ao Lago de Itaipu,D,6.0,2,3.0,258.0,0.0,258.0,0.0,51482.64,199033.36,Demais serviços,11765
4107603,Faxinal,PR,Sul,Vale do Ivaí,D,8.0,2,4.0,121.0,0.0,121.0,0.0,26156.73,201225.641,Demais serviços,17251
4109906,Icaraíma,PR,Sul,Corredores das Águas,D,1.0,1,1.0,188.0,19890.0,20078.0,0.0,28180.4,82954.372,Demais serviços,7904
4110003,Iguaraçu,PR,Sul,Corredores das Águas,D,23.0,1,23.0,0.0,0.0,0.0,0.0,36979.96,62044.859,Demais serviços,4404
4115309,Mariópolis,PR,Sul,Vales do Iguaçu,D,0.0,0,,0.0,11214.0,11214.0,0.0,44042.53,87610.744,Demais serviços,6610
4117107,Nova Londrina,PR,Sul,Corredores das Águas,D,21.0,2,10.5,198.0,6127.0,6325.0,0.0,26130.55,165254.147,Demais serviços,13213
4122008,Rio Azul,PR,Sul,Terra dos Pinheirais,D,7.0,2,3.5,64.0,0.0,64.0,0.0,41222.54,135515.56,"Agricultura, inclusive apoio à agricultura e a pós colheita",15236
4122305,Rio Negro,PR,Sul,Rotas do Pinhão,D,19.0,3,6.33,0.0,15578.0,15578.0,0.0,36276.33,443528.046,Demais serviços,34170
4321667,Três Cachoeiras,RS,Sul,Litoral Norte Gaúcho,D,0.0,0,,731.0,0.0,731.0,0.0,24496.05,136930.192,Demais serviços,11053
4323101,Vicente Dutra,RS,Sul,Rota Águas e Pedras,D,1.0,1,1.0,0.0,17011.0,17011.0,0.0,21695.46,21326.755,"Agricultura, inclusive apoio à agricultura e a pós colheita",4670
5221809,Urutaí,GO,Centro-Oeste,Região Turística da Estrada de Ferro,D,0.0,0,,0.0,2591.0,2591.0,0.0,31215.73,16566.622,"Pecuária, inclusive apoio à pecuária",3072
1715101,Novo Acordo,TO,Norte,Encantos do Jalapao,E,0.0,0,,0.0,0.0,0.0,0.0,14203.52,13390.212,"Administração, defesa, educação e saúde públicas e seguridade social",4342
2101004,Arari,MA,Nordeste,Polo Lagos e Campos Floridos,D,2.0,1,2.0,0.0,8554.0,8554.0,0.0,8464.56,81289.937,"Administração, defesa, educação e saúde públicas e seguridade social",29848
2108306,Penalva,MA,Nordeste,Polo Lagos e Campos Floridos,D,0.0,0,,0.0,1834.0,1834.0,0.0,5650.61,53357.013,"Administração, defesa, educação e saúde públicas e seguridade social",38470
2505709,Dona Inês,PB,Nordeste,Brejo,D,0.0,0,,0.0,4477.0,4477.0,0.0,7863.75,17562.266,"Administração, defesa, educação e saúde públicas e seguridade social",10453
2902807,Barra da Estiva,BA,Nordeste,Chapada Diamantina,D,15.0,2,7.5,207.0,0.0,207.0,0.0,12770.72,118765.706,Demais serviços,20598
3141405,Medina,MG,Sudeste,Vale do Jequitinhonha,D,4.0,1,4.0,0.0,27227.0,27227.0,0.0,10768.15,94693.708,"Administração, defesa, educação e saúde públicas e seguridade social",20820
3142601,Monsenhor Paulo,MG,Sudeste,Lago de Furnas,D,5.0,1,5.0,0.0,0.0,0.0,0.0,19915.66,62096.915,Demais serviços,8688
3143500,Morada Nova de Minas,MG,Sudeste,Lago de Três Marias,D,0.0,0,,91.0,4335.0,4426.0,0.0,38310.74,75828.182,"Agricultura, inclusive apoio à agricultura e a pós colheita",8863
3144706,Nova Era,MG,Sudeste,Ouro,D,35.0,4,8.75,39.0,7914.0,7953.0,0.0,20874.52,173794.869,Demais serviços,17578
3151602,Planura,MG,Sudeste,Alta Mogiana,D,16.0,4,4.0,232.0,0.0,232.0,0.0,41826.54,87453.625,"Eletricidade e gás, água, esgoto, atividades de gestão de resíduos e descontaminação",12133
3152170,Ponto dos Volantes,MG,Sudeste,Vale do Jequitinhonha,D,1.0,1,1.0,0.0,6699.0,6699.0,0.0,7998.49,29856.643,"Administração, defesa, educação e saúde públicas e seguridade social",12121
3303203,Nilópolis,RJ,Sudeste,BAIXADA VERDE,D,58.0,4,14.5,130.0,22296.0,22426.0,0.0,17875.04,1498823.902,Demais serviços,162485
3303955,Pinheiral,RJ,Sudeste,VALE DO CAFÉ,D,8.0,1,8.0,0.0,7494.0,7494.0,0.0,28471.64,233764.376,Demais serviços,25156
3517703,Guará,SP,Sudeste,Lagos do Rio Grande,D,11.0,2,5.5,0.0,4903.0,4903.0,0.0,23051.77,229011.495,Demais serviços,21220
3519402,Ibirá,SP,Sudeste,"Águas, Sabores e Saberes",D,25.0,3,8.33,0.0,9720.0,9720.0,0.0,19765.24,106684.478,Demais serviços,12393
3529906,Miracatu,SP,Sudeste,Caminhos da Mata Atlântica,D,0.0,0,,0.0,0.0,0.0,0.0,20952.66,228601.286,Demais serviços,19779
3537206,Pedro de Toledo,SP,Sudeste,Lagamar,D,5.0,1,5.0,0.0,0.0,0.0,0.0,13474.72,61889.296,Demais serviços,11331
4101002,Ampére,PR,Sul,Vales do Iguaçu,D,10.0,4,2.5,724.0,14813.0,15537.0,0.0,31119.18,216293.798,Demais serviços,19152
4101903,Assaí,PR,Sul,Norte do Paraná,D,1.0,1,1.0,182.0,305.0,487.0,0.0,29088.35,182648.217,Demais serviços,15119
4107538,Entre Rios do Oeste,PR,Sul,Cataratas do Iguaçu e Caminhos ao Lago de Itaipu,D,0.0,0,,547.0,0.0,547.0,0.0,52472.96,95134.529,Demais serviços,4539
4115853,Mercedes,PR,Sul,Cataratas do Iguaçu e Caminhos ao Lago de Itaipu,D,2.0,1,2.0,0.0,0.0,0.0,0.0,35575.21,76087.307,Demais serviços,5536
4119400,Piraí do Sul,PR,Sul,Campos Gerais,D,3.0,2,1.5,0.0,0.0,0.0,0.0,31884.3,210171.045,Demais serviços,25463
4124053,Santa Terezinha de Itaipu,PR,Sul,Cataratas do Iguaçu e Caminhos ao Lago de Itaipu,D,26.0,2,13.0,4472.0,7130.0,11602.0,0.0,24855.93,284096.338,Demais serviços,23465
4126355,Serranópolis do Iguaçu,PR,Sul,Cataratas do Iguaçu e Caminhos ao Lago de Itaipu,D,0.0,0,,349.0,0.0,349.0,0.0,46480.15,63886.698,"Pecuária, inclusive apoio à pecuária",4495
4127858,Três Barras do Paraná,PR,Sul,Riquezas do Oeste,D,2.0,1,2.0,258.0,0.0,258.0,0.0,27064.98,89254.044,Demais serviços,12040
5203559,Bonfinópolis,GO,Centro-Oeste,Região Turística da Estrada de Ferro,D,0.0,0,,0.0,3064.0,3064.0,0.0,10551.56,37251.164,"Administração, defesa, educação e saúde públicas e seguridade social",9706
5204300,Caçu,GO,Centro-Oeste,Região Turística Lagos do Paranaíba,D,10.0,4,2.5,0.0,11600.0,11600.0,0.0,52610.02,174470.937,"Eletricidade e gás, água, esgoto, atividades de gestão de resíduos e descontaminação",16009
5204409,Caiapônia,GO,Centro-Oeste,Região Turística Pegadas no Cerrado,D,7.0,3,2.33,0.0,13701.0,13701.0,0.0,26180.11,145910.692,"Agricultura, inclusive apoio à agricultura e a pós colheita",18913
5205307,Cavalcante,GO,Centro-Oeste,Região Turística da Chapada dos Veadeiros,D,26.0,6,4.33,0.0,9021.0,9021.0,0.0,29616.4,39555.602,"Eletricidade e gás, água, esgoto, atividades de gestão de resíduos e descontaminação",9709
5213004,Maurilândia,GO,Centro-Oeste,Região Turística Pegadas no Cerrado,D,10.0,2,5.0,0.0,0.0,0.0,0.0,15102.86,60702.967,"Agricultura, inclusive apoio à agricultura e a pós colheita",14080
5221080,Teresina de Goiás,GO,Centro-Oeste,Região Turística da Chapada dos Veadeiros,D,6.0,2,3.0,334.0,0.0,334.0,0.0,10091.24,10261.343,"Administração, defesa, educação e saúde públicas e seguridade social",3458
3516606,Gália,SP,Sudeste,Alto Cafezal.,E,0.0,0,,0.0,0.0,0.0,0.0,23004.53,74822.134,Demais serviços,6548
2403806,Florânia,RN,Nordeste,Polo Seridó,D,0.0,0,,0.0,26807.0,26807.0,0.0,9596.9,22856.608,"Administração, defesa, educação e saúde públicas e seguridade social",9116
2412302,São José do Campestre,RN,Nordeste,Polo Agreste/Trairi,D,0.0,0,,0.0,0.0,0.0,0.0,7866.25,21176.662,"Administração, defesa, educação e saúde públicas e seguridade social",12856
2414001,Tangará,RN,Nordeste,Polo Agreste/Trairi,D,0.0,0,,0.0,0.0,0.0,0.0,9910.47,44998.031,"Administração, defesa, educação e saúde públicas e seguridade social",15727
2516508,Taperoá,PB,Nordeste,Cariri,D,2.0,1,2.0,132.0,18906.0,19038.0,0.0,7755.25,27596.34,"Administração, defesa, educação e saúde públicas e seguridade social",15376
2602803,Buíque,PE,Nordeste,FÉ E ARTE,D,1.0,1,1.0,108.0,20821.0,20929.0,0.0,7560.24,109508.455,"Administração, defesa, educação e saúde públicas e seguridade social",58378
2805406,Poço Redondo,SE,Nordeste,Polo Velho Chico,D,7.0,1,7.0,0.0,0.0,0.0,0.0,9109.81,67480.585,"Administração, defesa, educação e saúde públicas e seguridade social",34775
3100906,Águas Formosas,MG,Sudeste,Vale do Jequitinhonha,D,7.0,2,3.5,91.0,2624.0,2715.0,0.0,13459.92,120436.497,Demais serviços,19207
3108602,Brasília de Minas,MG,Sudeste,Sertão Gerais,D,5.0,4,1.25,735.0,0.0,735.0,0.0,10746.87,148375.633,"Administração, defesa, educação e saúde públicas e seguridade social",32347
3118809,Coração de Jesus,MG,Sudeste,Lago de Irapé,D,0.0,0,,0.0,0.0,0.0,0.0,8495.93,74954.981,"Administração, defesa, educação e saúde públicas e seguridade social",26602
3133907,Itaverava,MG,Sudeste,Villas e Fazendas de Minas,D,1.0,1,1.0,0.0,0.0,0.0,0.0,10668.94,19082.793,"Administração, defesa, educação e saúde públicas e seguridade social",5419
3159308,Santa Rita de Jacutinga,MG,Sudeste,Serras de Ibitipoca,D,4.0,1,4.0,0.0,15091.0,15091.0,0.0,12821.99,25226.01,"Administração, defesa, educação e saúde públicas e seguridade social",4884
3164001,São Pedro dos Ferros,MG,Sudeste,Montanhas e Fé,D,1.0,1,1.0,0.0,0.0,0.0,0.0,14631.97,39482.538,"Administração, defesa, educação e saúde públicas e seguridade social",7781
3164431,São Sebastião da Vargem Alegre,MG,Sudeste,Serras e Cachoeiras,D,0.0,0,,0.0,0.0,0.0,0.0,17481.37,14383.303,"Administração, defesa, educação e saúde públicas e seguridade social",3007
3501707,Américo Brasiliense,SP,Sudeste,Centro Paulista,D,0.0,0,,246.0,0.0,246.0,0.0,20947.93,393125.558,Demais serviços,40504
4110953,Itaipulândia,PR,Sul,Cataratas do Iguaçu e Caminhos ao Lago de Itaipu,D,8.0,4,2.0,2669.0,17011.0,19680.0,0.0,33176.2,125574.415,Demais serviços,11176
4115606,Matelândia,PR,Sul,Cataratas do Iguaçu e Caminhos ao Lago de Itaipu,D,0.0,0,,1920.0,21010.0,22930.0,0.0,47094.28,268282.927,Indústrias de transformação,17943
5101308,Arenápolis,MT,Centro-Oeste,Associação de Turismo da Região Circuito das Águas - Aturcira,D,6.0,3,2.0,0.0,284.0,284.0,0.0,18448.65,76219.538,Demais serviços,9607
5205521,Colinas do Sul,GO,Centro-Oeste,Região Turística da Chapada dos Veadeiros,D,0.0,0,,0.0,3289.0,3289.0,0.0,14495.41,15257.48,"Administração, defesa, educação e saúde públicas e seguridade social",3382
2309201,Nova Olinda,CE,Nordeste,Cariri,E,0.0,0,,0.0,0.0,0.0,0.0,9353.48,54346.15,"Administração, defesa, educação e saúde públicas e seguridade social",15565
2413706,Sítio Novo,RN,Nordeste,Polo Agreste/Trairi,E,0.0,0,,0.0,0.0,0.0,0.0,8308.37,8462.419,"Administração, defesa, educação e saúde públicas e seguridade social",5522
3505807,Bastos,SP,Sudeste,Circuito das Nações,D,17.0,4,4.25,155.0,0.0,155.0,0.0,51230.47,286817.347,"Pecuária, inclusive apoio à pecuária",20953
3511003,Castilho,SP,Sudeste,Pantanal Paulista,D,10.0,2,5.0,381.0,18727.0,19108.0,0.0,33284.2,294987.247,Demais serviços,21006
3520004,Igaraçu do Tietê,SP,Sudeste,Caminhos do Tietê,D,37.0,4,9.25,0.0,0.0,0.0,0.0,13242.69,186966.283,Demais serviços,24674
3523008,Itapura,SP,Sudeste,Pantanal Paulista,D,0.0,0,,234.0,0.0,234.0,0.0,19449.94,28994.667,"Agricultura, inclusive apoio à agricultura e a pós colheita",4906
3542206,Rancharia,SP,Sudeste,Sol do Oeste,D,24.0,3,8.0,120.0,25587.0,25707.0,0.0,31394.55,420024.883,Demais serviços,29707
3546108,Santa Clara d'Oeste,SP,Sudeste,Entre Rios,D,0.0,0,,0.0,7716.0,7716.0,0.0,35845.78,30659.878,Demais serviços,2115
3553500,Tapiraí,SP,Sudeste,Altos de Paranapiacaba,D,3.0,3,1.0,0.0,0.0,0.0,0.0,18965.41,47951.382,"Agricultura, inclusive apoio à agricultura e a pós colheita",7807
3556107,Valentim Gentil,SP,Sudeste,MARAVILHAS  DO RIO GRANDE,D,7.0,1,7.0,0.0,25587.0,25587.0,0.0,24873.67,127999.348,Demais serviços,13326
4209201,Lacerdópolis,SC,Sul,Vale dos Imigrantes,D,2.0,1,2.0,0.0,0.0,0.0,0.0,46827.1,31350.322,"Pecuária, inclusive apoio à pecuária",2246
4211009,Mondaí,SC,Sul,VALE DAS ÁGUAS,D,2.0,1,2.0,440.0,0.0,440.0,0.0,60779.85,169473.264,Indústrias de transformação,11742
4213708,Pouso Redondo,SC,Sul,Caminhos do Alto Vale,D,65.0,3,21.67,122.0,8042.0,8164.0,0.0,31673.51,202836.698,Demais serviços,17453
4220000,Balneário Rincão,SC,Sul,Encantos do Sul SC,D,0.0,0,,0.0,0.0,0.0,0.0,19007.78,126471.325,Demais serviços,12760
4301909,Barra do Ribeiro,RS,Sul,Costa Doce,D,0.0,0,,0.0,2236.0,2236.0,0.0,24729.66,111667.405,Demais serviços,13491
4315354,Quinze de Novembro,RS,Sul,Rota das Terras Encantadas,D,3.0,1,3.0,0.0,0.0,0.0,0.0,41394.3,46177.331,"Pecuária, inclusive apoio à pecuária",3796
4316303,Roque Gonzales,RS,Sul,Rota Missões,D,3.0,1,3.0,0.0,0.0,0.0,0.0,115314.66,57893.761,"Eletricidade e gás, água, esgoto, atividades de gestão de resíduos e descontaminação",6847
4317608,Santo Antônio da Patrulha,RS,Sul,Delta do Jacuí,D,23.0,4,5.75,145.0,23124.0,23269.0,0.0,33598.69,537929.385,Demais serviços,42894
4321469,Tio Hugo,RS,Sul,Rota das Terras Encantadas,D,0.0,0,,0.0,0.0,0.0,0.0,37236.82,47876.638,Comércio e reparação de veículos automotores e motocicletas,3030
3543600,Rifaina,SP,Sudeste,Lagos do Rio Grande,D,12.0,2,6.0,236.0,0.0,236.0,0.0,33132.39,51450.395,Demais serviços,3629
4125803,São Pedro do Ivaí,PR,Sul,Vale do Ivaí,D,0.0,0,,0.0,0.0,0.0,0.0,27889.48,110838.539,Demais serviços,10981
4201257,Apiúna,SC,Sul,Vale Europeu,D,29.0,3,9.67,0.0,17011.0,17011.0,0.0,37327.38,123688.732,Indústrias de transformação,10743
4214102,Presidente Nereu,SC,Sul,Caminhos do Alto Vale,D,0.0,0,,129.0,11214.0,11343.0,0.0,22420.09,12782.545,"Administração, defesa, educação e saúde públicas e seguridade social",2287
4311791,Maratá,RS,Sul,Vale da Felicidade,D,0.0,0,,121.0,0.0,121.0,0.0,28517.01,16225.041,"Administração, defesa, educação e saúde públicas e seguridade social",2691
1508050,Trairão,PA,Norte,Região Turística do Alto Tapajós,E,0.0,0,,0.0,0.0,0.0,0.0,15103.0,89298.425,"Administração, defesa, educação e saúde públicas e seguridade social",18989
1703008,Babaçulândia,TO,Norte,Vale dos Grandes Rios,E,0.0,0,,0.0,0.0,0.0,0.0,10525.09,14300.32,"Administração, defesa, educação e saúde públicas e seguridade social",10664
2413557,Serrinha dos Pintos,RN,Nordeste,Polo Serrano,E,0.0,0,,0.0,0.0,0.0,0.0,9146.06,10813.651,"Administração, defesa, educação e saúde públicas e seguridade social",4800
2102903,Carutapera,MA,Nordeste,Polo Amazônia Maranhense,D,3.0,2,1.5,232.0,2402.0,2634.0,0.0,7006.72,50757.501,"Administração, defesa, educação e saúde públicas e seguridade social",23807
2104909,Guimarães,MA,Nordeste,Polo Floresta dos Guarás,D,0.0,0,,130.0,4161.0,4291.0,0.0,6877.5,18164.075,"Administração, defesa, educação e saúde públicas e seguridade social",12030
2109452,Raposa,MA,Nordeste,Polo  São Luís,D,2.0,2,1.0,66.0,3551.0,3617.0,0.0,8147.46,86787.938,"Administração, defesa, educação e saúde públicas e seguridade social",30761
2511608,Pilões,PB,Nordeste,Brejo,D,0.0,0,,0.0,756.0,756.0,0.0,11296.25,15884.125,"Administração, defesa, educação e saúde públicas e seguridade social",6635
2613701,São Lourenço da Mata,PE,Nordeste,ENGENHOS E MARACATUS,D,12.0,2,6.0,414.0,14505.0,14919.0,0.0,11121.96,527295.025,"Administração, defesa, educação e saúde públicas e seguridade social",113230
3113503,Carbonita,MG,Sudeste,Diamantes,D,1.0,2,0.5,0.0,0.0,0.0,0.0,17396.17,46820.333,"Produção florestal, pesca e aquicultura",9405
3119906,Córrego do Bom Jesus,MG,Sudeste,Serras Verdes do Sul de Minas,D,1.0,1,1.0,0.0,25587.0,25587.0,0.0,10423.61,13444.78,"Administração, defesa, educação e saúde públicas e seguridade social",3704
3135407,Jeceaba,MG,Sudeste,Veredas do Paraopeba,D,1.0,1,1.0,182.0,0.0,182.0,0.0,249366.03,273127.985,Indústrias de transformação,4912
3135803,Jequitinhonha,MG,Sudeste,Vale do Jequitinhonha,D,22.0,3,7.33,0.0,8515.0,8515.0,0.0,9855.75,106924.74,"Administração, defesa, educação e saúde públicas e seguridade social",25391
3143450,Montezuma,MG,Sudeste,Lago de Irapé,D,10.0,2,5.0,0.0,0.0,0.0,0.0,8302.96,15000.504,"Administração, defesa, educação e saúde públicas e seguridade social",8249
3149309,Pedro Leopoldo,MG,Sudeste,Grutas,D,29.0,4,7.25,161.0,7767.0,7928.0,0.0,23844.33,632644.238,Demais serviços,64258
3152402,Poté,MG,Sudeste,Pedras Preciosas,D,7.0,1,7.0,0.0,0.0,0.0,0.0,8863.69,51887.087,"Administração, defesa, educação e saúde públicas e seguridade social",16555
3167806,Soledade de Minas,MG,Sudeste,Águas,D,35.0,2,17.5,0.0,7914.0,7914.0,0.0,10904.66,23407.745,"Administração, defesa, educação e saúde públicas e seguridade social",6151
3203106,Jerônimo Monteiro,ES,Sudeste,Caparaó,D,0.0,0,,122.0,0.0,122.0,0.0,11358.85,52365.245,"Administração, defesa, educação e saúde públicas e seguridade social",12192
3305752,Tanguá,RJ,Sudeste,CAMINHOS DA MATA,D,3.0,1,3.0,0.0,20761.0,20761.0,0.0,16878.1,217843.659,"Administração, defesa, educação e saúde públicas e seguridade social",34309
3528809,Maracaí,SP,Sudeste,Circuito das Nações,D,5.0,1,5.0,0.0,0.0,0.0,0.0,28270.2,194604.425,Demais serviços,14002
4118907,Pérola,PR,Sul,Corredores das Águas,D,10.0,1,10.0,0.0,9881.0,9881.0,0.0,40850.36,136913.343,Indústrias de transformação,11234
4200200,Agrolândia,SC,Sul,Caminhos do Alto Vale,D,0.0,0,,0.0,0.0,0.0,0.0,25390.33,90792.573,Demais serviços,10864
4214607,Rio do Oeste,SC,Sul,Caminhos do Alto Vale,D,0.0,0,,366.0,1125.0,1491.0,0.0,27720.65,63971.537,Demais serviços,7489
5000252,Alcinópolis,MS,Sul,Rota Cerrado Pantanal,D,2.0,2,1.0,0.0,0.0,0.0,0.0,31408.71,29506.903,"Pecuária, inclusive apoio à pecuária",5343
5003751,Eldorado,MS,Sul,Caminhos da Natureza / Cone Sul,D,10.0,5,2.0,0.0,7546.0,7546.0,0.0,28848.12,101595.604,"Administração, defesa, educação e saúde públicas e seguridade social",12353
5004809,Japorã,MS,Sul,Caminhos da Natureza / Cone Sul,D,0.0,0,,0.0,8061.0,8061.0,0.0,11822.69,14672.483,"Administração, defesa, educação e saúde públicas e seguridade social",9110
5100300,Alto Araguaia,MT,Centro-Oeste,Região Turística Domo de Araguainha,D,24.0,4,6.0,111.0,24117.0,24228.0,0.0,44668.36,246665.844,Indústrias de transformação,19044
5107859,São Félix do Araguaia,MT,Centro-Oeste,Região Turística Norte Araguaia,D,12.0,5,2.4,0.0,1503.0,1503.0,0.0,61169.77,182014.863,"Agricultura, inclusive apoio à agricultura e a pós colheita",11708
5215306,Orizona,GO,Centro-Oeste,Região Turística da Estrada de Ferro,D,5.0,1,5.0,0.0,17994.0,17994.0,0.0,35362.44,163519.692,Demais serviços,15615
2902708,Barra,BA,Nordeste,Caminhos do Oeste,D,3.0,2,1.5,137.0,8866.0,9003.0,0.0,7100.75,126218.946,"Administração, defesa, educação e saúde públicas e seguridade social",53578
3517901,Guaraci,SP,Sudeste,Águas Sertanejas,D,2.0,1,2.0,0.0,22066.0,22066.0,0.0,28872.49,101058.694,"Agricultura, inclusive apoio à agricultura e a pós colheita",11188
3533601,Nuporanga,SP,Sudeste,Lagos do Rio Grande,D,5.0,1,5.0,52.0,0.0,52.0,0.0,54664.34,152118.098,Demais serviços,7432
3536307,Patrocínio Paulista,SP,Sudeste,Lagos do Rio Grande,D,2.0,1,2.0,0.0,0.0,0.0,0.0,47893.48,236457.524,Demais serviços,14670
3548054,Santo Antônio do Aracanguá,SP,Sudeste,Tietê Vivo,D,2.0,1,2.0,0.0,4903.0,4903.0,0.0,24827.86,66835.754,Demais serviços,8420
4103800,Cambira,PR,Sul,Vale do Ivaí,D,2.0,1,2.0,0.0,0.0,0.0,0.0,26060.52,61974.316,Demais serviços,7865
4107504,Engenheiro Beltrão,PR,Sul,"Ecoaventuras, Histórias e Sabores",D,7.0,3,2.33,0.0,0.0,0.0,0.0,33270.05,221621.13,Demais serviços,14000
4115739,Mato Rico,PR,Sul,"Entre Matas, Morros e Rios",D,0.0,0,,0.0,11214.0,11214.0,0.0,21953.43,12638.574,"Administração, defesa, educação e saúde públicas e seguridade social",3272
4117800,Palmital,PR,Sul,"Entre Matas, Morros e Rios",D,2.0,2,1.0,258.0,0.0,258.0,0.0,19234.27,96702.082,Demais serviços,13172
4122503,Roncador,PR,Sul,"Entre Matas, Morros e Rios",D,2.0,1,2.0,0.0,16041.0,16041.0,0.0,39279.1,140648.538,"Agricultura, inclusive apoio à agricultura e a pós colheita",9849
4200101,Abelardo Luz,SC,Sul,Grande Oeste,D,14.0,4,3.5,0.0,10515.0,10515.0,0.0,36959.79,226176.644,"Agricultura, inclusive apoio à agricultura e a pós colheita",17904
4201901,Aurora,SC,Sul,Caminhos do Alto Vale,D,8.0,1,8.0,0.0,0.0,0.0,0.0,31156.51,56076.674,Demais serviços,5679
4215000,Rio Negrinho,SC,Sul,Caminho dos Príncipes,D,24.0,6,4.0,743.0,3410.0,4153.0,0.0,29132.27,475087.769,Demais serviços,42302
4216305,São João Batista,SC,Sul,Vale Europeu,D,12.0,2,6.0,0.0,0.0,0.0,0.0,24639.67,338065.757,Demais serviços,37424
4216909,São Lourenço do Oeste,SC,Sul,Grande Oeste,D,25.0,3,8.33,140.0,24783.0,24923.0,0.0,46216.41,467361.832,Demais serviços,24076
4219200,Vidal Ramos,SC,Sul,Caminhos do Alto Vale,D,6.0,2,3.0,0.0,0.0,0.0,0.0,45148.67,83584.112,Demais serviços,6338
4301206,Arroio do Tigre,RS,Sul,Centro-Serra,D,1.0,1,1.0,0.0,0.0,0.0,0.0,24757.02,116237.005,"Agricultura, inclusive apoio à agricultura e a pós colheita",13373
4302352,Bom Princípio,RS,Sul,Vale da Felicidade,D,1.0,1,1.0,170.0,24956.0,25126.0,0.0,50752.5,277428.058,Demais serviços,14055
4303806,Campinas do Sul,RS,Sul,Termas e Lagos,D,0.0,0,,231.0,8236.0,8467.0,0.0,42920.76,94843.954,Demais serviços,5454
4308706,Gaurama,RS,Sul,Termas e Lagos,D,0.0,0,,0.0,0.0,0.0,0.0,42608.84,75824.227,Demais serviços,5534
5004403,Inocência,MS,Sul,Integra Costa Leste - Vale do Aporé,D,9.0,3,3.0,0.0,9612.0,9612.0,0.0,62115.65,68733.398,"Produção florestal, pesca e aquicultura",7610
5004601,Itaquiraí,MS,Sul,Caminhos da Natureza / Cone Sul,D,24.0,3,8.0,108.0,0.0,108.0,0.0,32462.59,165097.939,"Administração, defesa, educação e saúde públicas e seguridade social",21142
5102694,Canabrava do Norte,MT,Centro-Oeste,Região Turística Norte Araguaia,D,0.0,1,0.0,0.0,0.0,0.0,0.0,27152.13,19269.739,"Agricultura, inclusive apoio à agricultura e a pós colheita",4743
5105507,Vila Bela da Santíssima Trindade,MT,Centro-Oeste,Região Turística  Pantanal Mato-Grossense,D,0.0,0,,111.0,1548.0,1659.0,0.0,21081.65,75052.936,"Administração, defesa, educação e saúde públicas e seguridade social",16128
5108204,Torixoréu,MT,Centro-Oeste,Região Turística Domo de Araguainha,D,0.0,0,,80.0,2591.0,2671.0,0.0,30773.45,34997.965,Demais serviços,3609
2105203,Igarapé Grande,MA,Nordeste,Polo Cocais,D,0.0,0,,258.0,5598.0,5856.0,0.0,8254.54,30724.155,"Administração, defesa, educação e saúde públicas e seguridade social",11320
2302057,Barroquinha,CE,Nordeste,Litoral Extremo Oeste,D,0.0,0,,121.0,16903.0,17024.0,0.0,7352.07,29676.167,"Administração, defesa, educação e saúde públicas e seguridade social",15017
2309706,Pacatuba,CE,Nordeste,Serras de Aratanha e Baturité,D,2.0,2,1.0,136.0,12693.0,12829.0,0.0,12280.69,360744.356,Demais serviços,83432
2310852,Pindoretama,CE,Nordeste,LITORAL LESTE,D,0.0,0,,81.0,19885.0,19966.0,0.0,11968.67,97066.477,"Administração, defesa, educação e saúde públicas e seguridade social",20567
2410702,Riacho da Cruz,RN,Nordeste,Polo Serrano,D,0.0,0,,0.0,5457.0,5457.0,0.0,9643.76,7481.003,"Administração, defesa, educação e saúde públicas e seguridade social",3579
2501906,Belém,PB,Nordeste,Brejo,D,0.0,0,,0.0,6609.0,6609.0,0.0,10752.78,58042.189,"Administração, defesa, educação e saúde públicas e seguridade social",17676
2602100,Bom Conselho,PE,Nordeste,FÉ E ARTE,D,7.0,2,3.5,0.0,4293.0,4293.0,0.0,11448.94,161223.756,"Administração, defesa, educação e saúde públicas e seguridade social",48554
3101508,Além Paraíba,MG,Sudeste,Serras e Cachoeiras,D,17.0,4,4.25,319.0,17687.0,18006.0,0.0,23324.44,391948.808,Demais serviços,35362
3300506,Bom Jardim,RJ,Sudeste,CAMINHOS DA SERRA,D,25.0,4,6.25,0.0,0.0,0.0,0.0,25406.04,235868.973,"Administração, defesa, educação e saúde públicas e seguridade social",27446
3301504,Cordeiro,RJ,Sudeste,CAMINHOS DA SERRA,D,6.0,2,3.0,140.0,15802.0,15942.0,0.0,18159.7,157042.43,"Administração, defesa, educação e saúde públicas e seguridade social",21926
3303005,Miracema,RJ,Sudeste,ÁGUAS DO NOROESTE,D,6.0,1,6.0,221.0,28622.0,28843.0,0.0,20973.65,230994.761,"Administração, defesa, educação e saúde públicas e seguridade social",27174
3500303,Aguaí,SP,Sudeste,"Entre Rios, Serras  e Cafés.",D,12.0,4,3.0,0.0,13569.0,13569.0,0.0,28249.47,380005.194,Demais serviços,36305
4100509,Altônia,PR,Sul,Corredores das Águas,D,7.0,2,3.5,111.0,0.0,111.0,0.0,16874.84,167270.622,Demais serviços,22056
4103305,Borrazópolis,PR,Sul,Vale do Ivaí,D,6.0,1,6.0,0.0,0.0,0.0,0.0,30031.47,88613.334,Demais serviços,6592
4109302,Guaraniaçu,PR,Sul,Lagos e Colinas,D,2.0,1,2.0,258.0,16084.0,16342.0,0.0,29598.66,143408.919,Demais serviços,12472
4127965,Turvo,PR,Sul,"Entre Matas, Morros e Rios",D,0.0,1,0.0,0.0,9881.0,9881.0,0.0,32652.63,100645.357,Indústrias de transformação,13215
4208104,Itaiópolis,SC,Sul,Caminhos do Contestado,D,8.0,1,8.0,0.0,21729.0,21729.0,0.0,35669.31,215402.223,"Agricultura, inclusive apoio à agricultura e a pós colheita",21669
4216255,São João do Oeste,SC,Sul,VALE DAS ÁGUAS,D,2.0,1,2.0,880.0,8236.0,9116.0,0.0,42910.29,85803.466,"Pecuária, inclusive apoio à pecuária",6381
4217105,São Martinho,SC,Sul,Encantos do Sul SC,D,4.0,2,2.0,410.0,0.0,410.0,0.0,25522.0,29500.495,Demais serviços,3180
4316006,Rolante,RS,Sul,Vale do Paranhana,D,1.0,1,1.0,0.0,2236.0,2236.0,0.0,30611.38,251455.981,Indústrias de transformação,21349
4319158,São Miguel das Missões,RS,Sul,Rota Missões,D,32.0,2,16.0,898.0,1125.0,2023.0,0.0,67916.79,156714.202,"Agricultura, inclusive apoio à agricultura e a pós colheita",7673
5107180,Ribeirão Cascalheira,MT,Centro-Oeste,Região Turística Portal do Araguaia,D,8.0,4,2.0,116.0,2591.0,2707.0,0.0,34828.72,99968.702,"Agricultura, inclusive apoio à agricultura e a pós colheita",10206
5219803,São Domingos,GO,Centro-Oeste,Região Turística das Águas e Cavernas do Cerrado,D,0.0,0,,0.0,10442.0,10442.0,0.0,13441.48,38141.436,"Administração, defesa, educação e saúde públicas e seguridade social",12949
5220603,Silvânia,GO,Centro-Oeste,Região Turística da Estrada de Ferro,D,7.0,3,2.33,0.0,12425.0,12425.0,0.0,36465.75,265499.653,"Agricultura, inclusive apoio à agricultura e a pós colheita",20695
2707503,Porto Real do Colégio,AL,Nordeste,Caminhos do São Francisco,D,0.0,0,,0.0,3499.0,3499.0,0.0,10088.72,46360.511,"Administração, defesa, educação e saúde públicas e seguridade social",20066
2800704,Brejo Grande,SE,Nordeste,Polo Costa dos Coqueirais,D,2.0,1,2.0,0.0,0.0,0.0,0.0,10750.46,18418.978,"Administração, defesa, educação e saúde públicas e seguridade social",8309
3554953,Tuiuti,SP,Sudeste,entre serras e aguas,D,4.0,1,4.0,0.0,0.0,0.0,0.0,20674.24,74517.965,Demais serviços,6894
4112702,Jataizinho,PR,Sul,Norte do Paraná,D,6.0,1,6.0,453.0,35468.0,35921.0,0.0,17956.9,94551.83,Demais serviços,12588
4120903,Quedas do Iguaçu,PR,Sul,Lagos e Colinas,D,16.0,4,4.0,930.0,17923.0,18853.0,0.0,38015.77,267802.426,"Eletricidade e gás, água, esgoto, atividades de gestão de resíduos e descontaminação",34103
4122156,Rio Bonito do Iguaçu,PR,Sul,Lagos e Colinas,D,0.0,0,,0.0,14888.0,14888.0,0.0,23282.77,85416.34,"Agricultura, inclusive apoio à agricultura e a pós colheita",13269
4201703,Ascurra,SC,Sul,Vale Europeu,D,1.0,1,1.0,0.0,0.0,0.0,0.0,26534.35,91276.957,Demais serviços,7934
4201950,Balneário Arroio do Silva,SC,Sul,Caminho dos Canyons,D,9.0,2,4.5,126.0,16278.0,16404.0,0.0,13746.43,84219.098,Demais serviços,13071
4208500,Ituporanga,SC,Sul,Caminhos do Alto Vale,D,2.0,3,0.67,507.0,1125.0,1632.0,0.0,38557.64,403079.014,Demais serviços,25086
4300851,Arambaré,RS,Sul,Costa Doce,D,4.0,4,1.0,0.0,16472.0,16472.0,0.0,38429.83,35176.217,"Agricultura, inclusive apoio à agricultura e a pós colheita",3581
4304671,Capivari do Sul,RS,Sul,Litoral Norte Gaúcho,D,0.0,0,,0.0,0.0,0.0,0.0,45504.38,83689.011,Demais serviços,4660
4305009,Catuípe,RS,Sul,Rota do Yucumã,D,0.0,0,,170.0,0.0,170.0,0.0,43594.08,153223.14,"Agricultura, inclusive apoio à agricultura e a pós colheita",8774
4305306,Chapada,RS,Sul,Cultura e Tradição,D,1.0,1,1.0,0.0,0.0,0.0,0.0,49903.9,159301.264,"Agricultura, inclusive apoio à agricultura e a pós colheita",9269
4305871,Coronel Barros,RS,Sul,Rota do Yucumã,D,0.0,0,,84.0,0.0,84.0,0.0,49742.89,39624.101,"Agricultura, inclusive apoio à agricultura e a pós colheita",2519
4306932,Entre-Ijuís,RS,Sul,Rota Missões,D,10.0,1,10.0,0.0,0.0,0.0,0.0,49641.16,196563.57,"Agricultura, inclusive apoio à agricultura e a pós colheita",8475
4310462,Ipiranga do Sul,RS,Sul,Termas e Lagos,D,0.0,0,,0.0,8042.0,8042.0,0.0,56555.73,26492.036,"Agricultura, inclusive apoio à agricultura e a pós colheita",1889
4311643,Linha Nova,RS,Sul,Vale da Felicidade,D,0.0,0,,0.0,0.0,0.0,0.0,32043.58,8232.14,"Agricultura, inclusive apoio à agricultura e a pós colheita",1714
4311759,Manoel Viana,RS,Sul,Fronteira,D,10.0,2,5.0,0.0,0.0,0.0,0.0,36739.57,66521.228,"Agricultura, inclusive apoio à agricultura e a pós colheita",7299
4312757,Nova Alvorada,RS,Sul,Uva e Vinho,D,1.0,1,1.0,0.0,0.0,0.0,0.0,47318.56,66329.13,Comércio e reparação de veículos automotores e motocicletas,3625
4313953,Pantano Grande,RS,Sul,Vale do Rio Pardo,D,6.0,1,6.0,2580.0,2236.0,4816.0,0.0,42654.89,117954.472,Demais serviços,9174
4317251,Santa Tereza,RS,Sul,Uva e Vinho,D,0.0,0,,252.0,0.0,252.0,0.0,24005.63,9599.563,"Administração, defesa, educação e saúde públicas e seguridade social",1729
4320651,Silveira Martins,RS,Sul,Central,D,2.0,1,2.0,0.0,8236.0,8236.0,0.0,24759.6,16398.759,"Administração, defesa, educação e saúde públicas e seguridade social",2384
1716307,Pau DArco,TO,Norte,Vale dos Grandes Rios,E,0.0,0,,0.0,0.0,0.0,0.0,14509.94,11922.031,"Administração, defesa, educação e saúde públicas e seguridade social",4849
2513406,Santa Luzia,PB,Nordeste,Vale dos Sertões,D,14.0,2,7.0,0.0,1215.0,1215.0,0.0,14631.82,81472.022,"Administração, defesa, educação e saúde públicas e seguridade social",15382
2513901,São Bento,PB,Nordeste,Vale dos Sertões,D,8.0,4,2.0,0.0,0.0,0.0,0.0,13985.53,185833.126,"Administração, defesa, educação e saúde públicas e seguridade social",34031
2600054,Abreu e Lima,PE,Nordeste,COSTA NÁUTICA COROA DO AVIÃO,D,13.0,1,13.0,0.0,3756.0,3756.0,0.0,17756.99,692311.558,Demais serviços,99990
2613602,São José do Egito,PE,Nordeste,TERRITÓRIO DA POESIA E DA CANTORIA,D,3.0,1,3.0,315.0,14035.0,14350.0,0.0,12071.71,138450.422,"Administração, defesa, educação e saúde públicas e seguridade social",33951
2801702,Cristinápolis,SE,Nordeste,Polo Sertão das Águas,D,0.0,1,0.0,0.0,0.0,0.0,0.0,11747.71,49145.732,"Administração, defesa, educação e saúde públicas e seguridade social",17874
2918209,Jiquiriçá,BA,Nordeste,Caminhos do Jiquiriçá,D,5.0,1,5.0,35.0,20065.0,20100.0,0.0,8085.46,32779.148,"Administração, defesa, educação e saúde públicas e seguridade social",14537
2922854,Nova Redenção,BA,Nordeste,Chapada Diamantina,D,0.0,0,,0.0,1953.0,1953.0,0.0,7005.73,16032.844,"Administração, defesa, educação e saúde públicas e seguridade social",9118
2923357,Ourolândia,BA,Nordeste,Chapada Diamantina,D,0.0,0,,0.0,0.0,0.0,0.0,10741.51,55880.215,"Administração, defesa, educação e saúde públicas e seguridade social",17451
3300159,Aperibé,RJ,Sudeste,ÁGUAS DO NOROESTE,D,19.0,2,9.5,0.0,7494.0,7494.0,0.0,16603.31,72422.701,"Administração, defesa, educação e saúde públicas e seguridade social",11759
3509957,Canas,SP,Sudeste,Fé,D,0.0,0,,170.0,0.0,170.0,0.0,20955.63,54796.485,Demais serviços,5138
3536208,Pariquera-Açu,SP,Sudeste,Lagamar,D,7.0,3,2.33,207.0,2655.0,2862.0,0.0,26979.75,317705.162,Demais serviços,19648
3539806,Poá,SP,Sudeste,Nascentes do Tietê,D,3.0,1,3.0,311.0,0.0,311.0,0.0,38131.3,1506884.723,Demais serviços,117452
3544103,Rio Grande da Serra,SP,Sudeste,ABC Tur - Rota da Natureza e da Indústria,D,13.0,2,6.5,0.0,3352.0,3352.0,0.0,14179.63,384963.808,Demais serviços,50846
3554904,Três Fronteiras,SP,Sudeste,Entre Rios,D,5.0,2,2.5,0.0,0.0,0.0,0.0,18055.42,43319.102,Demais serviços,5807
4206801,Ibicaré,SC,Sul,Vale dos Imigrantes,D,3.0,1,3.0,0.0,0.0,0.0,0.0,35305.32,33068.336,"Pecuária, inclusive apoio à pecuária",3202
4216701,São José do Cedro,SC,Sul,Caminhos da Fronteira,D,10.0,1,10.0,64.0,21357.0,21421.0,0.0,30230.09,173372.881,Demais serviços,13829
4219705,Xaxim,SC,Sul,Grande Oeste,D,16.0,4,4.0,512.0,10302.0,10814.0,0.0,36174.41,370078.415,Demais serviços,28706
4311270,Lagoa dos Três Cantos,RS,Sul,Rota das Terras Encantadas,D,0.0,0,,0.0,0.0,0.0,0.0,56779.8,23437.288,"Agricultura, inclusive apoio à agricultura e a pós colheita",1609
4316709,Santa Bárbara do Sul,RS,Sul,Rota das Terras Encantadas,D,6.0,5,1.2,0.0,1125.0,1125.0,0.0,95354.13,307486.249,"Agricultura, inclusive apoio à agricultura e a pós colheita",7994
2606804,Igarassu,PE,Nordeste,COSTA NÁUTICA COROA DO AVIÃO,D,26.0,2,13.0,515.0,25667.0,26182.0,0.0,22720.23,874084.686,Demais serviços,117019
2608750,Lagoa Grande,PE,Nordeste,ÁGUAS E VINHOS DO VALE DO SÃO FRANCISCO,D,4.0,2,2.0,0.0,0.0,0.0,0.0,15343.01,97219.165,"Agricultura, inclusive apoio à agricultura e a pós colheita",25601
2900355,Adustina,BA,Nordeste,Caminhos do Sertão,D,0.0,0,,0.0,468.0,468.0,0.0,10180.39,36092.493,"Administração, defesa, educação e saúde públicas e seguridade social",17040
2910206,Dom Macedo Costa,BA,Nordeste,Caminhos do Jiquiriçá,D,12.0,1,12.0,0.0,0.0,0.0,0.0,8908.89,11468.842,"Administração, defesa, educação e saúde públicas e seguridade social",4058
2918605,Jussiape,BA,Nordeste,Chapada Diamantina,D,2.0,1,2.0,0.0,6782.0,6782.0,0.0,9547.31,16572.392,"Administração, defesa, educação e saúde públicas e seguridade social",6186
2929057,São Félix do Coribe,BA,Nordeste,Caminhos do Oeste,D,5.0,2,2.5,0.0,0.0,0.0,0.0,12645.62,63423.734,"Administração, defesa, educação e saúde públicas e seguridade social",15391
3163508,São José do Jacuri,MG,Sudeste,Trilhas do Rio Doce,D,0.0,1,0.0,61.0,0.0,61.0,0.0,12039.01,20881.669,"Administração, defesa, educação e saúde públicas e seguridade social",6453
4316733,Santa Cecília do Sul,RS,Sul,Rota das Araucárias,D,0.0,0,,224.0,0.0,224.0,0.0,50837.04,13279.827,"Agricultura, inclusive apoio à agricultura e a pós colheita",1639
4319307,São Paulo das Missões,RS,Sul,Rota Missões,D,0.0,0,,636.0,0.0,636.0,0.0,27904.62,48279.167,Demais serviços,5790
5106000,Nortelândia,MT,Centro-Oeste,Associação de Turismo da Região Circuito das Águas - Aturcira,D,4.0,1,4.0,0.0,9385.0,9385.0,0.0,24227.45,28933.343,"Agricultura, inclusive apoio à agricultura e a pós colheita",5989
3114402,Carmo do Rio Claro,MG,Sudeste,Nascentes das Gerais e Canastra,D,24.0,5,4.8,80.0,5380.0,5460.0,0.0,24056.36,212013.664,Demais serviços,21225
3120102,Couto de Magalhães de Minas,MG,Sudeste,Diamantes,D,0.0,0,,0.0,0.0,0.0,0.0,11936.91,19287.64,"Administração, defesa, educação e saúde públicas e seguridade social",4410
3123700,Engenheiro Caldas,MG,Sudeste,Trilhas do Rio Doce,D,7.0,2,3.5,0.0,0.0,0.0,0.0,11082.49,53723.582,"Administração, defesa, educação e saúde públicas e seguridade social",11134
3129608,Ibiaí,MG,Sudeste,Lago de Irapé,D,0.0,0,,0.0,0.0,0.0,0.0,8681.51,21849.297,"Administração, defesa, educação e saúde públicas e seguridade social",8395
3133204,Itanhomi,MG,Sudeste,Trilhas do Rio Doce,D,0.0,0,,312.0,0.0,312.0,0.0,10326.85,53440.505,"Administração, defesa, educação e saúde públicas e seguridade social",12228
3136603,Nova União,MG,Sudeste,Serra do Cipó,D,8.0,1,8.0,0.0,6959.0,6959.0,0.0,16707.81,40322.051,Demais serviços,5725
3138500,Liberdade,MG,Sudeste,Águas,D,0.0,0,,0.0,0.0,0.0,0.0,16304.24,31867.828,Demais serviços,5069
3142007,Mirabela,MG,Sudeste,Velho Chico,D,0.0,0,,116.0,0.0,116.0,0.0,9802.13,50219.664,"Administração, defesa, educação e saúde públicas e seguridade social",13589
3145604,Oliveira,MG,Sudeste,Vale Verde e Quedas D'Água,D,26.0,6,4.33,369.0,0.0,369.0,0.0,21637.93,463261.244,Demais serviços,41687
3146701,Palma,MG,Sudeste,Serras e Cachoeiras,D,0.0,0,,163.0,0.0,163.0,0.0,12017.96,32664.257,"Administração, defesa, educação e saúde públicas e seguridade social",6616
3162203,São João Batista do Glória,MG,Sudeste,Nascentes das Gerais e Canastra,D,3.0,3,1.0,52.0,0.0,52.0,0.0,21551.26,49297.851,"Administração, defesa, educação e saúde públicas e seguridade social",7453
4104253,Campo Magro,PR,Sul,Rotas do Pinhão,D,27.0,2,13.5,182.0,0.0,182.0,0.0,14833.09,161549.046,"Administração, defesa, educação e saúde públicas e seguridade social",29318
4104501,Capanema,PR,Sul,Vales do Iguaçu,D,6.0,1,6.0,774.0,0.0,774.0,0.0,30783.11,248902.609,Demais serviços,19124
4301636,Balneário Pinhal,RS,Sul,Litoral Norte Gaúcho,D,13.0,2,6.5,0.0,28494.0,28494.0,0.0,17131.86,119826.933,Demais serviços,14068
5203906,Buriti Alegre,GO,Centro-Oeste,Região Turística Lagos do Paranaíba,D,37.0,2,18.5,111.0,33484.0,33595.0,0.0,32880.08,105421.382,Demais serviços,9459
5221551,Turvelândia,GO,Centro-Oeste,Região Turística Pegadas no Cerrado,D,8.0,1,8.0,0.0,0.0,0.0,0.0,64847.69,64252.282,"Agricultura, inclusive apoio à agricultura e a pós colheita",5281
4118451,Pato Bragado,PR,Sul,Cataratas do Iguaçu e Caminhos ao Lago de Itaipu,D,0.0,0,,1147.0,0.0,1147.0,0.0,30416.65,52816.652,Demais serviços,5610
4119806,Planalto,PR,Sul,Vales do Iguaçu,D,9.0,2,4.5,516.0,17011.0,17527.0,0.0,23639.44,114088.88,Demais serviços,13479
4120507,Primeiro de Maio,PR,Sul,Norte do Paraná,D,3.0,2,1.5,121.0,10817.0,10938.0,0.0,26565.37,122593.075,Demais serviços,11123
4125357,São Jorge do Patrocínio,PR,Sul,Corredores das Águas,D,0.0,0,,61.0,6794.0,6855.0,0.0,22108.61,41258.82,"Administração, defesa, educação e saúde públicas e seguridade social",5641
4126652,Sulina,PR,Sul,Vales do Iguaçu,D,18.0,1,18.0,67.0,18117.0,18184.0,0.0,33431.62,23899.968,"Pecuária, inclusive apoio à pecuária",2981
4126801,Tapejara,PR,Sul,Corredores das Águas,D,6.0,3,2.0,0.0,0.0,0.0,0.0,32376.98,179327.028,Demais serviços,16205
4127007,Teixeira Soares,PR,Sul,Terra dos Pinheirais,D,2.0,1,2.0,140.0,0.0,140.0,0.0,30454.31,84246.702,"Agricultura, inclusive apoio à agricultura e a pós colheita",12367
4305702,Condor,RS,Sul,Rota do Yucumã,D,0.0,0,,0.0,0.0,0.0,0.0,55156.8,124971.946,"Agricultura, inclusive apoio à agricultura e a pós colheita",6753
4308250,Floriano Peixoto,RS,Sul,Termas e Lagos,D,0.0,0,,731.0,0.0,731.0,0.0,34795.11,12282.642,"Agricultura, inclusive apoio à agricultura e a pós colheita",1766
4310363,Imigrante,RS,Sul,Vale do Taquari,D,0.0,0,,75.0,0.0,75.0,0.0,84475.19,47122.001,Indústrias de transformação,3120
4310900,Jacutinga,RS,Sul,Termas e Lagos,D,0.0,0,,0.0,0.0,0.0,0.0,41071.86,43277.365,"Agricultura, inclusive apoio à agricultura e a pós colheita",3561
5106208,Nova Brasilândia,MT,Centro-Oeste,Associação de Turismo da Região Circuito das Águas - Aturcira,D,1.0,1,1.0,0.0,0.0,0.0,0.0,20226.14,13999.706,"Administração, defesa, educação e saúde públicas e seguridade social",3829
2402105,Campo Redondo,RN,Nordeste,Polo Agreste/Trairi,E,0.0,0,,0.0,0.0,0.0,0.0,8347.95,19043.489,"Administração, defesa, educação e saúde públicas e seguridade social",11217
3156601,Rubim,MG,Sudeste,Vale do Jequitinhonha,E,0.0,0,,0.0,0.0,0.0,0.0,8979.66,31422.224,"Administração, defesa, educação e saúde públicas e seguridade social",10241
3506607,Biritiba-Mirim,SP,Sudeste,Nascentes do Tietê,D,6.0,1,6.0,0.0,0.0,0.0,0.0,23273.12,246814.899,"Agricultura, inclusive apoio à agricultura e a pós colheita",32598
3527306,Louveira,SP,Sudeste,Circuito das Frutas,D,64.0,1,64.0,543.0,0.0,543.0,0.0,328612.49,8428126.534,Comércio e reparação de veículos automotores e motocicletas,48885
3543253,Ribeirão Grande,SP,Sudeste,Cavernas da Mata Atlântica,D,11.0,2,5.5,818.0,14569.0,15387.0,0.0,25305.68,46127.669,Indústrias de transformação,7673
3544905,Sales Oliveira,SP,Sudeste,Caminhos da Mogiana,D,5.0,2,2.5,0.0,0.0,0.0,0.0,308567.36,1133331.38,Indústrias de transformação,11890
3554607,Timburi,SP,Sudeste,Angra Doce Paulista,D,0.0,0,,0.0,0.0,0.0,0.0,18678.26,15085.812,"Administração, defesa, educação e saúde públicas e seguridade social",2658
4127403,Terra Roxa,PR,Sul,Cataratas do Iguaçu e Caminhos ao Lago de Itaipu,D,3.0,1,3.0,0.0,0.0,0.0,0.0,35701.23,262593.262,Demais serviços,17481
4300661,André da Rocha,RS,Sul,Uva e Vinho,D,0.0,0,,0.0,2236.0,2236.0,0.0,79828.86,18416.786,"Agricultura, inclusive apoio à agricultura e a pós colheita",1333
1501006,Aveiro,PA,Norte,Região Turística do Alto Tapajós,E,0.0,0,,0.0,0.0,0.0,0.0,7543.26,13283.365,"Administração, defesa, educação e saúde públicas e seguridade social",16388
2407302,Marcelino Vieira,RN,Nordeste,Polo Serrano,E,0.0,0,,0.0,0.0,0.0,0.0,8467.06,16805.826,"Administração, defesa, educação e saúde públicas e seguridade social",8347
4315909,Rodeio Bonito,RS,Sul,Rota Águas e Pedras,D,5.0,2,2.5,0.0,0.0,0.0,0.0,33263.64,69164.174,Demais serviços,5867
4319109,São Martinho,RS,Sul,Rota do Yucumã,D,0.0,0,,91.0,0.0,91.0,0.0,45876.61,96964.641,Demais serviços,5426
4319901,Sapiranga,RS,Sul,Vale Germânico,D,23.0,4,5.75,773.0,24956.0,25729.0,0.0,42829.26,1145974.958,Indústrias de transformação,81734
4320677,Sinimbu,RS,Sul,Vale do Rio Pardo,D,0.0,1,0.0,122.0,0.0,122.0,0.0,20665.35,69055.347,"Administração, defesa, educação e saúde públicas e seguridade social",10172
5003801,Fátima do Sul,MS,Sul,Grande Dourados,D,11.0,3,3.67,120.0,12565.0,12685.0,0.0,25685.44,189767.52,Demais serviços,19189
5221304,Três Ranchos,GO,Centro-Oeste,Região Turística Lagos do Paranaíba,D,0.0,1,0.0,0.0,16878.0,16878.0,0.0,19088.63,21291.992,"Administração, defesa, educação e saúde públicas e seguridade social",2833
4107702,Fênix,PR,Sul,"Ecoaventuras, Histórias e Sabores",D,8.0,1,8.0,0.0,0.0,0.0,0.0,30384.13,53655.012,"Agricultura, inclusive apoio à agricultura e a pós colheita",4762
4208807,Jaguaruna,SC,Sul,Encantos do Sul SC,D,6.0,2,3.0,1598.0,20944.0,22542.0,0.0,29042.3,273739.905,Demais serviços,20024
4209607,Lauro Muller,SC,Sul,Encantos do Sul SC,D,0.0,0,,0.0,13933.0,13933.0,0.0,25361.32,133138.215,Demais serviços,15244
4211702,Orleans,SC,Sul,Encantos do Sul SC,D,21.0,2,10.5,264.0,18061.0,18325.0,0.0,39567.11,358514.687,Demais serviços,22912
4321436,Terra de Areia,RS,Sul,Litoral Norte Gaúcho,D,0.0,0,,76.0,0.0,76.0,0.0,21649.16,129473.581,Demais serviços,11204
5006275,Paraíso das Águas,MS,Sul,Rota Cerrado Pantanal,D,2.0,1,2.0,0.0,0.0,0.0,0.0,133056.6,85863.167,"Agricultura, inclusive apoio à agricultura e a pós colheita",5555
3160454,Santo Antônio do Retiro,MG,Sudeste,Lago de Irapé,E,0.0,0,,0.0,0.0,0.0,0.0,7667.0,14701.374,"Administração, defesa, educação e saúde públicas e seguridade social",7277
3503000,Aramina,SP,Sudeste,Lagos do Rio Grande,D,5.0,1,5.0,0.0,0.0,0.0,0.0,26353.62,78858.8,Demais serviços,5620
3512407,Cordeirópolis,SP,Sudeste,TRILHOS E TRILHAS DA BAIXAMOGIANA,D,6.0,1,6.0,0.0,0.0,0.0,0.0,127035.44,1568932.822,Comércio e reparação de veículos automotores e motocicletas,24528
4201000,Anita Garibaldi,SC,Sul,Serra Catarinense,D,3.0,2,1.5,0.0,11214.0,11214.0,0.0,23969.42,53888.417,Demais serviços,7133
4201604,Arroio Trinta,SC,Sul,Vale dos Imigrantes,D,2.0,1,2.0,0.0,0.0,0.0,0.0,27448.76,33287.334,Demais serviços,3550
4204400,Coronel Freitas,SC,Sul,Grande Oeste,D,1.0,1,1.0,0.0,9881.0,9881.0,0.0,28419.72,91363.932,Demais serviços,9981
4204509,Corupá,SC,Sul,Caminho dos Príncipes,D,13.0,1,13.0,224.0,27967.0,28191.0,0.0,29250.67,159627.424,Demais serviços,15909
4208401,Itapiranga,SC,Sul,Caminhos da Fronteira,D,9.0,2,4.5,326.0,16013.0,16339.0,0.0,49370.7,270788.759,Demais serviços,16872
4209151,José Boiteux,SC,Sul,Caminhos do Alto Vale,D,0.0,0,,0.0,11862.0,11862.0,0.0,21393.7,27668.442,"Administração, defesa, educação e saúde públicas e seguridade social",4997
4210308,Major Vieira,SC,Sul,Caminhos do Contestado,D,0.0,0,,0.0,0.0,0.0,0.0,25985.61,60621.224,"Agricultura, inclusive apoio à agricultura e a pós colheita",8103
4214508,Rio do Campo,SC,Sul,Caminhos do Alto Vale,D,3.0,1,3.0,0.0,24369.0,24369.0,0.0,27017.14,53943.405,Demais serviços,5940
4215679,Santa Terezinha,SC,Sul,Caminhos do Alto Vale,D,1.0,1,1.0,0.0,14888.0,14888.0,0.0,22070.79,41102.179,"Agricultura, inclusive apoio à agricultura e a pós colheita",8787
4217402,Schroeder,SC,Sul,Caminho dos Príncipes,D,0.0,1,0.0,0.0,8042.0,8042.0,0.0,24567.23,176617.148,Indústrias de transformação,21365
4217808,Taió,SC,Sul,Caminhos do Alto Vale,D,11.0,2,5.5,117.0,35613.0,35730.0,0.0,36282.1,275854.451,Demais serviços,18395
4217907,Tangará,SC,Sul,Vale dos Imigrantes,D,0.0,0,,182.0,6848.0,7030.0,0.0,50470.93,116485.895,Indústrias de transformação,8676
4305207,Cerro Largo,RS,Sul,Rota Missões,D,11.0,2,5.5,389.0,8236.0,8625.0,0.0,54767.65,425814.963,Demais serviços,14133
4307054,Ernestina,RS,Sul,Cultura e Tradição,D,0.0,0,,0.0,8236.0,8236.0,0.0,45966.89,43624.89,"Agricultura, inclusive apoio à agricultura e a pós colheita",3168
4308300,Fontoura Xavier,RS,Sul,Alto da Serra do Botucaraí,D,26.0,2,13.0,0.0,3026.0,3026.0,0.0,21591.54,102988.492,Demais serviços,10304
4311106,Jaguari,RS,Sul,Vale do Jaguarí,D,0.0,0,,0.0,2236.0,2236.0,0.0,24440.46,109690.605,Demais serviços,10848
4311155,Jóia,RS,Sul,Rota do Yucumã,D,0.0,0,,0.0,3026.0,3026.0,0.0,58809.2,131705.314,"Agricultura, inclusive apoio à agricultura e a pós colheita",8560
4312302,Miraguaí,RS,Sul,Rota do Yucumã,D,0.0,0,,0.0,14888.0,14888.0,0.0,27171.62,37657.779,Demais serviços,4925
4313805,Palmitinho,RS,Sul,Rota Águas e Pedras,D,7.0,2,3.5,0.0,8236.0,8236.0,0.0,29815.28,72405.525,Demais serviços,7057
4315305,Quaraí,RS,Sul,Fronteira,D,28.0,3,9.33,366.0,2236.0,2602.0,0.0,21163.9,219767.86,Demais serviços,22687
4320909,Tapejara,RS,Sul,Rota das Araucárias,D,24.0,4,6.0,913.0,10496.0,11409.0,0.0,51459.43,437516.358,Indústrias de transformação,24111
4321329,Taquaruçu do Sul,RS,Sul,Rota Águas e Pedras,D,0.0,0,,0.0,14888.0,14888.0,0.0,41669.57,51254.583,Comércio e reparação de veículos automotores e motocicletas,3072
2411700,São Bento do Trairí,RN,Nordeste,Polo Agreste/Trairi,E,0.0,0,,0.0,0.0,0.0,0.0,9572.76,7668.021,"Administração, defesa, educação e saúde públicas e seguridade social",4449
2804300,Muribeca,SE,Nordeste,Polo dos Tabuleiros,E,0.0,0,,0.0,0.0,0.0,0.0,12257.63,26407.031,"Administração, defesa, educação e saúde públicas e seguridade social",7625
2803401,Japoatã,SE,Nordeste,Polo Velho Chico,D,0.0,0,,0.0,15358.0,15358.0,0.0,13228.75,41799.008,"Administração, defesa, educação e saúde públicas e seguridade social",13434
3510906,Cássia dos Coqueiros,SP,Sudeste,Alta Mogiana,D,4.0,1,4.0,0.0,0.0,0.0,0.0,70523.08,30147.023,"Agricultura, inclusive apoio à agricultura e a pós colheita",2523
3513108,Cravinhos,SP,Sudeste,Caminhos da Mogiana,D,30.0,3,10.0,188.0,6316.0,6504.0,0.0,34842.44,566483.971,Demais serviços,35292
3515152,Engenheiro Coelho,SP,Sudeste,TRILHOS E TRILHAS DA BAIXAMOGIANA,D,5.0,1,5.0,91.0,0.0,91.0,0.0,25567.45,280199.106,Demais serviços,20773
3515400,Fartura,SP,Sudeste,Angra Doce Paulista,D,20.0,2,10.0,174.0,6316.0,6490.0,0.0,23454.33,190360.394,Demais serviços,16036
3518602,Guariba,SP,Sudeste,Caminhos da Mogiana,D,17.0,2,8.5,285.0,17379.0,17664.0,0.0,21915.57,413313.571,Demais serviços,40105
3522802,Itaporanga,SP,Sudeste,Angra Doce Paulista,D,1.0,1,1.0,124.0,0.0,124.0,0.0,19625.32,169356.317,Demais serviços,15149
3523800,Itobi,SP,Sudeste,"Entre Rios, Serras  e Cafés.",D,3.0,2,1.5,0.0,41116.0,41116.0,0.0,17662.02,59435.529,Demais serviços,7841
3541604,Promissão,SP,Sudeste,Coração do Tietê,D,24.0,2,12.0,182.0,4903.0,5085.0,0.0,33103.62,537771.886,Demais serviços,40432
3547601,Santa Rosa de Viterbo,SP,Sudeste,Caminhos da Mogiana,D,5.0,1,5.0,0.0,41116.0,41116.0,0.0,25962.52,278574.708,Demais serviços,26540
3550803,São Sebastião da Grama,SP,Sudeste,"Entre Rios, Serras  e Cafés.",D,4.0,2,2.0,448.0,0.0,448.0,0.0,24086.11,144112.705,Demais serviços,12182
3552601,Tabapuã,SP,Sudeste,Águas Sertanejas,D,1.0,1,1.0,170.0,0.0,170.0,0.0,20075.44,111026.154,Demais serviços,12407
3557204,Chavantes,SP,Sudeste,Angra Doce Paulista,D,0.0,0,,0.0,2681.0,2681.0,0.0,17161.02,107870.93,Demais serviços,12418
4216107,São Domingos,SC,Sul,Grande Oeste,D,6.0,1,6.0,0.0,0.0,0.0,0.0,32876.26,108978.809,Demais serviços,9445
5008008,Terenos,MS,Sul,Caminho dos Ipês,D,1.0,1,1.0,121.0,9418.0,9539.0,0.0,26079.71,118830.571,"Administração, defesa, educação e saúde públicas e seguridade social",21806
1717503,Pium,TO,Norte,Lagos e Praias do Cantão,E,0.0,0,,0.0,0.0,0.0,0.0,25681.11,26580.85,"Agricultura, inclusive apoio à agricultura e a pós colheita",7654
1720309,São Sebastião do Tocantins,TO,Norte,Bico do Papagaio,E,0.0,0,,0.0,0.0,0.0,0.0,10478.91,7201.812,"Administração, defesa, educação e saúde públicas e seguridade social",4805
3535606,Paraibuna,SP,Sudeste,Rios do Vale,D,11.0,3,3.67,0.0,35941.0,35941.0,0.0,16255.07,125811.146,Demais serviços,18222
3536802,Pedra Bela,SP,Sudeste,entre serras e aguas,D,0.0,1,0.0,0.0,0.0,0.0,0.0,15192.31,40126.496,Demais serviços,6093
3538501,Piquete,SP,Sudeste,Fé,D,2.0,1,2.0,0.0,0.0,0.0,0.0,12125.52,84877.535,Demais serviços,13657
3540200,Pontal,SP,Sudeste,Caminhos da Mogiana,D,0.0,0,,373.0,0.0,373.0,0.0,18213.93,403280.687,Demais serviços,49961
3540507,Porangaba,SP,Sudeste,Raízes do Interior Paulista,D,0.0,0,,0.0,19140.0,19140.0,0.0,19055.11,65676.89,"Pecuária, inclusive apoio à pecuária",9925
3545605,Santa Adélia,SP,Sudeste,Caminhos do São Domingos,D,5.0,2,2.5,0.0,13569.0,13569.0,0.0,21196.49,175933.574,Demais serviços,15480
3546009,Santa Branca,SP,Sudeste,Rios do Vale,D,3.0,1,3.0,126.0,0.0,126.0,0.0,17748.67,106306.702,Demais serviços,14788
3547007,Santa Maria da Serra,SP,Sudeste,Serra do Itaqueri,D,0.0,0,,120.0,0.0,120.0,0.0,20632.38,47446.557,Demais serviços,6173
3554805,Tremembé,SP,Sudeste,MANTIQUEIRA PAULISTA,D,5.0,2,2.5,170.0,0.0,170.0,0.0,15575.15,346767.774,Demais serviços,47185
4107652,Fazenda Rio Grande,PR,Sul,Rotas do Pinhão,D,29.0,4,7.25,0.0,0.0,0.0,0.0,25024.45,979868.05,Demais serviços,100209
5103452,Denise,MT,Centro-Oeste,Associação de Turismo da Região Circuito das Águas - Aturcira,D,1.0,1,1.0,75.0,3499.0,3574.0,0.0,58998.19,59517.998,"Agricultura, inclusive apoio à agricultura e a pós colheita",9462
5203302,Bela Vista de Goiás,GO,Centro-Oeste,Região Turística dos Negócios e Tradições,D,6.0,2,3.0,116.0,3064.0,3180.0,0.0,35534.24,369007.539,Demais serviços,29975
3106606,Bertópolis,MG,Sudeste,Vale do Jequitinhonha,D,0.0,0,,60.0,0.0,60.0,0.0,8364.86,9222.768,"Administração, defesa, educação e saúde públicas e seguridade social",4604
3114303,Carmo do Paranaíba,MG,Sudeste,Caminhos do Cerrado,D,9.0,2,4.5,341.0,18428.0,18769.0,0.0,24383.93,358825.826,Demais serviços,30329
3140704,Mateus Leme,MG,Sudeste,Veredas do Paraopeba,D,38.0,4,9.5,0.0,0.0,0.0,0.0,22211.81,271161.432,Demais serviços,31086
3146909,Papagaios,MG,Sudeste,Verde - Trilha dos Bandeirantes,D,4.0,3,1.33,188.0,0.0,188.0,0.0,17031.04,105885.554,Demais serviços,15674
5002407,Caarapó,MS,Sul,Grande Dourados,D,25.0,4,6.25,0.0,9928.0,9928.0,0.0,41253.43,409404.714,"Agricultura, inclusive apoio à agricultura e a pós colheita",30174
5106828,Porto Esperidião,MT,Centro-Oeste,Região Turística  Pantanal Mato-Grossense,D,11.0,2,5.5,207.0,0.0,207.0,0.0,18562.03,47801.119,"Administração, defesa, educação e saúde públicas e seguridade social",12017
5203401,Bom Jardim de Goiás,GO,Centro-Oeste,Região Turística Pegadas no Cerrado,D,0.0,0,,0.0,9134.0,9134.0,0.0,21010.21,66407.128,Demais serviços,8841
2309607,Pacajus,CE,Nordeste,LITORAL LESTE,D,0.0,0,,247.0,46127.0,46374.0,0.0,15884.12,423388.795,Demais serviços,72203
2501401,Baía da Traição,PB,Nordeste,Trilhas dos Potiguaras ,D,11.0,5,2.2,465.0,12987.0,13452.0,0.0,9890.37,21269.58,"Administração, defesa, educação e saúde públicas e seguridade social",8993
2508604,Lucena,PB,Nordeste,Rota Sanhauá,D,2.0,2,1.0,185.0,10560.0,10745.0,0.0,13926.06,49379.067,"Administração, defesa, educação e saúde públicas e seguridade social",13080
2513703,Santa Rita,PB,Nordeste,Rota Sanhauá,D,19.0,2,9.5,0.0,2292.0,2292.0,0.0,18821.11,819080.591,"Administração, defesa, educação e saúde públicas e seguridade social",136586
2601607,Belém do São Francisco,PE,Nordeste,ILHAS E LAGOS DO SÃO FRANCISCO,D,7.0,1,7.0,0.0,7240.0,7240.0,0.0,13932.2,72482.898,"Administração, defesa, educação e saúde públicas e seguridade social",20729
3112505,Capim Branco,MG,Sudeste,Grutas,D,18.0,1,18.0,0.0,0.0,0.0,0.0,10371.32,41925.195,"Administração, defesa, educação e saúde públicas e seguridade social",9754
3144201,Nacip Raydan,MG,Sudeste,Trilhas do Rio Doce,D,0.0,0,,0.0,0.0,0.0,0.0,9207.5,8197.56,"Administração, defesa, educação e saúde públicas e seguridade social",3220
3202504,Ibiraçu,ES,Sudeste,Imigrantes,D,0.0,0,,338.0,6543.0,6881.0,0.0,22545.78,137291.724,Demais serviços,12479
4101606,Arapoti,PR,Sul,Campos Gerais,D,25.0,4,6.25,291.0,30721.0,31012.0,0.0,43752.73,390668.123,Demais serviços,28115
4203105,Caibi,SC,Sul,VALE DAS ÁGUAS,D,0.0,0,,516.0,0.0,516.0,0.0,40779.62,82633.568,Demais serviços,6148
4300505,Alpestre,RS,Sul,Rota Águas e Pedras,D,0.0,0,,140.0,11214.0,11354.0,0.0,85727.21,45502.863,"Eletricidade e gás, água, esgoto, atividades de gestão de resíduos e descontaminação",6258
5101407,Aripuanã,MT,Centro-Oeste,Região Turística Vale do Juruena,D,14.0,5,2.8,318.0,24248.0,24566.0,0.0,42001.25,179383.262,"Eletricidade e gás, água, esgoto, atividades de gestão de resíduos e descontaminação",22354
5208509,Goiandira,GO,Centro-Oeste,Região Turística da Estrada de Ferro,D,0.0,0,,0.0,5373.0,5373.0,0.0,24988.19,51852.611,Demais serviços,5600
5214051,Mundo Novo,GO,Centro-Oeste,Região Turística Vale do Araguaia,D,6.0,2,3.0,0.0,0.0,0.0,0.0,21377.22,28853.744,"Pecuária, inclusive apoio à pecuária",4887
5217203,Piranhas,GO,Centro-Oeste,Região Turística Pegadas no Cerrado,D,11.0,2,5.5,120.0,6312.0,6432.0,0.0,39230.32,152122.651,Demais serviços,10385
5219407,Santa Rita do Araguaia,GO,Centro-Oeste,Região Turística Pegadas no Cerrado,D,7.0,1,7.0,0.0,0.0,0.0,0.0,17785.6,65410.624,Demais serviços,8756
1718758,Rio Sono,TO,Norte,Encantos do Jalapao,E,0.0,0,,0.0,0.0,0.0,0.0,12187.07,11470.114,"Administração, defesa, educação e saúde públicas e seguridade social",6478
1300805,Borba,AM,Norte,Polo Madeira,D,0.0,0,,0.0,2302.0,2302.0,0.0,7947.15,63939.894,"Administração, defesa, educação e saúde públicas e seguridade social",41161
1302553,Manaquiri,AM,Norte,Polo Amazônico,D,0.0,0,,0.0,7691.0,7691.0,0.0,8174.55,33325.626,"Administração, defesa, educação e saúde públicas e seguridade social",32105
1303205,Novo Airão,AM,Norte,Polo Amazônico,D,41.0,3,13.67,631.0,24486.0,25117.0,0.0,8664.53,40006.667,"Administração, defesa, educação e saúde públicas e seguridade social",19454
2701001,Boca da Mata,AL,Nordeste,Agreste,D,2.0,1,2.0,0.0,0.0,0.0,0.0,12993.09,76860.875,"Administração, defesa, educação e saúde públicas e seguridade social",27281
2701407,Campo Alegre,AL,Nordeste,Agreste,D,0.0,0,,0.0,1005.0,1005.0,0.0,8940.84,103494.02,"Administração, defesa, educação e saúde públicas e seguridade social",57063
2703007,Ibateguara,AL,Nordeste,Quilombos,D,0.0,0,,0.0,6160.0,6160.0,0.0,9058.44,27915.403,"Administração, defesa, educação e saúde públicas e seguridade social",15616
2703759,Jequiá da Praia,AL,Nordeste,Lagoas e Mares do Sul,D,0.0,0,,0.0,6553.0,6553.0,0.0,21929.42,28014.192,"Agricultura, inclusive apoio à agricultura e a pós colheita",11580
2704005,Junqueiro,AL,Nordeste,Agreste,D,8.0,2,4.0,0.0,15574.0,15574.0,0.0,13374.67,75080.219,"Agricultura, inclusive apoio à agricultura e a pós colheita",24727
2706406,Pão de Açúcar,AL,Nordeste,Caminhos do São Francisco,D,1.0,1,1.0,0.0,794.0,794.0,0.0,8865.82,57800.758,"Administração, defesa, educação e saúde públicas e seguridade social",24399
2706802,Piaçabuçu,AL,Nordeste,Caminhos do São Francisco,D,1.0,1,1.0,0.0,37076.0,37076.0,0.0,17458.15,50589.122,"Produção florestal, pesca e aquicultura",17827
2706901,Pilar,AL,Nordeste,Lagoas e Mares do Sul,D,0.0,0,,0.0,0.0,0.0,0.0,15458.25,169188.019,"Administração, defesa, educação e saúde públicas e seguridade social",35111
2708204,São Brás,AL,Nordeste,Caminhos do São Francisco,D,0.0,0,,0.0,29010.0,29010.0,0.0,13112.57,12053.719,"Administração, defesa, educação e saúde públicas e seguridade social",6961
2708808,São Sebastião,AL,Nordeste,Agreste,D,6.0,2,3.0,0.0,0.0,0.0,0.0,16515.04,146380.166,"Agricultura, inclusive apoio à agricultura e a pós colheita",34152
2903409,Belmonte,BA,Nordeste,Costa do Descobrimento,D,19.0,6,3.17,121.0,2236.0,2357.0,0.0,13649.32,101703.763,"Administração, defesa, educação e saúde públicas e seguridade social",23328
2904050,Bonito,BA,Nordeste,Chapada Diamantina,D,0.0,1,0.0,140.0,0.0,140.0,0.0,9891.34,44078.7,"Administração, defesa, educação e saúde públicas e seguridade social",16764
2905800,Camamu,BA,Nordeste,Costa do Dendê,D,16.0,2,8.0,101.0,18514.0,18615.0,0.0,10176.51,127310.41,"Administração, defesa, educação e saúde públicas e seguridade social",35316
1200336,Mâncio Lima,AC,Norte,Caminhos das Aldeias e da Biodiversidade,E,0.0,0,,0.0,0.0,0.0,0.0,10847.1,38971.489,"Administração, defesa, educação e saúde públicas e seguridade social",18977
2305308,Ibiapina,CE,Nordeste,Chapada da Ibiapaba,D,2.0,1,2.0,88.0,26830.0,26918.0,0.0,12499.61,76724.741,"Administração, defesa, educação e saúde públicas e seguridade social",24997
2311603,Redenção,CE,Nordeste,Serras de Aratanha e Baturité,D,2.0,1,2.0,106.0,39078.0,39184.0,0.0,11790.12,116146.758,"Administração, defesa, educação e saúde públicas e seguridade social",29053
2313005,Solonópole,CE,Nordeste,Vale do Jaguaribe,D,1.0,1,1.0,0.0,0.0,0.0,0.0,11953.56,70899.871,"Administração, defesa, educação e saúde públicas e seguridade social",18324
2910107,Dom Basílio,BA,Nordeste,Chapada Diamantina,D,1.0,1,1.0,64.0,0.0,64.0,0.0,9683.11,37875.071,"Administração, defesa, educação e saúde públicas e seguridade social",12199
2914406,Iraquara,BA,Nordeste,Chapada Diamantina,D,24.0,3,8.0,0.0,0.0,0.0,0.0,20131.86,148299.466,Indústrias de transformação,25216
2914505,Irará,BA,Nordeste,Caminhos do Sertão,D,0.0,0,,0.0,13521.0,13521.0,0.0,9048.53,99740.261,"Administração, defesa, educação e saúde públicas e seguridade social",29034
2929354,São José da Vitória,BA,Nordeste,Costa do Cacau,D,0.0,0,,0.0,9668.0,9668.0,0.0,9382.71,16293.759,"Administração, defesa, educação e saúde públicas e seguridade social",5657
2930204,Sento Sé,BA,Nordeste,Vale do São Francisco,D,0.0,0,,0.0,0.0,0.0,0.0,23542.89,97046.748,"Eletricidade e gás, água, esgoto, atividades de gestão de resíduos e descontaminação",40684
2930774,Sobradinho,BA,Nordeste,Vale do São Francisco,D,14.0,4,3.5,0.0,2444.0,2444.0,0.0,32609.65,88894.453,"Eletricidade e gás, água, esgoto, atividades de gestão de resíduos e descontaminação",23191
2931202,Taperoá,BA,Nordeste,Costa do Dendê,D,0.0,0,,0.0,1031.0,1031.0,0.0,8471.96,47195.593,"Administração, defesa, educação e saúde públicas e seguridade social",21074
3203130,João Neiva,ES,Sudeste,Imigrantes,D,25.0,5,5.0,0.0,0.0,0.0,0.0,25012.53,170846.068,Demais serviços,16668
3203809,Muqui,ES,Sudeste,Vales e do Café,D,11.0,2,5.5,143.0,17904.0,18047.0,0.0,13130.06,89982.467,"Administração, defesa, educação e saúde públicas e seguridade social",15449
3204005,Pancas,ES,Sudeste,Doce Pontões Capixaba,D,0.0,0,,112.0,43840.0,43952.0,0.0,10717.5,83003.455,"Administração, defesa, educação e saúde públicas e seguridade social",23184
3204559,Santa Maria de Jetibá,ES,Sudeste,Imigrantes,D,25.0,4,6.25,121.0,0.0,121.0,0.0,36561.24,396204.114,"Pecuária, inclusive apoio à pecuária",40431
4218103,Timbé do Sul,SC,Sul,Caminho dos Canyons,D,0.0,0,,0.0,1125.0,1125.0,0.0,24150.0,39188.917,Demais serviços,5348
4218954,Urupema,SC,Sul,Serra Catarinense,D,3.0,2,1.5,182.0,1125.0,1307.0,0.0,27023.91,14513.079,"Agricultura, inclusive apoio à agricultura e a pós colheita",2465
4314050,Parobé,RS,Sul,Vale do Paranhana,D,38.0,2,19.0,152.0,17011.0,17163.0,0.0,23180.55,513261.123,Demais serviços,58272
2313351,Tejuçuoca,CE,Nordeste,Sertão Central,E,0.0,0,,0.0,0.0,0.0,0.0,6916.28,33836.09,"Administração, defesa, educação e saúde públicas e seguridade social",19187
2802809,Indiaroba,SE,Nordeste,Polo Costa dos Coqueirais,E,0.0,0,,0.0,0.0,0.0,0.0,10763.45,39861.78,"Administração, defesa, educação e saúde públicas e seguridade social",17957
2911303,Gentio do Ouro,BA,Nordeste,Chapada Diamantina,E,0.0,0,,0.0,0.0,0.0,0.0,12557.37,19080.448,"Eletricidade e gás, água, esgoto, atividades de gestão de resíduos e descontaminação",11233
3142205,Miraí,MG,Sudeste,Serras e Cachoeiras,D,4.0,3,1.33,82.0,9668.0,9750.0,0.0,16490.83,87305.449,Demais serviços,15014
3536604,Paulo de Faria,SP,Sudeste,MARAVILHAS  DO RIO GRANDE,D,12.0,1,12.0,0.0,0.0,0.0,0.0,24567.9,66432.858,"Agricultura, inclusive apoio à agricultura e a pós colheita",8945
4117602,Palmas,PR,Sul,Vales do Iguaçu,D,11.0,5,2.2,978.0,27835.0,28813.0,0.0,22797.44,488602.445,Demais serviços,50986
4308201,Flores da Cunha,RS,Sul,Uva e Vinho,D,34.0,3,11.33,75.0,17486.0,17561.0,0.0,60310.2,599954.764,Indústrias de transformação,30745
5108956,Nova Monte Verde,MT,Centro-Oeste,Região Turística Amazônia Mato-Grossense,D,5.0,2,2.5,0.0,5555.0,5555.0,0.0,21964.64,77778.533,"Administração, defesa, educação e saúde públicas e seguridade social",9178
5216403,Paraúna,GO,Centro-Oeste,Região Turística Pegadas no Cerrado,D,11.0,3,3.67,241.0,11465.0,11706.0,0.0,90385.45,217493.244,"Agricultura, inclusive apoio à agricultura e a pós colheita",10988
5220504,Serranópolis,GO,Centro-Oeste,Região Turística Pegadas no Cerrado,D,5.0,2,2.5,0.0,14856.0,14856.0,0.0,50495.74,114502.625,"Agricultura, inclusive apoio à agricultura e a pós colheita",8544
3103702,Araponga,MG,Sudeste,Serras de Minas,D,0.0,0,,0.0,0.0,0.0,0.0,8675.55,19486.417,"Administração, defesa, educação e saúde públicas e seguridade social",8439
3103751,Araporã,MG,Sudeste,Alta Mogiana,D,0.0,0,,0.0,0.0,0.0,0.0,200429.56,199289.859,"Eletricidade e gás, água, esgoto, atividades de gestão de resíduos e descontaminação",6869
3105905,Barroso,MG,Sudeste,Trilha dos Inconfidentes,D,12.0,2,6.0,0.0,0.0,0.0,0.0,22733.98,164542.521,Demais serviços,20810
3106408,Belo Vale,MG,Sudeste,Veredas do Paraopeba,D,9.0,2,4.5,0.0,0.0,0.0,0.0,24361.53,51778.476,Indústrias extrativas,7715
3108305,Borda da Mata,MG,Sudeste,Malhas do Sul de Minas,D,8.0,2,4.0,0.0,2681.0,2681.0,0.0,16582.78,148226.033,Demais serviços,19412
3109402,Buritizeiro,MG,Sudeste,Guimarães Rosa,D,12.0,3,4.0,0.0,0.0,0.0,0.0,15959.02,141682.288,"Administração, defesa, educação e saúde públicas e seguridade social",28056
3109451,Cabeceira Grande,MG,Sudeste,Noroeste das Gerais e Alto Paranaíba,D,0.0,1,0.0,0.0,0.0,0.0,0.0,43127.96,37354.423,"Eletricidade e gás, água, esgoto, atividades de gestão de resíduos e descontaminação",6949
3109501,Cabo Verde,MG,Sudeste,Caminhos Gerais,D,0.0,1,0.0,66.0,0.0,66.0,0.0,14035.1,77200.249,"Administração, defesa, educação e saúde públicas e seguridade social",14075
3110103,Caiana,MG,Sudeste,Pico da Bandeira,D,1.0,1,1.0,0.0,0.0,0.0,0.0,11059.53,20682.11,"Administração, defesa, educação e saúde públicas e seguridade social",5496
3110707,Cambuquira,MG,Sudeste,Águas,D,15.0,3,5.0,188.0,25071.0,25259.0,0.0,21595.31,92225.353,"Agricultura, inclusive apoio à agricultura e a pós colheita",12814
3111705,Canaã,MG,Sudeste,Serras de Minas,D,2.0,1,2.0,0.0,0.0,0.0,0.0,13112.4,13561.535,"Administração, defesa, educação e saúde públicas e seguridade social",4563
3112307,Capelinha,MG,Sudeste,Pedras Preciosas,D,38.0,5,7.6,0.0,2624.0,2624.0,0.0,19011.8,328199.53,Demais serviços,37784
3114006,Carmo da Mata,MG,Sudeste,Campo das Vertentes,D,1.0,1,1.0,0.0,2624.0,2624.0,0.0,16201.51,68760.43,Demais serviços,11476
3508504,Caçapava,SP,Sudeste,Rios do Vale,D,30.0,3,10.0,870.0,14311.0,15181.0,0.0,42875.69,1699975.429,Demais serviços,94263
3519055,Holambra,SP,Sudeste,Águas e Flores Paulista,D,30.0,4,7.5,1075.0,31828.0,32903.0,0.0,67415.97,402847.551,Demais serviços,14930
3533502,Novo Horizonte,SP,Sudeste,Coração do Tietê,D,17.0,4,4.25,0.0,0.0,0.0,0.0,28193.7,673674.435,Demais serviços,41052
3536109,Pardinho,SP,Sudeste,Pólo Turístico Cuesta,D,10.0,1,10.0,112.0,0.0,112.0,0.0,42239.25,155531.724,Demais serviços,6435
3537800,Piedade,SP,Sudeste,Altos de Paranapiacaba,D,44.0,4,11.0,636.0,11328.0,11964.0,0.0,23365.29,560952.043,Demais serviços,55348
3538808,Piraju,SP,Sudeste,Angra Doce Paulista,D,32.0,5,6.4,561.0,27596.0,28157.0,0.0,26133.1,453544.982,Demais serviços,29806
4203204,Camboriú,SC,Sul,Costa Verde & Mar,D,31.0,3,10.33,0.0,0.0,0.0,0.0,20293.69,854339.545,Demais serviços,82989
4300034,Aceguá,RS,Sul,Pampa Gaúcho,D,3.0,1,3.0,75.0,0.0,75.0,0.0,51427.97,72944.271,"Agricultura, inclusive apoio à agricultura e a pós colheita",4901
4300802,Antônio Prado,RS,Sul,Uva e Vinho,D,14.0,2,7.0,64.0,3026.0,3090.0,0.0,50466.34,232276.51,Demais serviços,13050
4309506,Guarani das Missões,RS,Sul,Rota Missões,D,0.0,0,,0.0,0.0,0.0,0.0,38299.01,111920.148,Demais serviços,7537
3130002,Ibituruna,MG,Sudeste,Trilha dos Inconfidentes,D,0.0,0,,0.0,4556.0,4556.0,0.0,13833.62,12852.714,"Administração, defesa, educação e saúde públicas e seguridade social",2989
3130408,Ijaci,MG,Sudeste,Vale Verde e Quedas D'Água,D,7.0,2,3.5,0.0,6316.0,6316.0,0.0,47066.83,68139.035,Indústrias de transformação,6550
3148509,Pavão,MG,Sudeste,Pedras Preciosas,D,0.0,0,,0.0,2681.0,2681.0,0.0,8830.1,23224.259,"Administração, defesa, educação e saúde públicas e seguridade social",8450
3149903,Perdões,MG,Sudeste,Vale Verde e Quedas D'Água,D,19.0,2,9.5,0.0,0.0,0.0,0.0,23747.73,241525.902,Demais serviços,21390
3154804,Rio Acima,MG,Sudeste,Ouro,D,3.0,1,3.0,0.0,0.0,0.0,0.0,20367.02,74062.065,Demais serviços,10312
3155207,Rio Espera,MG,Sudeste,Villas e Fazendas de Minas,D,0.0,0,,0.0,0.0,0.0,0.0,9094.56,14360.305,"Administração, defesa, educação e saúde públicas e seguridade social",5474
3156106,Ritápolis,MG,Sudeste,Trilha dos Inconfidentes,D,0.0,0,,0.0,0.0,0.0,0.0,14581.84,20314.51,"Administração, defesa, educação e saúde públicas e seguridade social",4604
3170529,Urucuia,MG,Sudeste,Urucuia Grande Sertão,D,2.0,1,2.0,0.0,4671.0,4671.0,0.0,7949.17,33908.354,"Administração, defesa, educação e saúde públicas e seguridade social",16865
3170602,Vargem Bonita,MG,Sudeste,Nascentes das Gerais e Canastra,D,6.0,2,3.0,0.0,0.0,0.0,0.0,22948.36,14837.478,"Administração, defesa, educação e saúde públicas e seguridade social",2153
3171006,Vazante,MG,Sudeste,Noroeste das Gerais e Alto Paranaíba,D,11.0,2,5.5,182.0,36222.0,36404.0,0.0,38803.02,243383.053,Demais serviços,20590
3300951,Comendador Levy Gasparian,RJ,Sudeste,CAMINHOS COLONIAIS,D,0.0,0,,0.0,2700.0,2700.0,0.0,49515.11,119845.289,"Eletricidade e gás, água, esgoto, atividades de gestão de resíduos e descontaminação",8561
3301157,Cardoso Moreira,RJ,Sudeste,COSTA DOCE,D,0.0,0,,0.0,19975.0,19975.0,0.0,22923.99,87008.363,"Administração, defesa, educação e saúde públicas e seguridade social",12823
3506904,Bofete,SP,Sudeste,Pólo Turístico Cuesta,D,2.0,1,2.0,61.0,6316.0,6377.0,0.0,15488.12,71223.615,Demais serviços,11730
3507803,Brodowski,SP,Sudeste,Alta Mogiana,D,1.0,1,1.0,112.0,0.0,112.0,0.0,26766.3,323358.337,Demais serviços,24939
3523503,Itatinga,SP,Sudeste,Pólo Turístico Cuesta,D,7.0,3,2.33,0.0,13569.0,13569.0,0.0,19389.93,152754.834,Demais serviços,20697
3535804,Paranapanema,SP,Sudeste,Pólo Turístico Cuesta,D,24.0,4,6.0,567.0,0.0,567.0,0.0,37704.46,354994.392,Demais serviços,20197
3536703,Pederneiras,SP,Sudeste,Coração Paulista,D,28.0,6,4.67,77.0,0.0,77.0,0.0,43937.88,841021.917,Demais serviços,46687
3537107,Pedreira,SP,Sudeste,Águas e Flores Paulista,D,7.0,2,3.5,311.0,9459.0,9770.0,0.0,26382.27,607068.26,Demais serviços,47919
3546801,Santa Isabel,SP,Sudeste,Nascentes do Tietê,D,25.0,5,5.0,199.0,13569.0,13768.0,0.0,26367.17,748944.991,Demais serviços,57386
3550209,São Miguel Arcanjo,SP,Sudeste,Altos de Paranapiacaba,D,7.0,2,3.5,555.0,0.0,555.0,0.0,23793.9,286566.972,"Agricultura, inclusive apoio à agricultura e a pós colheita",32931
3554706,Torrinha,SP,Sudeste,Serra do Itaqueri,D,50.0,3,16.67,0.0,0.0,0.0,0.0,20794.75,100061.265,Demais serviços,10010
4128500,Wenceslau Braz,PR,Sul,Norte Pioneiro,D,11.0,3,3.67,0.0,27554.0,27554.0,0.0,27870.14,275860.777,Demais serviços,19414
5100607,Alto Taquari,MT,Centro-Oeste,Região Turística Domo de Araguainha,D,36.0,5,7.2,0.0,0.0,0.0,0.0,79080.07,170576.536,"Agricultura, inclusive apoio à agricultura e a pós colheita",10847
3120870,Curral de Dentro,MG,Sudeste,Lago de Irapé,E,0.0,0,,0.0,0.0,0.0,0.0,8511.63,18348.039,"Administração, defesa, educação e saúde públicas e seguridade social",7729
1507953,Tailândia,PA,Norte,Região Turística do Tocantins,D,42.0,5,8.4,247.0,24584.0,24831.0,0.0,8945.48,285769.737,"Administração, defesa, educação e saúde públicas e seguridade social",106339
1720259,São Salvador do Tocantins,TO,Norte,Ilha do Bananal,D,0.0,0,,0.0,6794.0,6794.0,0.0,11806.21,6038.43,"Administração, defesa, educação e saúde públicas e seguridade social",3082
2303907,Chaval,CE,Nordeste,Litoral Extremo Oeste,D,0.0,0,,64.0,25587.0,25651.0,0.0,7312.88,30979.907,"Administração, defesa, educação e saúde públicas e seguridade social",13069
2306801,Jaguaribara,CE,Nordeste,Vale do Jaguaribe,D,0.0,0,,0.0,14505.0,14505.0,0.0,11119.86,44768.123,"Administração, defesa, educação e saúde públicas e seguridade social",11401
2509404,Mogeiro,PB,Nordeste,Vale do Paraíba,D,0.0,0,,0.0,1659.0,1659.0,0.0,10206.03,29057.058,"Administração, defesa, educação e saúde públicas e seguridade social",13284
2516003,Solânea,PB,Nordeste,Brejo,D,12.0,3,4.0,0.0,12426.0,12426.0,0.0,11395.82,123958.845,"Administração, defesa, educação e saúde públicas e seguridade social",26407
2916856,Itatim,BA,Nordeste,Caminhos do Jiquiriçá,D,5.0,1,5.0,502.0,33591.0,34093.0,0.0,25525.36,222799.916,Comércio e reparação de veículos automotores e motocicletas,14487
3146503,Pains,MG,Sudeste,Grutas e Mar de Minas,D,5.0,1,5.0,52.0,0.0,52.0,0.0,38298.46,88311.104,Demais serviços,8283
3160702,Santos Dumont,MG,Sudeste,Caminho Novo,D,19.0,4,4.75,163.0,0.0,163.0,0.0,21692.51,390308.361,Demais serviços,46487
3162807,São João Evangelista,MG,Sudeste,Trilhas do Rio Doce,D,7.0,2,3.5,256.0,13276.0,13532.0,0.0,13057.7,96652.267,Demais serviços,15774
3521309,Ipuã,SP,Sudeste,Alta Mogiana,D,0.0,0,,75.0,0.0,75.0,0.0,22422.43,174270.769,Demais serviços,16409
3543006,Ribeirão Branco,SP,Sudeste,Região Turística dos Cânions Paulista,D,4.0,1,4.0,0.0,0.0,0.0,0.0,17998.12,82084.408,"Agricultura, inclusive apoio à agricultura e a pós colheita",16444
3543709,Rincão,SP,Sudeste,Centro Paulista,D,0.0,0,,0.0,8042.0,8042.0,0.0,17835.56,84531.85,Demais serviços,10799
4115358,Maripá,PR,Sul,Riquezas do Oeste,D,1.0,1,1.0,516.0,8042.0,8558.0,0.0,61070.9,115664.813,Demais serviços,5603
4124020,Santa Tereza do Oeste,PR,Sul,Cataratas do Iguaçu e Caminhos ao Lago de Itaipu,D,2.0,3,0.67,889.0,0.0,889.0,0.0,37355.25,127700.901,Demais serviços,10139
4303673,Campestre da Serra,RS,Sul,Campos de Cima da Serra,D,0.0,0,,373.0,0.0,373.0,0.0,45192.78,29682.479,"Agricultura, inclusive apoio à agricultura e a pós colheita",3388
5102603,Campinápolis,MT,Centro-Oeste,Região Turística Portal do Araguaia,D,0.0,0,,116.0,0.0,116.0,0.0,18497.31,76746.168,"Administração, defesa, educação e saúde públicas e seguridade social",15980
5104609,Itiquira,MT,Centro-Oeste,Região Turística Rota dos Ipês e das Águas,D,9.0,4,2.25,0.0,2028.0,2028.0,0.0,96869.1,198096.604,"Agricultura, inclusive apoio à agricultura e a pós colheita",13345
5106307,Paranatinga,MT,Centro-Oeste,Região Turística Rota dos Ipês e das Águas,D,31.0,5,6.2,191.0,0.0,191.0,0.0,47321.97,240313.062,"Agricultura, inclusive apoio à agricultura e a pós colheita",22563
5107107,São José dos Quatro Marcos,MT,Centro-Oeste,Região Turística Vale do Cabaçal,D,19.0,3,6.33,187.0,12708.0,12895.0,0.0,19961.11,156475.233,"Administração, defesa, educação e saúde públicas e seguridade social",18906
5107776,Santa Terezinha,MT,Centro-Oeste,Região Turística Norte Araguaia,D,0.0,0,,0.0,1494.0,1494.0,0.0,17950.41,27184.469,"Administração, defesa, educação e saúde públicas e seguridade social",8371
5107800,Santo Antônio do Leverger,MT,Centro-Oeste,Região Turística  Pantanal Mato-Grossense,D,81.0,4,20.25,0.0,10638.0,10638.0,0.0,25766.61,85207.54,"Agricultura, inclusive apoio à agricultura e a pós colheita",16628
3532207,Narandiba,SP,Sudeste,PONTAL PAULISTA,E,0.0,0,,0.0,0.0,0.0,0.0,31207.78,51291.475,Demais serviços,4857
4111001,Itambaracá,PR,Sul,Norte Pioneiro,D,0.0,0,,140.0,0.0,140.0,0.0,23983.96,48677.026,"Agricultura, inclusive apoio à agricultura e a pós colheita",6582
4111555,Ivaté,PR,Sul,Corredores das Águas,D,1.0,1,1.0,112.0,0.0,112.0,0.0,24654.05,63733.504,Demais serviços,8185
4205159,Doutor Pedrinho,SC,Sul,Vale Europeu,D,2.0,2,1.0,0.0,8042.0,8042.0,0.0,29203.6,25801.414,Indústrias de transformação,4064
4206900,Ibirama,SC,Sul,Caminhos do Alto Vale,D,10.0,2,5.0,196.0,10770.0,10966.0,0.0,24861.94,199152.18,Demais serviços,18950
4314803,Portão,RS,Sul,Vale da Felicidade,D,17.0,2,8.5,457.0,0.0,457.0,0.0,34120.19,468619.02,Demais serviços,37079
4319406,São Pedro do Sul,RS,Sul,Central,D,20.0,4,5.0,100.0,8236.0,8336.0,0.0,24322.33,164221.467,Demais serviços,16198
5105606,Matupá,MT,Centro-Oeste,Região Turística Portal da Amazônia,D,26.0,6,4.33,188.0,10071.0,10259.0,0.0,60747.43,567152.618,Comércio e reparação de veículos automotores e motocicletas,16566
4120804,Quatro Barras,PR,Sul,Rotas do Pinhão,D,50.0,4,12.5,75.0,0.0,75.0,0.0,66966.03,519604.034,Indústrias de transformação,23559
4121000,Querência do Norte,PR,Sul,Corredores das Águas,D,5.0,1,5.0,0.0,0.0,0.0,0.0,18034.21,69842.427,"Administração, defesa, educação e saúde públicas e seguridade social",12206
4121406,Realeza,PR,Sul,Vales do Iguaçu,D,20.0,6,3.33,516.0,0.0,516.0,0.0,36502.94,319967.712,Demais serviços,16922
4210506,Maravilha,SC,Sul,VALE DAS ÁGUAS,D,27.0,3,9.0,224.0,648.0,872.0,0.0,54385.6,503055.489,Indústrias de transformação,25762
2100154,Água Doce do Maranhão,MA,Nordeste,Polo Delta das Américas,E,0.0,0,,0.0,0.0,0.0,0.0,6892.72,23297.831,"Administração, defesa, educação e saúde públicas e seguridade social",12571
2407252,Major Sales,RN,Nordeste,Polo Serrano,E,0.0,0,,0.0,0.0,0.0,0.0,9956.37,10014.016,"Administração, defesa, educação e saúde públicas e seguridade social",4020
2806701,São Cristóvão,SE,Nordeste,Polo Costa dos Coqueirais,D,19.0,2,9.5,0.0,0.0,0.0,0.0,10514.98,311343.359,"Administração, defesa, educação e saúde públicas e seguridade social",90072
3104809,Augusto de Lima,MG,Sudeste,Serra do Cabral,D,49.0,2,24.5,0.0,0.0,0.0,0.0,13123.11,22547.677,"Administração, defesa, educação e saúde públicas e seguridade social",4869
3106903,Bicas,MG,Sudeste,Caminhos Verdes de Minas,D,9.0,3,3.0,0.0,2681.0,2681.0,0.0,18599.24,151349.365,Demais serviços,14494
3143203,Monte Santo de Minas,MG,Sudeste,Montanhas Cafeeiras de Minas,D,14.0,2,7.0,0.0,25587.0,25587.0,0.0,17958.06,187218.521,Demais serviços,21524
4120200,Porto Rico,PR,Sul,Corredores das Águas,D,17.0,4,4.25,182.0,29643.0,29825.0,0.0,29476.99,35325.363,Demais serviços,2559
4126678,Tamarana,PR,Sul,Norte do Paraná,D,3.0,1,3.0,182.0,0.0,182.0,0.0,20244.07,85189.027,"Agricultura, inclusive apoio à agricultura e a pós colheita",14797
4127601,Tijucas do Sul,PR,Sul,Rotas do Pinhão,D,66.0,2,33.0,0.0,2473.0,2473.0,0.0,19467.06,134681.548,Demais serviços,16868
4215109,Rodeio,SC,Sul,Vale Europeu,D,0.0,0,,331.0,0.0,331.0,0.0,26475.08,111831.328,Demais serviços,11551
4304358,Candiota,RS,Sul,Pampa Gaúcho,D,8.0,3,2.67,312.0,11556.0,11868.0,0.0,67760.07,108729.064,"Eletricidade e gás, água, esgoto, atividades de gestão de resíduos e descontaminação",9584
4305801,Constantina,RS,Sul,Cultura e Tradição,D,0.0,0,,120.0,2236.0,2356.0,0.0,32747.57,150530.383,Demais serviços,9911
4313102,Nova Palma,RS,Sul,Central,D,0.0,1,0.0,0.0,29776.0,29776.0,0.0,46298.6,105354.425,"Eletricidade e gás, água, esgoto, atividades de gestão de resíduos e descontaminação",6512
4321352,Tavares,RS,Sul,Costa Doce,D,3.0,1,3.0,0.0,2236.0,2236.0,0.0,16641.01,27431.694,"Administração, defesa, educação e saúde públicas e seguridade social",5481
4321907,Três Passos,RS,Sul,Rota do Yucumã,D,15.0,3,5.0,0.0,25814.0,25814.0,0.0,38458.04,452588.139,Demais serviços,23906
3509007,Caieiras,SP,Sudeste,Negócios e Cultura,D,2.0,1,2.0,342.0,0.0,342.0,0.0,38554.9,1583184.54,Demais serviços,101470
3509403,Cajuru,SP,Sudeste,Alta Mogiana,D,7.0,4,1.75,91.0,0.0,91.0,0.0,22842.97,244711.421,Demais serviços,26167
3513702,Descalvado,SP,Sudeste,Região Turística Histórias e Vales,D,23.0,3,7.67,0.0,13569.0,13569.0,0.0,46295.11,675214.511,Demais serviços,33718
3517208,Guaiçara,SP,Sudeste,Coração do Tietê,D,8.0,2,4.0,0.0,3385.0,3385.0,0.0,13646.78,71795.724,Demais serviços,12168
3517604,Guapiara,SP,Sudeste,Região Turística dos Cânions Paulista,D,6.0,2,3.0,0.0,6316.0,6316.0,0.0,19376.17,91082.545,"Agricultura, inclusive apoio à agricultura e a pós colheita",17157
3519105,Iacanga,SP,Sudeste,Caminhos do Tietê,D,3.0,1,3.0,140.0,0.0,140.0,0.0,39365.76,257157.091,Demais serviços,11710
3522703,Itápolis,SP,Sudeste,Centro Paulista,D,13.0,3,4.33,256.0,0.0,256.0,0.0,30497.54,667005.405,Demais serviços,43120
3523305,Itariri,SP,Sudeste,Caminhos da Mata Atlântica,D,7.0,2,3.5,0.0,0.0,0.0,0.0,18748.36,133657.958,"Agricultura, inclusive apoio à agricultura e a pós colheita",17436
3524600,Jacupiranga,SP,Sudeste,Cavernas da Mata Atlântica,D,14.0,3,4.67,270.0,0.0,270.0,0.0,28518.44,260427.145,Demais serviços,17866
3526209,Juquitiba,SP,Sudeste,"Mananciais, Aventura e Arte",D,5.0,2,2.5,432.0,40735.0,41167.0,0.0,17311.76,322817.963,Demais serviços,31444
3526605,Lavrinhas,SP,Sudeste,Picos da Mantiqueira,D,1.0,1,1.0,0.0,0.0,0.0,0.0,14241.56,38116.865,Demais serviços,7260
3538204,Pinhalzinho,SP,Sudeste,entre serras e aguas,D,30.0,3,10.0,152.0,0.0,152.0,0.0,18195.86,134191.475,Demais serviços,15207
5104906,Jangada,MT,Centro-Oeste,Associação de Turismo da Região Circuito das Águas - Aturcira,D,5.0,3,1.67,0.0,284.0,284.0,0.0,21552.84,49299.126,"Administração, defesa, educação e saúde públicas e seguridade social",8409
5105622,Mirassol d'Oeste,MT,Centro-Oeste,Região Turística Vale do Cabaçal,D,32.0,5,6.4,354.0,8406.0,8760.0,0.0,28243.11,283067.701,Demais serviços,27739
2301406,Aratuba,CE,Nordeste,Serras de Aratanha e Baturité,D,0.0,0,,0.0,1919.0,1919.0,0.0,10593.58,27392.399,"Administração, defesa, educação e saúde públicas e seguridade social",11847
2605707,Floresta,PE,Nordeste,ILHAS E LAGOS DO SÃO FRANCISCO,D,9.0,3,3.0,0.0,14834.0,14834.0,0.0,13144.8,175237.631,"Administração, defesa, educação e saúde públicas e seguridade social",32873
3102704,Cachoeira de Pajeú,MG,Sudeste,Lago de Irapé,D,18.0,2,9.0,0.0,0.0,0.0,0.0,11770.16,52462.736,"Administração, defesa, educação e saúde públicas e seguridade social",9412
3127339,Gameleiras,MG,Sudeste,Serra Geral do Norte de Minas,D,0.0,0,,0.0,0.0,0.0,0.0,8853.69,12278.071,"Administração, defesa, educação e saúde públicas e seguridade social",5109
3141009,Mato Verde,MG,Sudeste,Serra Geral do Norte de Minas,D,5.0,1,5.0,0.0,7914.0,7914.0,0.0,11646.27,66484.504,Demais serviços,12459
3152204,Porteirinha,MG,Sudeste,Serra Geral do Norte de Minas,D,5.0,4,1.25,234.0,0.0,234.0,0.0,10405.05,149620.25,"Administração, defesa, educação e saúde públicas e seguridade social",37906
3162922,São Joaquim de Bicas,MG,Sudeste,Veredas do Paraopeba,D,27.0,4,6.75,0.0,0.0,0.0,0.0,18361.96,195228.057,Demais serviços,31578
4108452,Foz do Jordão,PR,Sul,Lagos e Colinas,D,3.0,1,3.0,1703.0,0.0,1703.0,0.0,26606.46,29839.863,"Agricultura, inclusive apoio à agricultura e a pós colheita",4650
4108650,Goioxim,PR,Sul,Lagos e Colinas,D,0.0,0,,0.0,17011.0,17011.0,0.0,24881.81,44024.675,"Agricultura, inclusive apoio à agricultura e a pós colheita",7111
4119301,Pinhão,PR,Sul,Lagos e Colinas,D,14.0,2,7.0,0.0,6070.0,6070.0,0.0,48578.45,210059.981,"Eletricidade e gás, água, esgoto, atividades de gestão de resíduos e descontaminação",32391
4120150,Porto Barreiro,PR,Sul,Lagos e Colinas,D,0.0,0,,375.0,0.0,375.0,0.0,33474.87,23964.438,"Agricultura, inclusive apoio à agricultura e a pós colheita",3237
4207502,Indaial,SC,Sul,Vale Europeu,D,22.0,4,5.5,576.0,6294.0,6870.0,0.0,42868.69,1119218.842,Indústrias de transformação,69425
4207601,Ipira,SC,Sul,Vale dos Imigrantes,D,0.0,1,0.0,0.0,0.0,0.0,0.0,19747.77,24612.097,"Administração, defesa, educação e saúde públicas e seguridade social",4446
4300109,Agudo,RS,Sul,Central,D,7.0,2,3.5,0.0,0.0,0.0,0.0,32617.2,175993.526,Demais serviços,16461
4309407,Guaporé,RS,Sul,Uva e Vinho,D,10.0,2,5.0,277.0,3249.0,3526.0,0.0,36897.65,395208.957,Demais serviços,25727
4310603,Itaqui,RS,Sul,Fronteira,D,14.0,5,2.8,0.0,12104.0,12104.0,0.0,37236.12,485440.288,Demais serviços,37620
4310801,Ivoti,RS,Sul,Vale Germânico,D,8.0,3,2.67,67.0,0.0,67.0,0.0,40758.91,479523.831,Demais serviços,24293
4311122,Jaquirana,RS,Sul,Campos de Cima da Serra,D,1.0,1,1.0,0.0,0.0,0.0,0.0,18836.69,19714.361,"Administração, defesa, educação e saúde públicas e seguridade social",3716
4311502,Lavras do Sul,RS,Sul,Pampa Gaúcho,D,4.0,2,2.0,72.0,1329.0,1401.0,0.0,33310.31,61652.862,"Agricultura, inclusive apoio à agricultura e a pós colheita",7480
4311775,Maquiné,RS,Sul,Litoral Norte Gaúcho,D,2.0,1,2.0,91.0,1125.0,1216.0,0.0,20739.97,46512.443,Demais serviços,6714
4314605,Piratini,RS,Sul,Costa Doce,D,6.0,2,3.0,0.0,0.0,0.0,0.0,23343.32,127918.687,"Administração, defesa, educação e saúde públicas e seguridade social",20663
5005152,Juti,MS,Sul,Caminhos da Natureza / Cone Sul,D,29.0,1,29.0,143.0,7546.0,7689.0,0.0,43011.93,46794.583,"Agricultura, inclusive apoio à agricultura e a pós colheita",6712
5106232,Nova Olímpia,MT,Centro-Oeste,Região Turística das Nascentes,D,25.0,1,25.0,75.0,10945.0,11020.0,0.0,33892.1,135612.579,"Agricultura, inclusive apoio à agricultura e a pós colheita",20301
5209705,Hidrolândia,GO,Centro-Oeste,Região Turística dos Negócios e Tradições,D,18.0,3,6.0,0.0,7063.0,7063.0,0.0,50471.59,542929.544,Demais serviços,21706
2804904,Pacatuba,SE,Nordeste,Polo Costa dos Coqueirais,D,1.0,1,1.0,108.0,0.0,108.0,0.0,13202.63,34335.971,"Administração, defesa, educação e saúde públicas e seguridade social",14428
3117009,Comercinho,MG,Sudeste,Vale do Jequitinhonha,D,1.0,1,1.0,0.0,0.0,0.0,0.0,8141.72,16615.81,"Administração, defesa, educação e saúde públicas e seguridade social",6929
3505401,Barra do Turvo,SP,Sudeste,Cavernas da Mata Atlântica,D,1.0,1,1.0,0.0,27578.0,27578.0,0.0,12681.92,42883.118,"Administração, defesa, educação e saúde públicas e seguridade social",7659
4210001,Luiz Alves,SC,Sul,Vale Europeu,D,0.0,1,0.0,0.0,12041.0,12041.0,0.0,38568.39,152316.246,Indústrias de transformação,12859
4315503,Restinga Seca,RS,Sul,Central,D,1.0,1,1.0,127.0,38011.0,38138.0,0.0,28918.52,164913.11,Demais serviços,15789
4315701,Rio Pardo,RS,Sul,Vale do Rio Pardo,D,12.0,3,4.0,0.0,14209.0,14209.0,0.0,25543.47,353522.632,Demais serviços,38275
4318499,São José do Inhacorá,RS,Sul,Rota do Rio Uruguai,D,0.0,0,,731.0,0.0,731.0,0.0,51513.97,25012.772,Indústrias de transformação,2073
4319000,São Marcos,RS,Sul,Uva e Vinho,D,19.0,2,9.5,188.0,24956.0,25144.0,0.0,46359.02,358419.374,Indústrias de transformação,21556
2906501,Candeias,BA,Nordeste,Baía de Todos os Santos,D,5.0,4,1.25,126.0,24180.0,24306.0,0.0,53758.72,1724949.598,Indústrias de transformação,87076
2906824,Canudos,BA,Nordeste,Caminhos do Sertão,D,1.0,1,1.0,108.0,14505.0,14613.0,0.0,7949.27,39885.365,"Administração, defesa, educação e saúde públicas e seguridade social",16668
2906907,Caravelas,BA,Nordeste,Costa das Baleias,D,19.0,4,4.75,373.0,14349.0,14722.0,0.0,15702.49,123837.796,Demais serviços,22016
3522158,Itaóca,SP,Sudeste,Cavernas da Mata Atlântica,D,0.0,0,,0.0,3844.0,3844.0,0.0,12719.25,13511.657,"Administração, defesa, educação e saúde públicas e seguridade social",3328
4316600,Sananduva,RS,Sul,Rota das Araucárias,D,11.0,1,11.0,281.0,0.0,281.0,0.0,39372.43,278918.73,Demais serviços,16270
4319372,São Pedro do Butiá,RS,Sul,Rota Missões,D,0.0,0,,51.0,3026.0,3077.0,0.0,37916.31,23918.549,"Pecuária, inclusive apoio à pecuária",2947
5007505,Rochedo,MS,Sul,Caminho dos Ipês,D,1.0,1,1.0,0.0,9418.0,9418.0,0.0,32569.38,40746.535,"Administração, defesa, educação e saúde públicas e seguridade social",5499
5108857,Nova Marilândia,MT,Centro-Oeste,Associação de Turismo da Região Circuito das Águas - Aturcira,D,3.0,1,3.0,0.0,0.0,0.0,0.0,74035.01,49712.363,Indústrias de transformação,3278
3125200,Fama,MG,Sudeste,Lago de Furnas,D,8.0,3,2.67,111.0,0.0,111.0,0.0,16236.07,14864.17,"Administração, defesa, educação e saúde públicas e seguridade social",2377
3144508,Nazareno,MG,Sudeste,Trilha dos Inconfidentes,D,3.0,1,3.0,0.0,0.0,0.0,0.0,36185.89,74085.057,Indústrias extrativas,8608
3202454,Ibatiba,ES,Sudeste,Caparaó,D,12.0,3,4.0,0.0,0.0,0.0,0.0,11849.32,129469.715,"Administração, defesa, educação e saúde públicas e seguridade social",26082
3202900,Itarana,ES,Sudeste,Imigrantes,D,7.0,2,3.5,0.0,0.0,0.0,0.0,19891.46,83819.074,Demais serviços,10555
3205101,Viana,ES,Sudeste,Metropolitana,D,7.0,1,7.0,489.0,4988.0,5477.0,0.0,34372.62,1312849.361,Comércio e reparação de veículos automotores e motocicletas,78239
3301850,Guapimirim,RJ,Sudeste,SERRA VERDE IMPERIAL,D,60.0,5,12.0,441.0,5215.0,5656.0,0.0,17538.51,405695.75,"Administração, defesa, educação e saúde públicas e seguridade social",60517
4314464,Pinhal da Serra,RS,Sul,Campos de Cima da Serra,D,1.0,1,1.0,0.0,0.0,0.0,0.0,113542.03,15781.756,"Eletricidade e gás, água, esgoto, atividades de gestão de resíduos e descontaminação",1941
2405405,Japi,RN,Nordeste,Polo Agreste/Trairi,E,0.0,0,,0.0,0.0,0.0,0.0,8482.42,8706.449,"Administração, defesa, educação e saúde públicas e seguridade social",5055
3555604,Uchoa,SP,Sudeste,Caminhos do São Domingos,D,0.0,0,,0.0,0.0,0.0,0.0,23905.87,91733.92,Demais serviços,10110
4219150,Vargem,SC,Sul,Vale dos Imigrantes,D,3.0,1,3.0,0.0,0.0,0.0,0.0,26536.57,12188.581,"Administração, defesa, educação e saúde públicas e seguridade social",2477
3127800,Grão Mogol,MG,Sudeste,Lago de Irapé,D,7.0,2,3.5,0.0,0.0,0.0,0.0,33721.74,54398.889,"Eletricidade e gás, água, esgoto, atividades de gestão de resíduos e descontaminação",15836
3128204,Guaraciaba,MG,Sudeste,Serras de Minas,D,12.0,2,6.0,0.0,0.0,0.0,0.0,9152.69,29715.274,"Administração, defesa, educação e saúde públicas e seguridade social",10324
3136652,Juatuba,MG,Sudeste,Veredas do Paraopeba,D,15.0,5,3.0,0.0,5248.0,5248.0,0.0,50123.31,397063.345,Indústrias de transformação,26946
3154903,Rio Casca,MG,Sudeste,Montanhas e Fé,D,16.0,3,5.33,0.0,26707.0,26707.0,0.0,15634.61,104650.396,Demais serviços,13564
3203700,Muniz Freire,ES,Sudeste,Caparaó,D,5.0,1,5.0,0.0,4713.0,4713.0,0.0,15543.02,93177.292,"Administração, defesa, educação e saúde públicas e seguridade social",17465
2914307,Iramaia,BA,Nordeste,Chapada Diamantina,D,0.0,0,,0.0,0.0,0.0,0.0,10013.7,27740.951,"Administração, defesa, educação e saúde públicas e seguridade social",8537
3158201,Santa Maria do Suaçuí,MG,Sudeste,Trilhas do Rio Doce,D,4.0,2,2.0,112.0,24996.0,25108.0,0.0,9802.7,61808.557,"Administração, defesa, educação e saúde públicas e seguridade social",14615
3300225,Areal,RJ,Sudeste,CAMINHOS COLONIAIS,D,15.0,2,7.5,0.0,0.0,0.0,0.0,28174.84,114669.676,"Administração, defesa, educação e saúde públicas e seguridade social",12572
3304409,Rio Claro,RJ,Sudeste,VALE DO CAFÉ,D,0.0,0,,268.0,29309.0,29577.0,0.0,21065.58,100600.447,"Administração, defesa, educação e saúde públicas e seguridade social",18529
4116703,Nova Aurora,PR,Sul,Riquezas do Oeste,D,1.0,1,1.0,310.0,9881.0,10191.0,0.0,53014.47,211109.876,Demais serviços,10472
4212601,Peritiba,SC,Sul,Vale dos Imigrantes,D,0.0,0,,0.0,0.0,0.0,0.0,33694.36,32261.805,Demais serviços,2787
4300208,Ajuricaba,RS,Sul,Rota do Yucumã,D,0.0,0,,0.0,1688.0,1688.0,0.0,42986.78,111159.372,"Agricultura, inclusive apoio à agricultura e a pós colheita",7024
4301305,Arroio Grande,RS,Sul,Costa Doce,D,0.0,0,,50.0,14888.0,14938.0,0.0,29657.67,166599.114,"Agricultura, inclusive apoio à agricultura e a pós colheita",18293
2704609,Maravilha,AL,Nordeste,Região da Caatinga,E,0.0,0,,0.0,0.0,0.0,0.0,7674.87,18202.767,"Administração, defesa, educação e saúde públicas e seguridade social",9163
2927903,Santa Inês,BA,Nordeste,Caminhos do Jiquiriçá,D,1.0,1,1.0,0.0,14505.0,14505.0,0.0,6562.49,23539.131,"Administração, defesa, educação e saúde públicas e seguridade social",10631
2932002,Uauá,BA,Nordeste,Caminhos do Sertão,D,0.0,0,,0.0,11328.0,11328.0,0.0,8466.19,76177.161,"Administração, defesa, educação e saúde públicas e seguridade social",24240
3500402,Águas da Prata,SP,Sudeste,"Entre Rios, Serras  e Cafés.",D,11.0,3,3.67,1125.0,0.0,1125.0,0.0,20835.97,90024.079,Demais serviços,8180
3531704,Monteiro Lobato,SP,Sudeste,MANTIQUEIRA PAULISTA,D,22.0,3,7.33,246.0,19885.0,20131.0,0.0,13995.28,30851.561,Demais serviços,4653
4115754,Mauá da Serra,PR,Sul,Vale do Ivaí,D,2.0,2,1.0,0.0,9881.0,9881.0,0.0,29157.13,105315.766,Demais serviços,10601
4121257,Ramilândia,PR,Sul,Cataratas do Iguaçu e Caminhos ao Lago de Itaipu,D,0.0,0,,0.0,9881.0,9881.0,0.0,18437.68,21616.243,"Administração, defesa, educação e saúde públicas e seguridade social",4451
2309102,Mulungu,CE,Nordeste,Serras de Aratanha e Baturité,D,6.0,1,6.0,64.0,3839.0,3903.0,0.0,9857.56,30140.522,"Administração, defesa, educação e saúde públicas e seguridade social",10823
2707701,Rio Largo,AL,Nordeste,Grande Maceió,D,3.0,1,3.0,124.0,3411.0,3535.0,0.0,15545.65,495757.887,Demais serviços,75120
4126504,Sertanópolis,PR,Sul,Norte do Paraná,D,10.0,2,5.0,245.0,30579.0,30824.0,0.0,42814.91,312344.851,Demais serviços,16369
3103009,Antônio Dias,MG,Sudeste,Mata Atlântica de Minas,D,25.0,2,12.5,0.0,0.0,0.0,0.0,34568.29,91240.853,Indústrias extrativas,9318
3151701,Poço Fundo,MG,Sudeste,Caminhos Gerais,D,0.0,0,,80.0,0.0,80.0,0.0,17461.59,131570.628,Demais serviços,16791
3166907,Serrania,MG,Sudeste,Lago de Furnas,D,0.0,0,,0.0,22372.0,22372.0,0.0,16069.08,48649.019,Demais serviços,7669
3167905,Tabuleiro,MG,Sudeste,Caminhos Verdes de Minas,D,9.0,1,9.0,0.0,22372.0,22372.0,0.0,15071.69,20630.803,"Administração, defesa, educação e saúde públicas e seguridade social",3750
4109708,Ibaiti,PR,Sul,Norte Pioneiro,D,16.0,5,3.2,0.0,2473.0,2473.0,0.0,22229.27,316153.803,Demais serviços,31364
5002100,Bela Vista,MS,Sul,Bonito / Serra da Bodoquena,D,11.0,2,5.5,239.0,1399.0,1638.0,0.0,22409.49,139465.019,"Administração, defesa, educação e saúde públicas e seguridade social",24629
5222302,Vila Propício,GO,Centro-Oeste,Região Turística do Ouro e Cristais,D,1.0,1,1.0,0.0,0.0,0.0,0.0,35555.96,35312.525,"Agricultura, inclusive apoio à agricultura e a pós colheita",5821
3303856,Paty do Alferes,RJ,Sudeste,VALE DO CAFÉ,D,43.0,4,10.75,129.0,2350.0,2479.0,0.0,20065.93,201999.286,"Administração, defesa, educação e saúde públicas e seguridade social",27769
3547304,Santana de Parnaíba,SP,Sudeste,Roteiro dos Bandeirantes,D,25.0,3,8.33,766.0,20731.0,21497.0,0.0,67531.85,5086726.434,Demais serviços,139447
2412104,São João do Sabugi,RN,Nordeste,Polo Seridó,D,0.0,0,,0.0,10601.0,10601.0,0.0,11262.44,16472.36,"Administração, defesa, educação e saúde públicas e seguridade social",6193
2807501,Tomar do Geru,SE,Nordeste,Polo Sertão das Águas,D,0.0,0,,0.0,3499.0,3499.0,0.0,9219.3,26615.578,"Administração, defesa, educação e saúde públicas e seguridade social",13536
3153301,Presidente Kubitschek,MG,Sudeste,Diamantes,D,0.0,1,0.0,0.0,0.0,0.0,0.0,9964.1,8962.503,"Administração, defesa, educação e saúde públicas e seguridade social",3002
3153905,Raposos,MG,Sudeste,Ouro,D,0.0,0,,0.0,7914.0,7914.0,0.0,9537.39,57238.764,"Administração, defesa, educação e saúde públicas e seguridade social",16354
3551801,Sete Barras,SP,Sudeste,Caminhos da Mata Atlântica,D,0.0,0,,746.0,0.0,746.0,0.0,25297.39,88096.018,"Agricultura, inclusive apoio à agricultura e a pós colheita",12832
2107209,Nina Rodrigues,MA,Nordeste,Polo Munin,E,0.0,0,,0.0,0.0,0.0,0.0,5330.22,13695.1,"Administração, defesa, educação e saúde públicas e seguridade social",14454
2704104,Lagoa da Canoa,AL,Nordeste,Agreste,D,0.0,0,,91.0,0.0,91.0,0.0,11749.95,41815.528,"Administração, defesa, educação e saúde públicas e seguridade social",17852
2928059,Santa Luzia,BA,Nordeste,Costa do Cacau,D,0.0,0,,130.0,5697.0,5827.0,0.0,7876.34,23610.909,"Administração, defesa, educação e saúde públicas e seguridade social",12597
3154309,Resplendor,MG,Sudeste,Trilhas do Rio Doce,D,56.0,4,14.0,498.0,27672.0,28170.0,0.0,13773.81,120581.495,Demais serviços,17397
3165305,São Vicente de Minas,MG,Sudeste,Trilha dos Inconfidentes,D,6.0,2,3.0,82.0,7494.0,7576.0,0.0,21378.89,61146.022,Demais serviços,7753
3520202,Igaratá,SP,Sudeste,Rios do Vale,D,41.0,3,13.67,39.0,0.0,39.0,0.0,21953.32,117579.364,Demais serviços,9534
3111606,Campos Gerais,MG,Sudeste,Lago de Furnas,D,7.0,2,3.5,0.0,0.0,0.0,0.0,16190.96,218554.623,Demais serviços,28774
3115359,Catas Altas,MG,Sudeste,Ouro,D,8.0,6,1.33,124.0,0.0,124.0,0.0,205288.4,249640.627,Indústrias extrativas,5376
3119203,Coroaci,MG,Sudeste,Trilhas do Rio Doce,D,0.0,0,,0.0,4988.0,4988.0,0.0,10393.2,31941.485,"Administração, defesa, educação e saúde públicas e seguridade social",9991
3121308,Descoberto,MG,Sudeste,Caminhos Verdes de Minas,D,0.0,0,,0.0,21129.0,21129.0,0.0,13438.11,21029.68,"Administração, defesa, educação e saúde públicas e seguridade social",5013
3148202,Patrocínio do Muriaé,MG,Sudeste,Serra do Brigadeiro,D,0.0,0,,375.0,22372.0,22747.0,0.0,17609.95,37389.294,Demais serviços,5684
3155801,Rio Pomba,MG,Sudeste,Caminhos Verdes de Minas,D,25.0,4,6.25,0.0,2624.0,2624.0,0.0,19906.06,177104.794,Demais serviços,17910
3155900,Rio Preto,MG,Sudeste,Serras de Ibitipoca,D,8.0,3,2.67,572.0,7494.0,8066.0,0.0,11225.82,26263.704,"Administração, defesa, educação e saúde públicas e seguridade social",5476
3160009,Santo Antônio do Aventureiro,MG,Sudeste,Serras e Cachoeiras,D,67.0,1,67.0,0.0,0.0,0.0,0.0,13796.38,16213.464,"Administração, defesa, educação e saúde públicas e seguridade social",3602
3166006,Senhora de Oliveira,MG,Sudeste,Villas e Fazendas de Minas,D,2.0,1,2.0,0.0,0.0,0.0,0.0,12187.98,28019.721,"Administração, defesa, educação e saúde públicas e seguridade social",5786
3166105,Senhora do Porto,MG,Sudeste,Trilhas do Rio Doce,D,0.0,0,,0.0,0.0,0.0,0.0,10318.43,7782.47,"Administração, defesa, educação e saúde públicas e seguridade social",3523
3167509,Simão Pereira,MG,Sudeste,Caminho Novo,D,24.0,2,12.0,170.0,0.0,170.0,0.0,27994.09,14445.836,"Eletricidade e gás, água, esgoto, atividades de gestão de resíduos e descontaminação",2615
3203601,Mucurici,ES,Sudeste,Doce Terra Morena,D,2.0,1,2.0,0.0,0.0,0.0,0.0,13965.55,16873.447,"Administração, defesa, educação e saúde públicas e seguridade social",5524
4314704,Planalto,RS,Sul,Rota Águas e Pedras,D,7.0,2,3.5,0.0,8042.0,8042.0,0.0,20998.63,83895.854,Demais serviços,10084
2613305,São Joaquim do Monte,PE,Nordeste,ENCANTOS DO AGRESTE,D,3.0,1,3.0,0.0,2733.0,2733.0,0.0,7899.93,46204.268,"Administração, defesa, educação e saúde públicas e seguridade social",21356
2921401,Mirangaba,BA,Nordeste,Chapada Diamantina,D,0.0,0,,245.0,0.0,245.0,0.0,6914.16,30879.905,"Administração, defesa, educação e saúde públicas e seguridade social",18338
3146305,Padre Paraíso,MG,Sudeste,Pedras Preciosas,D,16.0,2,8.0,0.0,18287.0,18287.0,0.0,9368.72,78896.559,"Administração, defesa, educação e saúde públicas e seguridade social",20154
3151404,Pitangui,MG,Sudeste,Verde - Trilha dos Bandeirantes,D,24.0,6,4.0,0.0,0.0,0.0,0.0,19744.62,263336.532,Demais serviços,27989
3153806,Queluzito,MG,Sudeste,Villas e Fazendas de Minas,D,8.0,2,4.0,0.0,0.0,0.0,0.0,16574.07,9325.267,"Administração, defesa, educação e saúde públicas e seguridade social",1939
3159100,Santana dos Montes,MG,Sudeste,Villas e Fazendas de Minas,D,27.0,4,6.75,0.0,0.0,0.0,0.0,10741.4,12919.763,"Administração, defesa, educação e saúde públicas e seguridade social",3777
3527603,Luís Antônio,SP,Sudeste,Alta Mogiana,D,4.0,1,4.0,0.0,0.0,0.0,0.0,92760.78,357647.356,Indústrias de transformação,14947
3540903,Pradópolis,SP,Sudeste,Caminhos da Mogiana,D,14.0,2,7.0,0.0,0.0,0.0,0.0,29431.31,243651.011,Demais serviços,21496
3557154,Zacarias,SP,Sudeste,Tietê Vivo,D,1.0,1,1.0,0.0,0.0,0.0,0.0,33303.78,22886.1,"Agricultura, inclusive apoio à agricultura e a pós colheita",2718
4305603,Colorado,RS,Sul,Rota das Terras Encantadas,D,2.0,1,2.0,0.0,11697.0,11697.0,0.0,61256.2,57271.746,"Agricultura, inclusive apoio à agricultura e a pós colheita",3175
4309951,Ibirapuitã,RS,Sul,Alto da Serra do Botucaraí,D,0.0,0,,207.0,0.0,207.0,0.0,34495.4,32013.319,"Agricultura, inclusive apoio à agricultura e a pós colheita",4013
4316451,Salto do Jacuí,RS,Sul,Rota das Terras Encantadas,D,3.0,1,3.0,0.0,0.0,0.0,0.0,71304.66,116869.671,"Eletricidade e gás, água, esgoto, atividades de gestão de resíduos e descontaminação",12449
5002159,Bodoquena,MS,Sul,Bonito / Serra da Bodoquena,D,4.0,1,4.0,119.0,0.0,119.0,0.0,27953.4,50525.332,"Administração, defesa, educação e saúde públicas e seguridade social",7875
5003108,Corguinho,MS,Sul,Caminho dos Ipês,D,14.0,2,7.0,0.0,1399.0,1399.0,0.0,18707.58,21439.54,"Administração, defesa, educação e saúde públicas e seguridade social",5947
3101201,Aiuruoca,MG,Sudeste,Terras Altas da Mantiqueira,D,8.0,4,2.0,226.0,21062.0,21288.0,0.0,16513.17,41872.531,Demais serviços,6003
3133006,Itamonte,MG,Sudeste,Terras Altas da Mantiqueira,D,13.0,4,3.25,0.0,15838.0,15838.0,0.0,53851.17,246461.275,Indústrias de transformação,15579
3133105,Itanhandu,MG,Sudeste,Terras Altas da Mantiqueira,D,20.0,4,5.0,245.0,6316.0,6561.0,0.0,28713.42,152833.239,"Pecuária, inclusive apoio à pecuária",15331
3133600,Itapeva,MG,Sudeste,Serras Verdes do Sul de Minas,D,45.0,3,15.0,332.0,12633.0,12965.0,0.0,80296.68,530377.629,Comércio e reparação de veículos automotores e motocicletas,9783
3302106,Itaocara,RJ,Sudeste,ÁGUAS DO NOROESTE,D,17.0,3,5.67,116.0,0.0,116.0,0.0,23817.93,230263.249,Demais serviços,23234
3513900,Divinolândia,SP,Sudeste,"Entre Rios, Serras  e Cafés.",D,3.0,1,3.0,0.0,6316.0,6316.0,0.0,27838.93,173067.542,Demais serviços,11146
4101101,Andirá,PR,Sul,Norte Pioneiro,D,5.0,2,2.5,0.0,5825.0,5825.0,0.0,37736.32,332775.828,Demais serviços,20031
4103354,Braganey,PR,Sul,Riquezas do Oeste,D,1.0,1,1.0,0.0,0.0,0.0,0.0,32591.03,53794.57,"Agricultura, inclusive apoio à agricultura e a pós colheita",5427
4104451,Cantagalo,PR,Sul,Lagos e Colinas,D,1.0,1,1.0,0.0,10468.0,10468.0,0.0,19102.32,82570.34,"Agricultura, inclusive apoio à agricultura e a pós colheita",13317
4114401,Mangueirinha,PR,Sul,Vales do Iguaçu,D,8.0,3,2.67,0.0,0.0,0.0,0.0,87398.56,260144.903,"Eletricidade e gás, água, esgoto, atividades de gestão de resíduos e descontaminação",16714
4116802,Nova Cantu,PR,Sul,"Ecoaventuras, Histórias e Sabores",D,0.0,0,,0.0,6316.0,6316.0,0.0,37467.13,67734.338,"Agricultura, inclusive apoio à agricultura e a pós colheita",5302
5002902,Cassilândia,MS,Sul,Integra Costa Leste - Vale do Aporé,D,33.0,4,8.25,215.0,16746.0,16961.0,0.0,29023.03,245829.087,Demais serviços,21939
5218102,Portelândia,GO,Centro-Oeste,Região Turística Pegadas no Cerrado,D,0.0,0,,0.0,0.0,0.0,0.0,53653.44,70711.423,"Agricultura, inclusive apoio à agricultura e a pós colheita",4011
2509057,Marcação,PB,Nordeste,Trilhas dos Potiguaras ,E,0.0,0,,0.0,0.0,0.0,0.0,9438.51,13243.915,"Administração, defesa, educação e saúde públicas e seguridade social",8558
2311405,Quixeramobim,CE,Nordeste,Sertão Central,D,14.0,2,7.0,135.0,28277.0,28412.0,0.0,15148.01,424572.246,Demais serviços,81082
2314003,Várzea Alegre,CE,Nordeste,Cariri,D,5.0,1,5.0,204.0,28678.0,28882.0,0.0,9768.71,150847.817,"Administração, defesa, educação e saúde públicas e seguridade social",40721
2411908,São Francisco do Oeste,RN,Nordeste,Polo Serrano,D,0.0,0,,0.0,3064.0,3064.0,0.0,10985.52,10944.931,"Administração, defesa, educação e saúde públicas e seguridade social",4228
3100203,Abaeté,MG,Sudeste,Lago de Três Marias,D,16.0,3,5.33,245.0,8415.0,8660.0,0.0,22262.55,220920.441,Demais serviços,23237
3140407,Marmelópolis,MG,Sudeste,Caminhos da Mantiqueira,D,1.0,1,1.0,0.0,7494.0,7494.0,0.0,12454.84,10854.102,"Administração, defesa, educação e saúde públicas e seguridade social",2755
3140902,Matipó,MG,Sudeste,Montanhas e Fé,D,6.0,2,3.0,0.0,0.0,0.0,0.0,19787.52,218955.023,Demais serviços,18908
3200102,Afonso Cláudio,ES,Sudeste,Montanhas Capixabas,D,12.0,4,3.0,111.0,13186.0,13297.0,0.0,14487.2,168803.279,"Administração, defesa, educação e saúde públicas e seguridade social",30586
3526100,Juquiá,SP,Sudeste,Caminhos da Mata Atlântica,D,9.0,4,2.25,77.0,0.0,77.0,0.0,18436.57,140836.688,Demais serviços,18812
3530102,Mirandópolis,SP,Sudeste,Pantanal Paulista,D,0.0,0,,363.0,2350.0,2713.0,0.0,20746.21,306072.57,Demais serviços,29564
3537008,Pedregulho,SP,Sudeste,Lagos do Rio Grande,D,12.0,2,6.0,0.0,0.0,0.0,0.0,63190.13,232055.456,"Eletricidade e gás, água, esgoto, atividades de gestão de resíduos e descontaminação",16744
3537156,Pedrinhas Paulista,SP,Sudeste,Circuito das Nações,D,0.0,0,,182.0,0.0,182.0,0.0,42284.71,73724.928,Demais serviços,3093
3546405,Santa Cruz do Rio Pardo,SP,Sudeste,Angra Doce Paulista,D,24.0,4,6.0,182.0,0.0,182.0,0.0,41989.07,1028100.232,Demais serviços,47673
4104600,Capitão Leônidas Marques,PR,Sul,Riquezas do Oeste,D,11.0,3,3.67,0.0,0.0,0.0,0.0,81461.05,161721.004,"Eletricidade e gás, água, esgoto, atividades de gestão de resíduos e descontaminação",15780
4201307,Araquari,SC,Sul,Caminho dos Príncipes,D,9.0,3,3.0,130.0,22938.0,23068.0,0.0,127363.81,1061737.638,Indústrias de transformação,38129
4203303,Campo Alegre,SC,Sul,Caminho dos Príncipes,D,4.0,3,1.33,95.0,1125.0,1220.0,0.0,46717.97,135844.446,Indústrias de transformação,11978
4203600,Campos Novos,SC,Sul,Vale dos Imigrantes,D,43.0,5,8.6,661.0,0.0,661.0,0.0,60541.09,749787.57,Demais serviços,36244
4206504,Guaramirim,SC,Sul,Caminho dos Príncipes,D,29.0,5,5.8,639.0,2473.0,3112.0,0.0,43680.4,766753.452,Indústrias de transformação,44819
4207650,Iporã do Oeste,SC,Sul,Caminhos da Fronteira,D,5.0,1,5.0,233.0,0.0,233.0,0.0,32640.88,106391.725,Demais serviços,8996
4209904,Lontras,SC,Sul,Caminhos do Alto Vale,D,5.0,1,5.0,111.0,8635.0,8746.0,0.0,29482.65,150175.892,Demais serviços,12130
4214201,Quilombo,SC,Sul,VALE DAS ÁGUAS,D,3.0,1,3.0,0.0,0.0,0.0,0.0,36906.9,120973.138,Demais serviços,9887
4314068,Passa Sete,RS,Sul,Centro-Serra,D,3.0,1,3.0,0.0,0.0,0.0,0.0,19440.1,19784.295,"Agricultura, inclusive apoio à agricultura e a pós colheita",5702
5004304,Iguatemi,MS,Sul,Caminhos da Natureza / Cone Sul,D,12.0,2,6.0,112.0,31497.0,31609.0,0.0,25947.89,99517.786,"Administração, defesa, educação e saúde públicas e seguridade social",16078
5100409,Alto Garças,MT,Centro-Oeste,Região Turística Domo de Araguainha,D,26.0,4,6.5,0.0,1895.0,1895.0,0.0,55068.46,201577.682,"Agricultura, inclusive apoio à agricultura e a pós colheita",12030
5104559,Itaúba,MT,Centro-Oeste,Região Turística Portal da Amazônia,D,11.0,2,5.5,0.0,1745.0,1745.0,0.0,49587.44,46317.773,"Agricultura, inclusive apoio à agricultura e a pós colheita",3802
5107750,Salto do Céu,MT,Centro-Oeste,Região Turística Vale do Cabaçal,D,0.0,0,,182.0,3324.0,3506.0,0.0,17642.5,10952.639,"Administração, defesa, educação e saúde públicas e seguridade social",3365
2312106,Santana do Cariri,CE,Nordeste,Cariri,E,0.0,0,,0.0,0.0,0.0,0.0,7588.62,34325.498,"Administração, defesa, educação e saúde públicas e seguridade social",17700
2414605,Upanema,RN,Nordeste,Polo Costa Branca,E,0.0,0,,0.0,0.0,0.0,0.0,11917.06,42986.505,"Administração, defesa, educação e saúde públicas e seguridade social",14659
2600302,Agrestina,PE,Nordeste,ENCANTOS DO AGRESTE,D,0.0,0,,170.0,6316.0,6486.0,0.0,11341.74,90440.055,"Administração, defesa, educação e saúde públicas e seguridade social",24885
2605004,Cupira,PE,Nordeste,ENCANTOS DO AGRESTE,D,1.0,1,1.0,0.0,19351.0,19351.0,0.0,11464.19,107950.762,"Administração, defesa, educação e saúde públicas e seguridade social",24107
2609808,Orocó,PE,Nordeste,ÁGUAS E VINHOS DO VALE DO SÃO FRANCISCO,D,0.0,0,,0.0,3499.0,3499.0,0.0,12588.22,35500.497,"Administração, defesa, educação e saúde públicas e seguridade social",14991
2611903,Rio Formoso,PE,Nordeste,"HISTÓRICA, DOS ARRECIFES E MANGUEZAIS",D,8.0,1,8.0,0.0,903.0,903.0,0.0,11492.0,69074.473,"Administração, defesa, educação e saúde públicas e seguridade social",23535
2613503,São José do Belmonte,PE,Nordeste,CANGAÇO E LAMPIÃO,D,4.0,3,1.33,0.0,15729.0,15729.0,0.0,8557.63,95456.954,"Administração, defesa, educação e saúde públicas e seguridade social",33959
2921203,Miguel Calmon,BA,Nordeste,Chapada Diamantina,D,0.0,0,,0.0,4227.0,4227.0,0.0,8860.5,89409.678,"Administração, defesa, educação e saúde públicas e seguridade social",26023
2923605,Paramirim,BA,Nordeste,Chapada Diamantina,D,0.0,0,,104.0,0.0,104.0,0.0,11024.83,97573.04,"Administração, defesa, educação e saúde públicas e seguridade social",21607
2924306,Piatã,BA,Nordeste,Chapada Diamantina,D,0.0,1,0.0,182.0,0.0,182.0,0.0,7851.06,46832.447,"Administração, defesa, educação e saúde públicas e seguridade social",17123
2926004,Remanso,BA,Nordeste,Vale do São Francisco,D,7.0,1,7.0,0.0,12479.0,12479.0,0.0,9665.15,152493.986,"Administração, defesa, educação e saúde públicas e seguridade social",41008
3117801,Conceição dos Ouros,MG,Sudeste,Serras Verdes do Sul de Minas,D,0.0,0,,347.0,0.0,347.0,0.0,15472.85,63598.857,Demais serviços,11638
3118700,Coqueiral,MG,Sudeste,Vale Verde e Quedas D'Água,D,4.0,1,4.0,0.0,0.0,0.0,0.0,16955.61,64711.964,Demais serviços,9159
3153400,Presidente Olegário,MG,Sudeste,Noroeste das Gerais e Alto Paranaíba,D,5.0,2,2.5,0.0,34068.0,34068.0,0.0,22742.13,151885.032,Demais serviços,19573
3204500,Santa Leopoldina,ES,Sudeste,Imigrantes,D,9.0,3,3.0,116.0,496.0,612.0,0.0,16526.03,50823.512,"Administração, defesa, educação e saúde públicas e seguridade social",12224
3522901,Itapuí,SP,Sudeste,Caminhos do Tietê,D,2.0,1,2.0,204.0,0.0,204.0,0.0,43782.6,310395.966,Demais serviços,13992
3544202,Riolândia,SP,Sudeste,MARAVILHAS  DO RIO GRANDE,D,4.0,1,4.0,0.0,0.0,0.0,0.0,17578.56,69114.914,Demais serviços,12518
4100459,Altamira do Paraná,PR,Sul,"Ecoaventuras, Histórias e Sabores",D,0.0,0,,0.0,17011.0,17011.0,0.0,38678.23,20619.256,"Pecuária, inclusive apoio à pecuária",1942
4124707,São Jerônimo da Serra,PR,Sul,Norte do Paraná,D,4.0,2,2.0,0.0,17011.0,17011.0,0.0,19048.82,62374.808,"Agricultura, inclusive apoio à agricultura e a pós colheita",11170
4200507,Águas de Chapecó,SC,Sul,VALE DAS ÁGUAS,D,7.0,2,3.5,0.0,8042.0,8042.0,0.0,17174.07,30750.615,"Administração, defesa, educação e saúde públicas e seguridade social",6486
4304309,Cândido Godói,RS,Sul,Rota do Rio Uruguai,D,0.0,0,,121.0,0.0,121.0,0.0,39167.45,89173.565,Demais serviços,6198
4305900,Coronel Bicaco,RS,Sul,Rota do Yucumã,D,0.0,0,,0.0,0.0,0.0,0.0,41327.1,100586.975,"Agricultura, inclusive apoio à agricultura e a pós colheita",7325
4322327,Turuçu,RS,Sul,Costa Doce,D,0.0,0,,84.0,0.0,84.0,0.0,30520.56,27040.258,"Agricultura, inclusive apoio à agricultura e a pós colheita",3438
5100805,Apiacás,MT,Centro-Oeste,Região Turística Amazônia Mato-Grossense,D,14.0,3,4.67,0.0,9101.0,9101.0,0.0,16475.26,55192.182,"Administração, defesa, educação e saúde públicas e seguridade social",10133
5212709,Mambaí,GO,Centro-Oeste,Região Turística das Águas e Cavernas do Cerrado,D,5.0,2,2.5,0.0,0.0,0.0,0.0,10009.26,36119.734,"Administração, defesa, educação e saúde públicas e seguridade social",8882
2911808,Guaratinga,BA,Nordeste,Costa do Descobrimento,E,0.0,0,,0.0,0.0,0.0,0.0,9927.51,41221.378,"Administração, defesa, educação e saúde públicas e seguridade social",20843
2611002,Petrolândia,PE,Nordeste,ILHAS E LAGOS DO SÃO FRANCISCO,D,10.0,3,3.33,553.0,12583.0,13136.0,0.0,40379.67,259086.765,"Eletricidade e gás, água, esgoto, atividades de gestão de resíduos e descontaminação",36548
2803203,Itaporanga dAjuda,SE,Nordeste,Polo Costa dos Coqueirais,D,1.0,1,1.0,0.0,0.0,0.0,0.0,24965.16,201930.476,Indústrias de transformação,34356
2804409,Neópolis,SE,Nordeste,Polo Velho Chico,D,1.0,1,1.0,182.0,3669.0,3851.0,0.0,13911.41,73782.184,"Administração, defesa, educação e saúde públicas e seguridade social",18719
2922409,Mutuípe,BA,Nordeste,Caminhos do Jiquiriçá,D,3.0,1,3.0,0.0,1953.0,1953.0,0.0,15888.52,203720.149,Demais serviços,22221
2923803,Paripiranga,BA,Nordeste,Caminhos do Sertão,D,5.0,1,5.0,0.0,15441.0,15441.0,0.0,12036.8,127802.312,Demais serviços,28989
3144607,Nepomuceno,MG,Sudeste,Vale Verde e Quedas D'Água,D,5.0,1,5.0,75.0,4335.0,4410.0,0.0,17303.46,208608.85,Demais serviços,26769
3302304,Laje do Muriaé,RJ,Sudeste,ÁGUAS DO NOROESTE,D,0.0,0,,0.0,12708.0,12708.0,0.0,19810.21,38687.317,"Administração, defesa, educação e saúde públicas e seguridade social",7355
3303104,Natividade,RJ,Sudeste,ÁGUAS DO NOROESTE,D,0.0,0,,0.0,7494.0,7494.0,0.0,19417.17,113704.845,"Administração, defesa, educação e saúde públicas e seguridade social",15317
3508108,Buritama,SP,Sudeste,Tietê Vivo,D,5.0,2,2.5,403.0,0.0,403.0,0.0,34928.27,249122.102,Demais serviços,17144
3515186,Espírito Santo do Pinhal,SP,Sudeste,"Entre Rios, Serras  e Cafés.",D,31.0,5,6.2,1019.0,0.0,1019.0,0.0,34559.78,730312.238,Demais serviços,44330
4114500,Manoel Ribas,PR,Sul,"Entre Matas, Morros e Rios",D,1.0,1,1.0,0.0,20944.0,20944.0,0.0,27527.4,159399.761,Demais serviços,13502
4117271,Nova Tebas,PR,Sul,"Entre Matas, Morros e Rios",D,0.0,0,,0.0,0.0,0.0,0.0,23235.39,34868.86,"Administração, defesa, educação e saúde públicas e seguridade social",5649
4125209,São Jorge dOeste,PR,Sul,Vales do Iguaçu,D,6.0,2,3.0,119.0,11214.0,11333.0,0.0,31711.18,89237.296,"Agricultura, inclusive apoio à agricultura e a pós colheita",9050
4200804,Anchieta,SC,Sul,Caminhos da Fronteira,D,6.0,1,6.0,140.0,0.0,140.0,0.0,25485.69,43740.056,Demais serviços,5638
4204905,Descanso,SC,Sul,Caminhos da Fronteira,D,3.0,1,3.0,0.0,0.0,0.0,0.0,27429.69,88392.426,Demais serviços,8250
4205001,Dionísio Cerqueira,SC,Sul,Caminhos da Fronteira,D,16.0,3,5.33,1853.0,26102.0,27955.0,0.0,26756.45,201705.257,Demais serviços,15498
4206405,Guaraciaba,SC,Sul,Caminhos da Fronteira,D,3.0,1,3.0,1586.0,0.0,1586.0,0.0,34425.63,127265.684,Demais serviços,10090
4212007,Palma Sola,SC,Sul,Caminhos da Fronteira,D,0.0,0,,188.0,0.0,188.0,0.0,28299.5,86130.384,Demais serviços,7423
4318432,São João do Polêsine,RS,Sul,Central,D,7.0,2,3.5,0.0,0.0,0.0,0.0,34152.22,39119.481,Demais serviços,2552
4322004,Triunfo,RS,Sul,Delta do Jacuí,D,2.0,1,2.0,0.0,0.0,0.0,0.0,283449.62,2150244.374,Indústrias de transformação,29538
4323770,Westfalia,RS,Sul,Vale do Taquari,D,0.0,0,,0.0,14888.0,14888.0,0.0,61267.0,42076.989,Indústrias de transformação,3014
5106703,Ponte Branca,MT,Centro-Oeste,Região Turística Domo de Araguainha,D,0.0,0,,0.0,5764.0,5764.0,0.0,15643.79,6348.987,"Administração, defesa, educação e saúde públicas e seguridade social",1576
5107008,Poxoréo,MT,Centro-Oeste,Região Turística Rota dos Ipês e das Águas,D,0.0,0,,186.0,15766.0,15952.0,0.0,32651.83,101350.855,"Agricultura, inclusive apoio à agricultura e a pós colheita",16219
2202026,Buriti dos Montes,PI,Nordeste,Polo Aventura e Mistério,E,0.0,0,,0.0,0.0,0.0,0.0,7496.29,11130.562,"Administração, defesa, educação e saúde públicas e seguridade social",8244
2410306,Serra Caiada,RN,Nordeste,Polo Agreste/Trairi,E,0.0,0,,0.0,0.0,0.0,0.0,8315.0,18079.28,"Administração, defesa, educação e saúde públicas e seguridade social",10395
2917904,Jandaíra,BA,Nordeste,Costa dos Coqueiros,D,4.0,2,2.0,656.0,4841.0,5497.0,0.0,12168.59,16666.843,"Administração, defesa, educação e saúde públicas e seguridade social",10709
2920502,Maracás,BA,Nordeste,Caminhos do Sudoeste,D,22.0,2,11.0,120.0,14505.0,14625.0,0.0,21363.92,142351.553,Indústrias extrativas,20834
3114204,Carmo do Cajuru,MG,Sudeste,Campo das Vertentes,D,10.0,2,5.0,0.0,0.0,0.0,0.0,20781.11,166203.82,Demais serviços,22478
3120805,Cruzília,MG,Sudeste,Águas,D,2.0,1,2.0,230.0,392.0,622.0,0.0,16846.9,116858.421,Demais serviços,15417
3135001,Jaguaraçu,MG,Sudeste,Trilhas do Rio Doce,D,1.0,1,1.0,0.0,0.0,0.0,0.0,28083.69,29262.013,Demais serviços,3133
3136504,Jordânia,MG,Sudeste,Vale do Jequitinhonha,D,0.0,0,,121.0,0.0,121.0,0.0,8616.0,31956.303,"Administração, defesa, educação e saúde públicas e seguridade social",10812
3556800,Viradouro,SP,Sudeste,Águas Sertanejas,D,2.0,1,2.0,0.0,6794.0,6794.0,0.0,18168.08,177259.529,Demais serviços,18898
4106605,Cruzeiro do Oeste,PR,Sul,Corredores das Águas,D,7.0,4,1.75,91.0,2317.0,2408.0,0.0,40132.68,348689.552,Demais serviços,20932
4120002,Porecatu,PR,Sul,Norte do Paraná,D,3.0,2,1.5,0.0,29397.0,29397.0,0.0,46861.1,156817.851,"Eletricidade e gás, água, esgoto, atividades de gestão de resíduos e descontaminação",12914
4122651,Rosário do Ivaí,PR,Sul,Vale do Ivaí,D,0.0,0,,0.0,4903.0,4903.0,0.0,19023.22,28152.522,"Administração, defesa, educação e saúde públicas e seguridade social",4786
4216008,São Carlos,SC,Sul,VALE DAS ÁGUAS,D,54.0,1,54.0,622.0,8042.0,8664.0,0.0,38241.56,129952.787,Indústrias de transformação,11281
5215603,Padre Bernardo,GO,Centro-Oeste,Região Turística Vale da Serra da Mesa,D,11.0,5,2.2,0.0,19606.0,19606.0,0.0,18341.43,193381.164,"Agricultura, inclusive apoio à agricultura e a pós colheita",33835
2207009,Oeiras,PI,Nordeste,Polo Histórico Cultural,C,16.0,7,2.29,0.0,20990.0,20990.0,0.0,13024.96,224017.026,"Administração, defesa, educação e saúde públicas e seguridade social",37029
2210607,São Raimundo Nonato,PI,Nordeste,Polo das Origens,C,36.0,6,6.0,607.0,43251.0,43858.0,0.0,14228.88,239116.992,"Administração, defesa, educação e saúde públicas e seguridade social",34710
2305506,Iguatu,CE,Nordeste,Centro Sul/ Vale do Salgado,C,70.0,6,11.67,328.0,107776.0,108104.0,0.0,16562.4,849551.677,Demais serviços,102498
2308708,Morada Nova,CE,Nordeste,Vale do Jaguaribe,C,6.0,4,1.5,196.0,63873.0,64069.0,0.0,16312.75,341789.717,Demais serviços,61890
2401107,Areia Branca,RN,Nordeste,Polo Costa Branca,C,35.0,6,5.83,394.0,53377.0,53771.0,0.0,26529.59,224464.584,Indústrias extrativas,27774
2403103,Currais Novos,RN,Nordeste,Polo Seridó,C,36.0,7,5.14,197.0,36274.0,36471.0,0.0,16947.02,358573.837,Demais serviços,44786
2404507,Guamaré,RN,Nordeste,Polo Costa Branca,C,30.0,6,5.0,0.0,29649.0,29649.0,0.0,110764.0,290254.271,Indústrias de transformação,15659
2615409,Toritama,PE,Nordeste,MODA E ECOTURISMO,C,19.0,2,9.5,0.0,98169.0,98169.0,0.0,15681.21,298961.265,Demais serviços,45219
2906303,Canavieiras,BA,Nordeste,Costa do Cacau,C,34.0,4,8.5,5512.0,35053.0,40565.0,0.0,11055.45,113180.693,"Administração, defesa, educação e saúde públicas e seguridade social",31099
2909802,Cruz das Almas,BA,Nordeste,Caminhos do Jiquiriçá,C,54.0,8,6.75,267.0,53601.0,53868.0,0.0,15514.91,547632.522,Demais serviços,63239
2930709,Simões Filho,BA,Nordeste,Baía de Todos os Santos,C,8.0,2,4.0,106.0,53174.0,53280.0,0.0,40637.42,2351187.623,Demais serviços,134377
3108206,Bonfinópolis de Minas,MG,Sudeste,Urucuia Grande Sertão,C,2.0,1,2.0,0.0,55778.0,55778.0,0.0,35249.34,50781.735,"Agricultura, inclusive apoio à agricultura e a pós colheita",5493
3109303,Buritis,MG,Sudeste,Noroeste das Gerais e Alto Paranaíba,C,9.0,2,4.5,259.0,54787.0,55046.0,0.0,31157.87,267706.998,"Agricultura, inclusive apoio à agricultura e a pós colheita",24841
3117306,Conceição das Alagoas,MG,Sudeste,Alta Mogiana,C,59.0,6,9.83,0.0,0.0,0.0,0.0,32935.96,326822.746,Demais serviços,27893
3144300,Nanuque,MG,Sudeste,Pedras Preciosas,C,39.0,6,6.5,595.0,28031.0,28626.0,0.0,19671.05,392473.293,Demais serviços,40750
3162906,São João Nepomuceno,MG,Sudeste,Caminhos Verdes de Minas,C,7.0,2,3.5,116.0,44451.0,44567.0,0.0,16279.56,194702.181,Demais serviços,26361
3203908,Nova Venécia,ES,Sudeste,"Pedras, Pão e Mel",C,50.0,6,8.33,845.0,10112.0,10957.0,0.0,20090.18,502151.75,Demais serviços,50110
3301900,Itaboraí,RJ,Sudeste,CAMINHOS DA MATA,C,78.0,7,11.14,884.0,0.0,884.0,0.0,20484.24,2147328.257,"Administração, defesa, educação e saúde públicas e seguridade social",240592
3304102,Porciúncula,RJ,Sudeste,ÁGUAS DO NOROESTE,C,4.0,1,4.0,0.0,50994.0,50994.0,0.0,18484.49,122180.763,"Administração, defesa, educação e saúde públicas e seguridade social",18847
3304755,São Francisco de Itabapoana,RJ,Sudeste,COSTA DOCE,C,13.0,5,2.6,273.0,137585.0,137858.0,0.0,24265.57,260143.498,"Administração, defesa, educação e saúde públicas e seguridade social",42205
3522505,Itapevi,SP,Sudeste,Negócios e Cultura,C,10.0,1,10.0,0.0,64387.0,64387.0,0.0,50673.18,6625625.331,Demais serviços,237700
3523206,Itararé,SP,Sudeste,Região Turística dos Cânions Paulista,C,35.0,6,5.83,389.0,5911.0,6300.0,0.0,18709.48,504082.596,Demais serviços,50503
3526803,Lençóis Paulista,SP,Sudeste,Coração Paulista,C,57.0,8,7.12,0.0,0.0,0.0,0.0,44920.91,1460705.911,Demais serviços,68432
3535408,Panorama,SP,Sudeste,Águas do Oeste,C,25.0,5,5.0,0.0,41127.0,41127.0,0.0,17416.08,144104.825,Demais serviços,15777
4305454,Cidreira,RS,Sul,Litoral Norte Gaúcho,C,12.0,3,4.0,176.0,155920.0,156096.0,0.0,18951.92,150645.676,Demais serviços,16254
4308607,Garibaldi,RS,Sul,Uva e Vinho,C,42.0,5,8.4,0.0,27481.0,27481.0,0.0,67965.25,822697.475,Indústrias de transformação,35070
4311908,Marcelino Ramos,RS,Sul,Termas e Lagos,C,56.0,6,9.33,0.0,3347.0,3347.0,0.0,30265.96,51182.887,Demais serviços,4402
4313508,Osório,RS,Sul,Litoral Norte Gaúcho,C,26.0,7,3.71,4704.0,45900.0,50604.0,0.0,36828.12,968112.33,Demais serviços,45994
4314456,Pinhal,RS,Sul,Rota Águas e Pedras,C,0.0,0,,228.0,54270.0,54498.0,0.0,33082.96,16524.607,"Pecuária, inclusive apoio à pecuária",2579
4320107,Sarandi,RS,Sul,Cultura e Tradição,C,16.0,6,2.67,276.0,41241.0,41517.0,0.0,40917.78,488431.778,Demais serviços,24489
5006002,Nova Alvorada do Sul,MS,Sul,Caminho dos Ipês,C,49.0,8,6.12,0.0,4241.0,4241.0,0.0,70487.71,285273.226,"Agricultura, inclusive apoio à agricultura e a pós colheita",21882
5101605,Barão de Melgaço,MT,Centro-Oeste,Região Turística  Pantanal Mato-Grossense,C,23.0,7,3.29,0.0,11424.0,11424.0,0.0,10558.33,15550.335,"Administração, defesa, educação e saúde públicas e seguridade social",8564
5102686,Campos de Júlio,MT,Centro-Oeste,Região Turística das Nascentes,C,16.0,4,4.0,0.0,48165.0,48165.0,0.0,193805.46,304727.453,"Agricultura, inclusive apoio à agricultura e a pós colheita",6891
5103502,Diamantino,MT,Centro-Oeste,Associação de Turismo da Região Circuito das Águas - Aturcira,C,33.0,7,4.71,245.0,4094.0,4339.0,0.0,111197.06,566079.157,"Agricultura, inclusive apoio à agricultura e a pós colheita",22041
5106158,Nova Bandeirantes,MT,Centro-Oeste,Região Turística Amazônia Mato-Grossense,C,15.0,7,2.14,0.0,3135.0,3135.0,0.0,14653.26,58057.801,"Administração, defesa, educação e saúde públicas e seguridade social",15288
5212253,Lagoa Santa,GO,Centro-Oeste,Região Turística Lagos do Paranaíba,C,38.0,4,9.5,119.0,49103.0,49222.0,0.0,26351.52,13743.785,"Administração, defesa, educação e saúde públicas e seguridade social",1588
5214507,Nerópolis,GO,Centro-Oeste,Região Turística dos Negócios e Tradições,C,17.0,4,4.25,0.0,45484.0,45484.0,0.0,27068.2,322720.301,Demais serviços,29850
5217401,Pires do Rio,GO,Centro-Oeste,Região Turística da Estrada de Ferro,C,36.0,6,6.0,39.0,27858.0,27897.0,0.0,30659.96,422395.309,Demais serviços,31458
1100080,Costa Marques,RO,Norte,POLO TURÍSTICO REGIÃO DOS FORTES,D,3.0,2,1.5,0.0,1548.0,1548.0,0.0,13025.4,45147.016,"Administração, defesa, educação e saúde públicas e seguridade social",18331
1100130,Machadinho d'Oeste,RO,Norte,POLO TURÍSTICO VALE DO JAMARI,D,22.0,6,3.67,140.0,7054.0,7194.0,0.0,15828.73,138281.233,"Administração, defesa, educação e saúde públicas e seguridade social",39991
1101302,Mirante da Serra,RO,Norte,POLO TURÍSTICO ROTA DAS ÁGUAS,D,4.0,2,2.0,120.0,25258.0,25378.0,0.0,19826.97,60690.122,"Administração, defesa, educação e saúde públicas e seguridade social",10947
1101435,Nova União,RO,Norte,POLO TURÍSTICO ROTA DAS ÁGUAS,D,7.0,1,7.0,0.0,0.0,0.0,0.0,16834.09,14375.902,"Administração, defesa, educação e saúde públicas e seguridade social",6970
1300086,Anamã,AM,Norte,Polo Médio Solimões,D,0.0,0,,0.0,1343.0,1343.0,0.0,8948.45,18292.562,"Administração, defesa, educação e saúde públicas e seguridade social",13614
1301704,Humaitá,AM,Norte,Polo Madeira,D,37.0,5,7.4,120.0,4681.0,4801.0,0.0,12680.12,213839.391,"Administração, defesa, educação e saúde públicas e seguridade social",55080
1303304,Novo Aripuanã,AM,Norte,Polo Madeira,D,1.0,1,1.0,0.0,5015.0,5015.0,0.0,8263.52,36191.309,"Administração, defesa, educação e saúde públicas e seguridade social",25644
1303601,Santa Isabel do Rio Negro,AM,Norte,Polo Alto Rio Negro,D,0.0,0,,64.0,0.0,64.0,0.0,6063.41,20724.807,"Administração, defesa, educação e saúde públicas e seguridade social",25156
1400605,São Luiz,RR,Norte,Águas e Florestas da Linha do Equador,D,4.0,1,4.0,0.0,18190.0,18190.0,0.0,18485.82,21137.943,"Administração, defesa, educação e saúde públicas e seguridade social",7986
1500701,Anajás,PA,Norte,Região Turística das Florestas do Marajó,D,0.0,0,,113.0,4742.0,4855.0,0.0,7326.86,35923.768,"Administração, defesa, educação e saúde públicas e seguridade social",29277
1502004,Cachoeira do Arari,PA,Norte,Região Turística dos Campos do Marajó,D,0.0,0,,0.0,652.0,652.0,0.0,8157.47,27770.214,"Administração, defesa, educação e saúde públicas e seguridade social",23767
1502772,Curionópolis,PA,Norte,Região turística do Carajás,D,3.0,3,1.0,61.0,5135.0,5196.0,0.0,52681.68,160474.748,Indústrias extrativas,17929
1502806,Curralinho,PA,Norte,Região Turística das Florestas do Marajó,D,0.0,0,,206.0,2468.0,2674.0,0.0,7391.8,42513.388,"Administração, defesa, educação e saúde públicas e seguridade social",34448
1502905,Curuçá,PA,Norte,Região Turística Amazônia Atlântica Guamá,D,0.0,0,,272.0,22530.0,22802.0,0.0,7261.11,57168.325,"Administração, defesa, educação e saúde públicas e seguridade social",40066
1503101,Gurupá,PA,Norte,Região Turística das Florestas do Marajó,D,0.0,0,,0.0,0.0,0.0,0.0,8148.07,47769.673,"Administração, defesa, educação e saúde públicas e seguridade social",33376
1503705,Itupiranga,PA,Norte,Região Turística do Lago de Tucuruí,D,0.0,2,0.0,0.0,7527.0,7527.0,0.0,10921.94,112722.468,"Administração, defesa, educação e saúde públicas e seguridade social",53269
1504422,Marituba,PA,Norte,Região Turística de Belém,D,19.0,2,9.5,0.0,2468.0,2468.0,0.0,14695.07,924952.61,"Administração, defesa, educação e saúde públicas e seguridade social",131521
1506302,Salvaterra,PA,Norte,Região Turística dos Campos do Marajó,D,46.0,4,11.5,1004.0,17070.0,18074.0,0.0,7605.36,47800.252,"Administração, defesa, educação e saúde públicas e seguridade social",23752
1703909,Caseara,TO,Norte,Lagos e Praias do Cantão,D,1.0,1,1.0,120.0,4780.0,4900.0,0.0,31356.48,37721.152,"Agricultura, inclusive apoio à agricultura e a pós colheita",5369
1707553,Fátima,TO,Norte,Serras e Lago,D,6.0,2,3.0,0.0,5702.0,5702.0,0.0,20412.57,28258.324,"Administração, defesa, educação e saúde públicas e seguridade social",3835
1710706,Itaguatins,TO,Norte,Bico do Papagaio,D,0.0,0,,0.0,3499.0,3499.0,0.0,11699.77,9487.486,"Administração, defesa, educação e saúde públicas e seguridade social",5864
1713205,Miracema do Tocantins,TO,Norte,Serras e Lago,D,8.0,3,2.67,0.0,14014.0,14014.0,0.0,33674.91,106173.246,"Eletricidade e gás, água, esgoto, atividades de gestão de resíduos e descontaminação",18248
1714203,Natividade,TO,Norte,Serras Gerais,D,6.0,1,6.0,0.0,5838.0,5838.0,0.0,16937.14,40433.313,"Administração, defesa, educação e saúde públicas e seguridade social",9244
1721109,Tocantínia,TO,Norte,Serras e Lago,D,0.0,0,,130.0,0.0,130.0,0.0,17105.94,18141.179,"Administração, defesa, educação e saúde públicas e seguridade social",7545
2100501,Alto Parnaíba,MA,Nordeste,Polo Chapada das Mesas,D,4.0,1,4.0,186.0,0.0,186.0,0.0,30305.5,77234.591,"Agricultura, inclusive apoio à agricultura e a pós colheita",11190
2102556,Campestre do Maranhão,MA,Nordeste,Polo Chapada das Mesas,D,0.0,0,,0.0,0.0,0.0,0.0,13748.25,44093.919,"Agricultura, inclusive apoio à agricultura e a pós colheita",14374
2103125,Central do Maranhão,MA,Nordeste,Polo Floresta dos Guarás,D,0.0,0,,0.0,0.0,0.0,0.0,5414.99,11205.609,"Administração, defesa, educação e saúde públicas e seguridade social",8673
2103174,Centro Novo do Maranhão,MA,Nordeste,Polo Amazônia Maranhense,D,0.0,0,,0.0,0.0,0.0,0.0,6389.81,31520.274,"Administração, defesa, educação e saúde públicas e seguridade social",21622
2103406,Coelho Neto,MA,Nordeste,Polo Cocais,D,1.0,1,1.0,0.0,39551.0,39551.0,0.0,7359.25,125045.3,"Administração, defesa, educação e saúde públicas e seguridade social",49435
2104057,Estreito,MA,Nordeste,Polo Chapada das Mesas,D,28.0,6,4.67,0.0,4118.0,4118.0,0.0,22463.64,190627.199,"Eletricidade e gás, água, esgoto, atividades de gestão de resíduos e descontaminação",41946
2104099,Formosa da Serra Negra,MA,Nordeste,Polo Chapada das Mesas,D,0.0,0,,0.0,0.0,0.0,0.0,7631.71,36435.353,"Administração, defesa, educação e saúde públicas e seguridade social",19089
2109403,Primeira Cruz,MA,Nordeste,Polo Lençóis Maranhenses,D,0.0,0,,0.0,459.0,459.0,0.0,4676.32,10892.119,"Administração, defesa, educação e saúde públicas e seguridade social",15315
2109502,Riachão,MA,Nordeste,Polo Chapada das Mesas,D,0.0,0,,474.0,9885.0,10359.0,0.0,16609.84,78209.199,"Agricultura, inclusive apoio à agricultura e a pós colheita",20195
2112704,Vargem Grande,MA,Nordeste,Polo Munin,D,1.0,1,1.0,0.0,8105.0,8105.0,0.0,6073.74,99584.861,"Administração, defesa, educação e saúde públicas e seguridade social",56510
2201572,Belém do Piauí,PI,Nordeste,Polo Histórico Cultural,D,0.0,0,,0.0,0.0,0.0,0.0,9389.01,6495.579,"Administração, defesa, educação e saúde públicas e seguridade social",3566
2202604,Castelo do Piauí,PI,Nordeste,Polo Aventura e Mistério,D,0.0,0,,0.0,19577.0,19577.0,0.0,9052.92,48931.955,"Administração, defesa, educação e saúde públicas e seguridade social",19716
2204006,Francinópolis,PI,Nordeste,Polo Histórico Cultural,D,0.0,0,,0.0,676.0,676.0,0.0,7453.53,8397.143,"Administração, defesa, educação e saúde públicas e seguridade social",5348
2205516,Juazeiro do Piauí,PI,Nordeste,Polo Aventura e Mistério,D,0.0,0,,0.0,4341.0,4341.0,0.0,9046.29,10813.08,"Administração, defesa, educação e saúde públicas e seguridade social",5478
2206407,Monsenhor Gil,PI,Nordeste,Polo Costa Teresina,D,0.0,0,,0.0,2151.0,2151.0,0.0,8729.34,28109.456,"Administração, defesa, educação e saúde públicas e seguridade social",10564
2208106,Pimenteiras,PI,Nordeste,Polo Histórico Cultural,D,0.0,0,,0.0,5158.0,5158.0,0.0,8097.01,17953.013,"Administração, defesa, educação e saúde públicas e seguridade social",12127
2306256,Itaitinga,CE,Nordeste,Fortaleza,D,0.0,0,,70.0,0.0,70.0,0.0,19036.94,343463.723,Demais serviços,37980
2309805,Pacoti,CE,Nordeste,Serras de Aratanha e Baturité,D,10.0,1,10.0,253.0,4430.0,4683.0,0.0,10340.74,36982.989,"Administração, defesa, educação e saúde públicas e seguridade social",12261
2310258,Paraipaba,CE,Nordeste,Litoral Oeste,D,35.0,4,8.75,1457.0,17370.0,18827.0,0.0,13454.87,132991.978,"Administração, defesa, educação e saúde públicas e seguridade social",32744
2402402,Carnaúba dos Dantas,RN,Nordeste,Polo Seridó,D,3.0,1,3.0,0.0,0.0,0.0,0.0,10956.38,25280.375,"Administração, defesa, educação e saúde públicas e seguridade social",8180
2403707,Felipe Guerra,RN,Nordeste,Polo Serrano,D,7.0,2,3.5,0.0,3499.0,3499.0,0.0,17417.53,29591.619,"Administração, defesa, educação e saúde públicas e seguridade social",5985
2404853,Itajá,RN,Nordeste,Polo Costa Branca,D,2.0,1,2.0,0.0,0.0,0.0,0.0,11604.94,35038.187,"Administração, defesa, educação e saúde públicas e seguridade social",7548
2407005,Luís Gomes,RN,Nordeste,Polo Serrano,D,0.0,0,,0.0,17085.0,17085.0,0.0,7756.49,18850.964,"Administração, defesa, educação e saúde públicas e seguridade social",10116
2407500,Maxaranguape,RN,Nordeste,Polo Costa das Dunas,D,46.0,5,9.2,327.0,9564.0,9891.0,0.0,10904.11,33157.98,"Administração, defesa, educação e saúde públicas e seguridade social",12371
2408904,Parelhas,RN,Nordeste,Polo Seridó,D,5.0,2,2.5,190.0,1045.0,1235.0,0.0,17558.01,145269.933,"Administração, defesa, educação e saúde públicas e seguridade social",21477
2408953,Rio do Fogo,RN,Nordeste,Polo Costa das Dunas,D,31.0,3,10.33,0.0,4816.0,4816.0,0.0,15090.46,31569.803,"Administração, defesa, educação e saúde públicas e seguridade social",10848
2409100,Passa e Fica,RN,Nordeste,Polo Agreste/Trairi,D,0.0,0,,0.0,7186.0,7186.0,0.0,9241.46,35415.277,"Administração, defesa, educação e saúde públicas e seguridade social",13277
2412005,São Gonçalo do Amarante,RN,Nordeste,Polo Costa das Dunas,D,0.0,0,,0.0,10165.0,10165.0,0.0,15666.61,764975.1,Demais serviços,102400
2413300,Serra de São Bento,RN,Nordeste,Polo Agreste/Trairi,D,10.0,2,5.0,0.0,0.0,0.0,0.0,8531.83,12358.073,"Administração, defesa, educação e saúde públicas e seguridade social",5762
2413409,Serra Negra do Norte,RN,Nordeste,Polo Seridó,D,0.0,0,,0.0,1045.0,1045.0,0.0,11230.14,22697.241,"Administração, defesa, educação e saúde públicas e seguridade social",8078
2500106,Água Branca,PB,Nordeste,Vale dos Sertões,D,0.0,0,,0.0,756.0,756.0,0.0,8074.16,18324.569,"Administração, defesa, educação e saúde públicas e seguridade social",10234
2500403,Alagoa Nova,PB,Nordeste,Brejo,D,0.0,0,,0.0,48208.0,48208.0,0.0,15631.55,55844.034,"Administração, defesa, educação e saúde públicas e seguridade social",20849
2500502,Alagoinha,PB,Nordeste,Brejo,D,0.0,0,,152.0,0.0,152.0,0.0,7934.57,24958.702,"Administração, defesa, educação e saúde públicas e seguridade social",14489
2500700,São João do Rio do Peixe,PB,Nordeste,Vale dos Dinossauros,D,0.0,0,,0.0,5929.0,5929.0,0.0,10596.51,64697.04,"Administração, defesa, educação e saúde públicas e seguridade social",18034
2501500,Bananeiras,PB,Nordeste,Brejo,D,38.0,3,12.67,0.0,16135.0,16135.0,0.0,10998.3,65645.98,"Administração, defesa, educação e saúde públicas e seguridade social",21318
2501807,Bayeux,PB,Nordeste,Rota Sanhauá,D,19.0,4,4.75,0.0,0.0,0.0,0.0,14346.61,651800.976,"Administração, defesa, educação e saúde públicas e seguridade social",96880
2505808,Duas Estradas,PB,Nordeste,Brejo,D,0.0,0,,0.0,756.0,756.0,0.0,11253.15,9420.049,"Administração, defesa, educação e saúde públicas e seguridade social",3596
2506400,Gurinhém,PB,Nordeste,Vale do Paraíba,D,0.0,0,,0.0,11181.0,11181.0,0.0,9213.76,31774.15,"Administração, defesa, educação e saúde públicas e seguridade social",14129
2506806,Ingá,PB,Nordeste,Vale do Paraíba,D,0.0,0,,0.0,18310.0,18310.0,0.0,9919.13,54114.309,"Administração, defesa, educação e saúde públicas e seguridade social",18103
2506905,Itabaiana,PB,Nordeste,Vale do Paraíba,D,9.0,3,3.0,0.0,2964.0,2964.0,0.0,12600.39,129936.176,"Administração, defesa, educação e saúde públicas e seguridade social",24477
2507101,Itapororoca,PB,Nordeste,Vale do Mamanguape,D,0.0,0,,0.0,2964.0,2964.0,0.0,9810.7,54674.612,"Administração, defesa, educação e saúde públicas e seguridade social",18664
2507903,Juripiranga,PB,Nordeste,Vale do Paraíba,D,0.0,0,,0.0,12604.0,12604.0,0.0,9633.83,28122.029,"Administração, defesa, educação e saúde públicas e seguridade social",10756
2508901,Mamanguape,PB,Nordeste,Vale do Mamanguape,D,11.0,2,5.5,0.0,21335.0,21335.0,0.0,15363.07,297805.206,Demais serviços,44882
2509701,Monteiro,PB,Nordeste,Cariri,D,16.0,5,3.2,0.0,21747.0,21747.0,0.0,17381.24,327003.461,Demais serviços,33222
2512309,Princesa Isabel,PB,Nordeste,Vale dos Sertões,D,27.0,1,27.0,0.0,1116.0,1116.0,0.0,10501.83,75022.081,"Administração, defesa, educação e saúde públicas e seguridade social",23345
2600807,Altinho,PE,Nordeste,ENCANTOS DO AGRESTE,D,0.0,0,,0.0,16881.0,16881.0,0.0,7690.34,51452.247,"Administração, defesa, educação e saúde públicas e seguridade social",22972
2603454,Camaragibe,PE,Nordeste,ENGENHOS E MARACATUS,D,52.0,3,17.33,286.0,6298.0,6584.0,0.0,13514.39,997693.414,"Administração, defesa, educação e saúde públicas e seguridade social",157828
2606903,Iguaraci,PE,Nordeste,TERRITÓRIO DA POESIA E DA CANTORIA,D,0.0,0,,240.0,1873.0,2113.0,0.0,7966.45,24262.546,"Administração, defesa, educação e saúde públicas e seguridade social",12228
2610202,Panelas,PE,Nordeste,ENCANTOS DO AGRESTE,D,0.0,0,,0.0,8122.0,8122.0,0.0,7348.18,50743.598,"Administração, defesa, educação e saúde públicas e seguridade social",26474
2614808,Tacaratu,PE,Nordeste,ILHAS E LAGOS DO SÃO FRANCISCO,D,0.0,0,,116.0,5305.0,5421.0,0.0,7067.31,43606.165,"Administração, defesa, educação e saúde públicas e seguridade social",25765
2700508,Barra de Santo Antônio,AL,Nordeste,Costa dos Corais,D,28.0,6,4.67,0.0,0.0,0.0,0.0,11611.94,35284.21,"Administração, defesa, educação e saúde públicas e seguridade social",15932
2702207,Coqueiro Seco,AL,Nordeste,Lagoas e Mares do Sul,D,0.0,0,,0.0,6160.0,6160.0,0.0,12900.57,12665.131,"Administração, defesa, educação e saúde públicas e seguridade social",5845
2702702,Feliz Deserto,AL,Nordeste,Lagoas e Mares do Sul,D,0.0,0,,0.0,4293.0,4293.0,0.0,21757.47,16118.046,"Agricultura, inclusive apoio à agricultura e a pós colheita",4754
2704401,Major Isidoro,AL,Nordeste,Região da Caatinga,D,4.0,1,4.0,0.0,9659.0,9659.0,0.0,9849.17,60618.271,"Administração, defesa, educação e saúde públicas e seguridade social",19804
2709202,Traipu,AL,Nordeste,Caminhos do São Francisco,D,0.0,0,,0.0,794.0,794.0,0.0,7246.99,29553.284,"Administração, defesa, educação e saúde públicas e seguridade social",27715
2801009,Campo do Brito,SE,Nordeste,Polo Serras Sergipanas,D,10.0,2,5.0,0.0,1953.0,1953.0,0.0,11827.97,70547.9,"Administração, defesa, educação e saúde públicas e seguridade social",18109
2801207,Canindé de São Francisco,SE,Nordeste,Polo Velho Chico,D,46.0,4,11.5,0.0,16301.0,16301.0,0.0,88713.54,128256.361,"Eletricidade e gás, água, esgoto, atividades de gestão de resíduos e descontaminação",29900
2802403,Gararu,SE,Nordeste,Polo Velho Chico,D,0.0,0,,227.0,1697.0,1924.0,0.0,10196.44,21656.365,"Administração, defesa, educação e saúde públicas e seguridade social",11604
2803005,Itabaianinha,SE,Nordeste,Polo Sertão das Águas,D,2.0,1,2.0,0.0,16457.0,16457.0,0.0,10388.17,135845.416,"Administração, defesa, educação e saúde públicas e seguridade social",41928
2804508,Nossa Senhora da Glória,SE,Nordeste,Polo Velho Chico,D,20.0,3,6.67,207.0,5517.0,5724.0,0.0,15466.17,253033.856,Demais serviços,36924
2806206,Salgado,SE,Nordeste,Polo Sertão das Águas,D,14.0,2,7.0,0.0,468.0,468.0,0.0,9301.33,48432.011,"Administração, defesa, educação e saúde públicas e seguridade social",19998
2807204,Siriri,SE,Nordeste,Polo dos Tabuleiros,D,0.0,0,,0.0,14505.0,14505.0,0.0,17018.74,33973.01,"Administração, defesa, educação e saúde públicas e seguridade social",8893
2807303,Telha,SE,Nordeste,Polo Velho Chico,D,0.0,0,,0.0,1953.0,1953.0,0.0,11698.52,7526.772,"Administração, defesa, educação e saúde públicas e seguridade social",3227
2904506,Brotas de Macaúbas,BA,Nordeste,Chapada Diamantina,D,6.0,1,6.0,0.0,0.0,0.0,0.0,8196.59,25873.455,"Administração, defesa, educação e saúde públicas e seguridade social",10231
2907301,Castro Alves,BA,Nordeste,Caminhos do Jiquiriçá,D,3.0,2,1.5,0.0,40787.0,40787.0,0.0,11229.9,121050.838,Demais serviços,26264
2907905,Cipó,BA,Nordeste,Caminhos do Sertão,D,0.0,1,0.0,352.0,5919.0,6271.0,0.0,7774.9,48806.549,"Administração, defesa, educação e saúde públicas e seguridade social",17300
2916005,Itanhém,BA,Nordeste,Costa das Baleias,D,0.0,0,,182.0,0.0,182.0,0.0,11807.03,65009.507,"Administração, defesa, educação e saúde públicas e seguridade social",19405
2917201,Ituaçu,BA,Nordeste,Chapada Diamantina,D,1.0,1,1.0,259.0,0.0,259.0,0.0,8608.69,44506.729,"Administração, defesa, educação e saúde públicas e seguridade social",18962
2919926,Madre de Deus,BA,Nordeste,Baía de Todos os Santos,D,0.0,0,,88.0,15744.0,15832.0,0.0,24354.77,260900.858,Demais serviços,21093
2922508,Nazaré,BA,Nordeste,Baía de Todos os Santos,D,8.0,2,4.0,0.0,15275.0,15275.0,0.0,9607.12,125760.627,"Administração, defesa, educação e saúde públicas e seguridade social",28525
2927606,Santa Brígida,BA,Nordeste,Lagos e Canyons do São Francisco,D,0.0,0,,0.0,1953.0,1953.0,0.0,7321.26,29794.961,"Administração, defesa, educação e saúde públicas e seguridade social",14213
2928505,Santa Teresinha,BA,Nordeste,Caminhos do Jiquiriçá,D,0.0,1,0.0,126.0,5919.0,6045.0,0.0,6816.32,18709.295,"Administração, defesa, educação e saúde públicas e seguridade social",10405
2929008,São Félix,BA,Nordeste,Baía de Todos os Santos,D,1.0,1,1.0,143.0,3905.0,4048.0,0.0,11557.09,40710.612,"Administração, defesa, educação e saúde públicas e seguridade social",14740
2933174,Varzedo,BA,Nordeste,Caminhos do Jiquiriçá,D,3.0,1,3.0,0.0,5919.0,5919.0,0.0,12034.31,24659.374,"Administração, defesa, educação e saúde públicas e seguridade social",8838
3100302,Abre Campo,MG,Sudeste,Montanhas e Fé,D,16.0,3,5.33,0.0,14987.0,14987.0,0.0,15123.22,94487.703,Demais serviços,13454
3101300,Alagoa,MG,Sudeste,Terras Altas da Mantiqueira,D,0.0,0,,245.0,0.0,245.0,0.0,14663.18,11059.662,"Administração, defesa, educação e saúde públicas e seguridade social",2674
3102050,Alto Caparaó,MG,Sudeste,Pico da Bandeira,D,11.0,4,2.75,388.0,0.0,388.0,0.0,11758.68,28924.136,"Administração, defesa, educação e saúde públicas e seguridade social",5847
3102209,Alvarenga,MG,Sudeste,Trilhas do Rio Doce,D,0.0,0,,130.0,0.0,130.0,0.0,10694.95,13180.758,"Administração, defesa, educação e saúde públicas e seguridade social",3907
3102407,Alvorada de Minas,MG,Sudeste,Diamantes,D,0.0,0,,0.0,0.0,0.0,0.0,14716.12,12642.203,"Administração, defesa, educação e saúde públicas e seguridade social",3606
3105004,Baldim,MG,Sudeste,Grutas,D,0.0,0,,0.0,2624.0,2624.0,0.0,18499.14,31862.668,Construção,7826
3107406,Bom Despacho,MG,Sudeste,Verde - Trilha dos Bandeirantes,D,25.0,6,4.17,308.0,0.0,308.0,0.0,27680.94,728641.041,Demais serviços,50605
3109709,Cachoeira de Minas,MG,Sudeste,Serras Verdes do Sul de Minas,D,6.0,1,6.0,0.0,17011.0,17011.0,0.0,32334.51,91727.079,Indústrias de transformação,11547
3109907,Caetanópolis,MG,Sudeste,Grutas,D,43.0,4,10.75,0.0,0.0,0.0,0.0,23595.81,95422.691,Demais serviços,11624
3110608,Cambuí,MG,Sudeste,Serras Verdes do Sul de Minas,D,16.0,2,8.0,373.0,33454.0,33827.0,0.0,52872.6,570587.752,Indústrias de transformação,29551
3111200,Campo Belo,MG,Sudeste,Grutas e Mar de Minas,D,30.0,5,6.0,730.0,7645.0,8375.0,0.0,19282.73,530758.41,Demais serviços,54029
3113909,Carmo da Cachoeira,MG,Sudeste,Vale Verde e Quedas D'Água,D,11.0,3,3.67,112.0,4510.0,4622.0,0.0,16038.78,79432.253,Demais serviços,12170
3114105,Carmo de Minas,MG,Sudeste,Águas,D,23.0,5,4.6,0.0,28286.0,28286.0,0.0,14660.27,102815.86,"Administração, defesa, educação e saúde públicas e seguridade social",14859
3115805,Centralina,MG,Sudeste,Alta Mogiana,D,6.0,2,3.0,170.0,7914.0,8084.0,0.0,27046.95,142126.857,Demais serviços,10350
3116209,Chiador,MG,Sudeste,Caminhos Verdes de Minas,D,0.0,0,,0.0,0.0,0.0,0.0,12118.25,10495.023,"Administração, defesa, educação e saúde públicas e seguridade social",2687
3118403,Conselheiro Pena,MG,Sudeste,Trilhas do Rio Doce,D,18.0,3,6.0,978.0,7995.0,8973.0,0.0,13025.71,135293.68,Demais serviços,22921
3118908,Cordisburgo,MG,Sudeste,Grutas,D,63.0,3,21.0,0.0,7914.0,7914.0,0.0,11542.11,31914.118,"Administração, defesa, educação e saúde públicas e seguridade social",8890
3119104,Corinto,MG,Sudeste,Guimarães Rosa,D,16.0,3,5.33,0.0,1697.0,1697.0,0.0,13928.47,136212.702,Demais serviços,23731
3119500,Coronel Murta,MG,Sudeste,Vale do Jequitinhonha,D,0.0,0,,0.0,13057.0,13057.0,0.0,8993.35,25128.57,"Administração, defesa, educação e saúde públicas e seguridade social",9222
3122355,Divisa Alegre,MG,Sudeste,Vale do Jequitinhonha,D,2.0,1,2.0,0.0,0.0,0.0,0.0,24484.8,76963.019,Demais serviços,6786
3122454,Divisópolis,MG,Sudeste,Vale do Jequitinhonha,D,2.0,1,2.0,235.0,0.0,235.0,0.0,6940.99,18977.359,"Administração, defesa, educação e saúde públicas e seguridade social",11019
3124500,Estiva,MG,Sudeste,Serras Verdes do Sul de Minas,D,6.0,1,6.0,0.0,6316.0,6316.0,0.0,24005.08,135333.604,Demais serviços,11354
3125705,Felixlândia,MG,Sudeste,Guimarães Rosa,D,7.0,3,2.33,0.0,18656.0,18656.0,0.0,14490.99,83218.087,"Administração, defesa, educação e saúde públicas e seguridade social",15336
3126604,Francisco Dumont,MG,Sudeste,Serra do Cabral,D,2.0,2,1.0,0.0,0.0,0.0,0.0,12772.71,14906.373,"Administração, defesa, educação e saúde públicas e seguridade social",5215
3127370,Goiabeira,MG,Sudeste,Trilhas do Rio Doce,D,2.0,1,2.0,363.0,0.0,363.0,0.0,12164.97,15183.555,"Administração, defesa, educação e saúde públicas e seguridade social",3353
3127388,Goianá,MG,Sudeste,Caminhos Verdes de Minas,D,13.0,1,13.0,504.0,7914.0,8418.0,0.0,16963.61,36046.541,Demais serviços,3966
3128402,Guarani,MG,Sudeste,Caminhos Verdes de Minas,D,0.0,0,,121.0,0.0,121.0,0.0,14743.76,47103.709,Demais serviços,8911
3128600,Guarda-Mor,MG,Sudeste,Noroeste das Gerais e Alto Paranaíba,D,10.0,1,10.0,0.0,2624.0,2624.0,0.0,61301.65,97844.817,"Agricultura, inclusive apoio à agricultura e a pós colheita",6580
3130101,Igarapé,MG,Sudeste,Veredas do Paraopeba,D,55.0,5,11.0,0.0,0.0,0.0,0.0,18174.81,337682.294,Demais serviços,43045
3131802,Itabirinha,MG,Sudeste,Trilhas do Rio Doce,D,1.0,1,1.0,0.0,0.0,0.0,0.0,10777.92,52159.07,"Administração, defesa, educação e saúde públicas e seguridade social",11512
3132107,Itacarambi,MG,Sudeste,Velho Chico,D,6.0,4,1.5,82.0,4567.0,4649.0,0.0,11565.49,76198.241,"Administração, defesa, educação e saúde públicas e seguridade social",18153
3132503,Itamarandiba,MG,Sudeste,Pedras Preciosas,D,27.0,4,6.75,0.0,8671.0,8671.0,0.0,15556.77,162875.823,"Produção florestal, pesca e aquicultura",34735
3132701,Itambacuri,MG,Sudeste,Pedras Preciosas,D,9.0,2,4.5,0.0,22372.0,22372.0,0.0,12698.24,130330.992,Demais serviços,23211
3133402,Itapagipe,MG,Sudeste,Alta Mogiana,D,5.0,2,2.5,0.0,0.0,0.0,0.0,28297.33,141326.653,Demais serviços,15243
3134004,Itinga,MG,Sudeste,Vale do Jequitinhonha,D,3.0,1,3.0,0.0,2624.0,2624.0,0.0,8489.9,36503.036,"Administração, defesa, educação e saúde públicas e seguridade social",14990
3135456,Jenipapo de Minas,MG,Sudeste,Pedras Preciosas,D,0.0,0,,0.0,0.0,0.0,0.0,9526.78,18165.211,"Administração, defesa, educação e saúde públicas e seguridade social",7692
3135506,Jequeri,MG,Sudeste,Montanhas e Fé,D,1.0,1,1.0,0.0,0.0,0.0,0.0,12254.59,48756.05,"Administração, defesa, educação e saúde públicas e seguridade social",12386
3137536,Lagoa Grande,MG,Sudeste,Noroeste das Gerais e Alto Paranaíba,D,0.0,0,,120.0,4818.0,4938.0,0.0,22050.41,77898.643,Demais serviços,9532
3137908,Lamim,MG,Sudeste,Villas e Fazendas de Minas,D,0.0,0,,0.0,2700.0,2700.0,0.0,11764.38,12952.432,"Administração, defesa, educação e saúde públicas e seguridade social",3391
3138005,Laranjal,MG,Sudeste,Serras e Cachoeiras,D,2.0,2,1.0,120.0,8857.0,8977.0,0.0,11939.95,27639.755,"Administração, defesa, educação e saúde públicas e seguridade social",6810
3139300,Manga,MG,Sudeste,Velho Chico,D,6.0,3,2.0,566.0,7493.0,8059.0,0.0,11657.15,84798.451,"Administração, defesa, educação e saúde públicas e seguridade social",18407
3140100,Marilac,MG,Sudeste,Trilhas do Rio Doce,D,0.0,0,,91.0,0.0,91.0,0.0,12190.62,16329.597,"Administração, defesa, educação e saúde públicas e seguridade social",4115
3140308,Marliéria,MG,Sudeste,Mata Atlântica de Minas,D,12.0,1,12.0,0.0,0.0,0.0,0.0,10511.95,13638.592,"Administração, defesa, educação e saúde públicas e seguridade social",4039
3141801,Minas Novas,MG,Sudeste,Pedras Preciosas,D,18.0,3,6.0,917.0,2624.0,3541.0,0.0,9885.85,97384.472,"Administração, defesa, educação e saúde públicas e seguridade social",31484
3144102,Muzambinho,MG,Sudeste,Montanhas Cafeeiras de Minas,D,4.0,3,1.33,91.0,8014.0,8105.0,0.0,20771.35,209693.283,Demais serviços,20569
3144375,Natalândia,MG,Sudeste,Noroeste das Gerais e Alto Paranaíba,D,3.0,1,3.0,0.0,0.0,0.0,0.0,15609.9,20158.798,"Administração, defesa, educação e saúde públicas e seguridade social",3311
3147204,Paraguaçu,MG,Sudeste,Lago de Furnas,D,17.0,3,5.67,111.0,2567.0,2678.0,0.0,23698.69,213957.536,Demais serviços,21513
3147303,Paraisópolis,MG,Sudeste,Serras Verdes do Sul de Minas,D,24.0,5,4.8,75.0,13569.0,13644.0,0.0,22334.65,197808.864,Demais serviços,21083
3148756,Pedra Bonita,MG,Sudeste,Serra do Brigadeiro,D,0.0,0,,0.0,2383.0,2383.0,0.0,8608.22,14899.528,"Administração, defesa, educação e saúde públicas e seguridade social",7097
3149101,Pedralva,MG,Sudeste,Caminhos da Mantiqueira,D,0.0,0,,182.0,0.0,182.0,0.0,11618.67,51810.392,"Administração, defesa, educação e saúde públicas e seguridade social",11195
3150406,Piedade dos Gerais,MG,Sudeste,Veredas do Paraopeba,D,0.0,0,,0.0,2624.0,2624.0,0.0,12905.7,19937.788,"Administração, defesa, educação e saúde públicas e seguridade social",4982
3151008,Piranguinho,MG,Sudeste,Caminhos da Mantiqueira,D,6.0,1,6.0,0.0,13569.0,13569.0,0.0,13700.24,53835.432,Demais serviços,8596
3154200,Resende Costa,MG,Sudeste,Trilha dos Inconfidentes,D,1.0,1,1.0,276.0,19140.0,19416.0,0.0,15691.02,68970.651,Demais serviços,11500
3154457,Riachinho,MG,Sudeste,Noroeste das Gerais e Alto Paranaíba,D,4.0,2,2.0,0.0,22372.0,22372.0,0.0,13524.41,34871.431,"Administração, defesa, educação e saúde públicas e seguridade social",8136
3155405,Rio Novo,MG,Sudeste,Caminhos Verdes de Minas,D,4.0,2,2.0,0.0,0.0,0.0,0.0,12398.59,49941.108,Demais serviços,8949
3155504,Rio Paranaíba,MG,Sudeste,Caminhos do Cerrado,D,9.0,5,1.8,0.0,26928.0,26928.0,0.0,46519.72,188713.567,"Agricultura, inclusive apoio à agricultura e a pós colheita",12313
3159407,Santa Rita de Ibitipoca,MG,Sudeste,Serras de Ibitipoca,D,0.0,0,,597.0,0.0,597.0,0.0,19667.5,17574.116,"Administração, defesa, educação e saúde públicas e seguridade social",3425
3160108,Santo Antônio do Grama,MG,Sudeste,Montanhas e Fé,D,1.0,1,1.0,135.0,0.0,135.0,0.0,18351.55,17791.254,"Administração, defesa, educação e saúde públicas e seguridade social",3911
3160900,São Brás do Suaçuí,MG,Sudeste,Veredas do Paraopeba,D,31.0,3,10.33,0.0,0.0,0.0,0.0,16899.52,29145.866,"Administração, defesa, educação e saúde públicas e seguridade social",3738
3161007,São Domingos do Prata,MG,Sudeste,Mata Atlântica de Minas,D,15.0,5,3.0,182.0,7914.0,8096.0,0.0,15060.99,113599.078,Demais serviços,17359
3161056,São Félix de Minas,MG,Sudeste,Trilhas do Rio Doce,D,1.0,1,1.0,149.0,0.0,149.0,0.0,11466.86,12109.083,"Administração, defesa, educação e saúde públicas e seguridade social",3369
3163805,São Miguel do Anta,MG,Sudeste,Montanhas e Fé,D,1.0,1,1.0,0.0,0.0,0.0,0.0,11560.9,23719.894,"Administração, defesa, educação e saúde públicas e seguridade social",6938
3164100,São Pedro do Suaçuí,MG,Sudeste,Trilhas do Rio Doce,D,2.0,1,2.0,0.0,0.0,0.0,0.0,12720.02,23127.949,"Administração, defesa, educação e saúde públicas e seguridade social",5246
3165008,São Tiago,MG,Sudeste,Trilha dos Inconfidentes,D,4.0,1,4.0,0.0,14406.0,14406.0,0.0,16151.97,64142.786,Demais serviços,10941
3165404,Sapucaí-Mirim,MG,Sudeste,Serras Verdes do Sul de Minas,D,7.0,2,3.5,0.0,18079.0,18079.0,0.0,16069.25,46268.316,Demais serviços,6930
3166808,Serra do Salitre,MG,Sudeste,Caminhos do Cerrado,D,25.0,2,12.5,112.0,7914.0,8026.0,0.0,49483.29,144192.575,Demais serviços,11582
3167707,Sobrália,MG,Sudeste,Trilhas do Rio Doce,D,0.0,0,,364.0,0.0,364.0,0.0,10044.3,19303.972,"Administração, defesa, educação e saúde públicas e seguridade social",5553
3169406,Três Pontas,MG,Sudeste,Vale Verde e Quedas D'Água,D,44.0,5,8.8,352.0,5900.0,6252.0,0.0,22235.8,608206.973,Demais serviços,56746
3169505,Tumiritinga,MG,Sudeste,Trilhas do Rio Doce,D,0.0,0,,0.0,0.0,0.0,0.0,9475.85,19521.618,"Administração, defesa, educação e saúde públicas e seguridade social",6732
3169703,Turmalina,MG,Sudeste,Lago de Irapé,D,24.0,3,8.0,121.0,17011.0,17132.0,0.0,18682.31,134338.928,Demais serviços,19964
3172103,Volta Grande,MG,Sudeste,Serras e Cachoeiras,D,0.0,0,,0.0,22372.0,22372.0,0.0,12871.4,24732.984,"Administração, defesa, educação e saúde públicas e seguridade social",5252
3202009,Dores do Rio Preto,ES,Sudeste,Caparaó,D,1.0,1,1.0,130.0,0.0,130.0,0.0,18255.2,47167.208,"Administração, defesa, educação e saúde públicas e seguridade social",6749
3202256,Governador Lindenberg,ES,Sudeste,Doce Pontões Capixaba,D,3.0,1,3.0,233.0,496.0,729.0,0.0,21599.5,134107.012,Comércio e reparação de veículos automotores e motocicletas,12709
3202603,Iconha,ES,Sudeste,Costa e da Imigração,D,0.0,0,,75.0,0.0,75.0,0.0,23115.94,150372.7,Demais serviços,13860
3204658,São Domingos do Norte,ES,Sudeste,Doce Pontões Capixaba,D,13.0,3,4.33,0.0,1168.0,1168.0,0.0,52865.03,85386.09,Indústrias de transformação,8638
3204708,São Gabriel da Palha,ES,Sudeste,"Pedras, Pão e Mel",D,24.0,3,8.0,934.0,0.0,934.0,0.0,16681.91,278057.821,Demais serviços,37947
3205036,Vargem Alta,ES,Sudeste,Montanhas Capixabas,D,33.0,3,11.0,143.0,0.0,143.0,0.0,14411.1,103855.82,"Administração, defesa, educação e saúde públicas e seguridade social",21402
3300605,Bom Jesus do Itabapoana,RJ,Sudeste,ÁGUAS DO NOROESTE,D,17.0,3,5.67,0.0,0.0,0.0,0.0,19644.43,290828.15,"Administração, defesa, educação e saúde públicas e seguridade social",37096
3301603,Duas Barras,RJ,Sudeste,CAMINHOS DA SERRA,D,0.0,0,,0.0,0.0,0.0,0.0,18671.45,55737.711,"Administração, defesa, educação e saúde públicas e seguridade social",11492
3304110,Porto Real,RJ,Sudeste,AGULHAS NEGRAS,D,22.0,6,3.67,749.0,0.0,749.0,0.0,123194.69,689783.913,Indústrias de transformação,19683
3304128,Quatis,RJ,Sudeste,AGULHAS NEGRAS,D,31.0,4,7.75,0.0,0.0,0.0,0.0,19430.48,105736.152,"Administração, defesa, educação e saúde públicas e seguridade social",14302
3304508,Rio das Flores,RJ,Sudeste,VALE DO CAFÉ,D,1.0,1,1.0,274.0,13413.0,13687.0,0.0,23495.0,52708.885,"Administração, defesa, educação e saúde públicas e seguridade social",9284
3505203,Bariri,SP,Sudeste,Caminhos do Tietê,D,11.0,2,5.5,111.0,19709.0,19820.0,0.0,33006.92,572657.454,Demais serviços,35264
3506300,Bernardino de Campos,SP,Sudeste,Angra Doce Paulista,D,0.0,1,0.0,188.0,25587.0,25775.0,0.0,24143.66,150174.739,Demais serviços,11148
3506805,Bocaina,SP,Sudeste,Caminhos do Tietê,D,5.0,2,2.5,165.0,0.0,165.0,0.0,18530.95,96321.709,Demais serviços,12329
3507407,Borborema,SP,Sudeste,Centro Paulista,D,4.0,2,2.0,0.0,0.0,0.0,0.0,25499.23,201299.014,Demais serviços,16046
3509452,Campina do Monte Alegre,SP,Sudeste,Altos de Paranapiacaba,D,0.0,0,,0.0,13569.0,13569.0,0.0,19346.32,48401.443,Demais serviços,6024
3510302,Capela do Alto,SP,Sudeste,História & Aventuras,D,9.0,1,9.0,0.0,0.0,0.0,0.0,15014.46,136501.675,Demais serviços,20706
3511706,Charqueada,SP,Sudeste,Serra do Itaqueri,D,8.0,3,2.67,0.0,0.0,0.0,0.0,19182.29,142313.533,Demais serviços,17190
3512001,Colina,SP,Sudeste,Águas Sertanejas,D,7.0,2,3.5,294.0,0.0,294.0,0.0,52217.05,400638.272,Demais serviços,18468
3512209,Conchal,SP,Sudeste,TRILHOS E TRILHAS DA BAIXAMOGIANA,D,9.0,2,4.5,0.0,41116.0,41116.0,0.0,25437.14,317230.085,Demais serviços,28050
3514106,Dois Córregos,SP,Sudeste,Caminhos do Tietê,D,5.0,2,2.5,207.0,6316.0,6523.0,0.0,24727.35,303131.17,Demais serviços,27315
3514601,Dumont,SP,Sudeste,Alta Mogiana,D,0.0,0,,0.0,0.0,0.0,0.0,19740.38,81298.198,Demais serviços,9868
3514809,Eldorado,SP,Sudeste,Cavernas da Mata Atlântica,D,6.0,2,3.0,427.0,0.0,427.0,0.0,19766.99,84650.928,"Agricultura, inclusive apoio à agricultura e a pós colheita",15494
3515350,Euclides da Cunha Paulista,SP,Sudeste,PONTAL PAULISTA,D,0.0,0,,80.0,0.0,80.0,0.0,14501.68,44329.005,"Administração, defesa, educação e saúde públicas e seguridade social",9371
3520103,Igarapava,SP,Sudeste,Lagos do Rio Grande,D,17.0,3,5.67,0.0,0.0,0.0,0.0,39767.17,753861.283,Demais serviços,30432
3521101,Ipeúna,SP,Sudeste,Serra do Itaqueri,D,10.0,1,10.0,0.0,0.0,0.0,0.0,62918.04,154544.168,Indústrias de transformação,7546
3523602,Itirapina,SP,Sudeste,Serra do Itaqueri,D,77.0,3,25.67,0.0,4903.0,4903.0,0.0,39484.06,255635.816,Demais serviços,18157
3525003,Jandira,SP,Sudeste,Negócios e Cultura,D,0.0,0,,513.0,12333.0,12846.0,0.0,33294.36,1921127.858,Demais serviços,124937
3527405,Lucélia,SP,Sudeste,Águas do Oeste,D,1.0,2,0.5,0.0,0.0,0.0,0.0,18498.7,197684.66,Demais serviços,21747
3529807,Mineiros do Tietê,SP,Sudeste,Caminhos do Tietê,D,2.0,1,2.0,39.0,0.0,39.0,0.0,13627.43,71032.572,Demais serviços,12908
3531308,Monte Alto,SP,Sudeste,Caminhos da Mogiana,D,19.0,4,4.75,462.0,10030.0,10492.0,0.0,38301.77,867618.645,Demais serviços,50498
3531506,Monte Azul Paulista,SP,Sudeste,Águas Sertanejas,D,1.0,2,0.5,111.0,6316.0,6427.0,0.0,29747.43,354470.757,Demais serviços,19008
3534302,Orlândia,SP,Sudeste,Lagos do Rio Grande,D,22.0,4,5.5,236.0,0.0,236.0,0.0,39483.88,843117.089,Demais serviços,44028
3537503,Pereiras,SP,Sudeste,Raízes do Interior Paulista,D,0.0,0,,91.0,6316.0,6407.0,0.0,22807.86,67192.35,Demais serviços,8668
3537909,Pilar do Sul,SP,Sudeste,Altos de Paranapiacaba,D,5.0,2,2.5,48.0,6316.0,6364.0,0.0,25490.29,423331.761,Demais serviços,29185
3539004,Pirangi,SP,Sudeste,Águas Sertanejas,D,6.0,1,6.0,170.0,0.0,170.0,0.0,23697.82,135994.571,Demais serviços,11417
3539202,Pirapozinho,SP,Sudeste,PONTAL PAULISTA,D,92.0,3,30.67,124.0,0.0,124.0,0.0,26409.04,329777.822,Demais serviços,27527
3544806,Sales,SP,Sudeste,"Águas, Sabores e Saberes",D,46.0,2,23.0,0.0,25587.0,25587.0,0.0,22534.36,69567.424,Demais serviços,6331
3545001,Salesópolis,SP,Sudeste,Nascentes do Tietê,D,56.0,5,11.2,306.0,0.0,306.0,0.0,12324.76,107970.531,Demais serviços,17139
3546306,Santa Cruz das Palmeiras,SP,Sudeste,Região Turística Histórias e Vales,D,11.0,2,5.5,0.0,0.0,0.0,0.0,15648.97,320794.693,Demais serviços,34361
3550902,São Simão,SP,Sudeste,Alta Mogiana,D,1.0,1,1.0,0.0,0.0,0.0,0.0,30305.11,221165.263,Demais serviços,15322
3551504,Serrana,SP,Sudeste,Caminhos da Mogiana,D,4.0,1,4.0,0.0,0.0,0.0,0.0,22354.28,582905.06,Demais serviços,45107
3552700,Tabatinga,SP,Sudeste,Centro Paulista,D,3.0,1,3.0,251.0,0.0,251.0,0.0,15222.13,114044.035,Demais serviços,16496
3553609,Tapiratiba,SP,Sudeste,"Entre Rios, Serras  e Cafés.",D,3.0,2,1.5,0.0,11328.0,11328.0,0.0,20062.8,114226.482,Demais serviços,12960
3557006,Votorantim,SP,Sudeste,História & Aventuras,D,31.0,3,10.33,126.0,0.0,126.0,0.0,27816.38,1741653.053,Demais serviços,122480
4102406,Bandeirantes,PR,Sul,Norte Pioneiro,D,24.0,4,6.0,268.0,0.0,268.0,0.0,25807.42,394161.818,Demais serviços,31367
4103453,Cafelândia,PR,Sul,Riquezas do Oeste,D,8.0,1,8.0,91.0,0.0,91.0,0.0,75275.81,465408.572,Indústrias de transformação,18120
4104105,Campo do Tenente,PR,Sul,Rotas do Pinhão,D,0.0,0,,0.0,2473.0,2473.0,0.0,25310.07,61308.828,"Agricultura, inclusive apoio à agricultura e a pós colheita",7971
4104659,Carambeí,PR,Sul,Campos Gerais,D,18.0,2,9.0,309.0,3352.0,3661.0,0.0,63624.53,502488.404,Demais serviços,23415
4104709,Carlópolis,PR,Sul,Norte Pioneiro,D,9.0,2,4.5,232.0,3352.0,3584.0,0.0,24469.09,128310.972,Demais serviços,14320
4105409,Chopinzinho,PR,Sul,Vales do Iguaçu,D,4.0,2,2.0,64.0,21611.0,21675.0,0.0,34459.48,265160.189,Demais serviços,19254
4105607,Cidade Gaúcha,PR,Sul,Corredores das Águas,D,2.0,1,2.0,120.0,1401.0,1521.0,0.0,32714.3,146184.957,Demais serviços,12652
4106308,Corbélia,PR,Sul,Riquezas do Oeste,D,6.0,2,3.0,0.0,0.0,0.0,0.0,39551.11,303917.3,Demais serviços,17071
4106506,Coronel Vivida,PR,Sul,Vales do Iguaçu,D,16.0,3,5.33,296.0,4657.0,4953.0,0.0,32513.78,301694.419,Demais serviços,20734
4106571,Cruzeiro do Iguaçu,PR,Sul,Vales do Iguaçu,D,0.0,0,,0.0,9881.0,9881.0,0.0,27000.68,28667.936,"Administração, defesa, educação e saúde públicas e seguridade social",4252
4107736,Fernandes Pinheiro,PR,Sul,Terra dos Pinheirais,D,42.0,2,21.0,258.0,17011.0,17269.0,0.0,33059.66,44652.234,"Agricultura, inclusive apoio à agricultura e a pós colheita",5646
4109500,Guaraqueçaba,PR,Sul,Litoral do Paraná,D,4.0,3,1.33,376.0,7375.0,7751.0,0.0,13851.32,28895.513,"Administração, defesa, educação e saúde públicas e seguridade social",7636
4110607,Iporã,PR,Sul,Corredores das Águas,D,22.0,3,7.33,91.0,0.0,91.0,0.0,25353.71,153307.88,Demais serviços,13926
4113908,Mallet,PR,Sul,Terra dos Pinheirais,D,46.0,1,46.0,0.0,4945.0,4945.0,0.0,50674.24,147365.487,Indústrias de transformação,13630
4114302,Mandirituba,PR,Sul,Rotas do Pinhão,D,1.0,1,1.0,0.0,3352.0,3352.0,0.0,22698.45,236481.005,Demais serviços,26869
4115804,Medianeira,PR,Sul,Cataratas do Iguaçu e Caminhos ao Lago de Itaipu,D,19.0,4,4.75,4244.0,1305.0,5549.0,0.0,42295.89,929415.65,Demais serviços,46198
4116109,Moreira Sales,PR,Sul,"Ecoaventuras, Histórias e Sabores",D,2.0,1,2.0,0.0,0.0,0.0,0.0,24678.09,109092.825,Demais serviços,12121
4117255,Nova Prata do Iguaçu,PR,Sul,Vales do Iguaçu,D,1.0,1,1.0,0.0,4142.0,4142.0,0.0,30312.93,101835.478,Demais serviços,10548
4117305,Ortigueira,PR,Sul,Campos Gerais,D,13.0,3,4.33,0.0,20363.0,20363.0,0.0,131023.33,491472.014,Indústrias de transformação,22141
4119152,Pinhais,PR,Sul,Rotas do Pinhão,D,5.0,3,1.67,0.0,0.0,0.0,0.0,48884.67,3398933.166,Demais serviços,132157
4119509,Piraquara,PR,Sul,Rotas do Pinhão,D,52.0,2,26.0,0.0,0.0,0.0,0.0,12388.67,593981.577,"Administração, defesa, educação e saúde públicas e seguridade social",113036
4121802,Ribeirão Claro,PR,Sul,Norte Pioneiro,D,3.0,1,3.0,111.0,2350.0,2461.0,0.0,39231.49,126079.732,"Eletricidade e gás, água, esgoto, atividades de gestão de resíduos e descontaminação",10668
4122404,Rolândia,PR,Sul,Norte do Paraná,D,23.0,2,11.5,553.0,25587.0,26140.0,0.0,41850.38,1130644.428,Demais serviços,66580
4123709,Santa Isabel do Ivaí,PR,Sul,Corredores das Águas,D,5.0,1,5.0,231.0,0.0,231.0,0.0,22110.85,79236.0,Demais serviços,8562
4123907,Santa Mariana,PR,Sul,Norte Pioneiro,D,2.0,1,2.0,75.0,0.0,75.0,0.0,31161.98,133151.117,"Agricultura, inclusive apoio à agricultura e a pós colheita",11724
4125001,São João do Ivaí,PR,Sul,Vale do Ivaí,D,8.0,1,8.0,0.0,27937.0,27937.0,0.0,25658.82,125174.206,Demais serviços,10219
4125704,São Miguel do Iguaçu,PR,Sul,Cataratas do Iguaçu e Caminhos ao Lago de Itaipu,D,15.0,5,3.0,3409.0,25492.0,28901.0,0.0,39875.96,495134.834,Demais serviços,27452
4125902,São Pedro do Paraná,PR,Sul,Corredores das Águas,D,0.0,0,,241.0,0.0,241.0,0.0,28661.38,20098.946,Demais serviços,2313
4126207,Sapopema,PR,Sul,Norte do Paraná,D,0.0,1,0.0,0.0,0.0,0.0,0.0,16003.45,27297.891,"Administração, defesa, educação e saúde públicas e seguridade social",6736
4126306,Sengés,PR,Sul,Campos Gerais,D,9.0,1,9.0,0.0,0.0,0.0,0.0,23146.13,121302.657,Demais serviços,19327
4126405,Sertaneja,PR,Sul,Norte do Paraná,D,1.0,1,1.0,0.0,0.0,0.0,0.0,54174.2,112943.46,"Agricultura, inclusive apoio à agricultura e a pós colheita",5284
4126603,Siqueira Campos,PR,Sul,Norte Pioneiro,D,16.0,3,5.33,141.0,5282.0,5423.0,0.0,26454.55,235372.956,Demais serviços,21016
4127304,Terra Rica,PR,Sul,Corredores das Águas,D,10.0,2,5.0,0.0,7956.0,7956.0,0.0,22053.46,132975.191,Demais serviços,16789
4127809,Tomazina,PR,Sul,Norte Pioneiro,D,6.0,2,3.0,112.0,0.0,112.0,0.0,25496.39,54590.597,"Agricultura, inclusive apoio à agricultura e a pós colheita",7918
4201208,Antônio Carlos,SC,Sul,Grande Florianópolis,D,0.0,1,0.0,0.0,0.0,0.0,0.0,92691.19,201539.359,"Agricultura, inclusive apoio à agricultura e a pós colheita",8513
4202206,Benedito Novo,SC,Sul,Vale Europeu,D,3.0,1,3.0,0.0,0.0,0.0,0.0,28335.24,90572.904,Indústrias de transformação,11652
4202602,Bom Retiro,SC,Sul,Serra Catarinense,D,1.0,1,1.0,597.0,0.0,597.0,0.0,31496.29,94198.367,"Agricultura, inclusive apoio à agricultura e a pós colheita",9966
4202859,Braço do Trombudo,SC,Sul,Caminhos do Alto Vale,D,0.0,0,,0.0,0.0,0.0,0.0,41551.22,39252.458,Indústrias de transformação,3743
4204152,Celso Ramos,SC,Sul,Vale dos Imigrantes,D,0.0,0,,9305.0,9361.0,18666.0,0.0,21794.66,14392.541,"Administração, defesa, educação e saúde públicas e seguridade social",2728
4204707,Cunha Porã,SC,Sul,VALE DAS ÁGUAS,D,2.0,1,2.0,0.0,0.0,0.0,0.0,53821.99,252015.002,Demais serviços,11086
4205456,Forquilhinha,SC,Sul,Encantos do Sul SC,D,22.0,2,11.0,91.0,0.0,91.0,0.0,33522.35,335391.577,Demais serviços,26793
4205803,Garuva,SC,Sul,Caminho dos Príncipes,D,20.0,5,4.0,75.0,0.0,75.0,0.0,60530.07,322162.026,Indústrias de transformação,18145
4207106,Ilhota,SC,Sul,Costa Verde & Mar,D,6.0,1,6.0,0.0,14569.0,14569.0,0.0,51052.59,277050.047,Demais serviços,14184
4208708,Jacinto Machado,SC,Sul,Caminho dos Canyons,D,3.0,1,3.0,0.0,2236.0,2236.0,0.0,36224.67,118292.098,Demais serviços,10416
4209854,Lindóia do Sul,SC,Sul,Grande Oeste,D,0.0,0,,0.0,2260.0,2260.0,0.0,25267.94,29265.365,"Pecuária, inclusive apoio à pecuária",4563
4210100,Mafra,SC,Sul,Caminhos do Contestado,D,48.0,4,12.0,347.0,10515.0,10862.0,0.0,35073.85,896895.649,Demais serviços,56292
4212056,Palmeira,SC,Sul,Serra Catarinense,D,0.0,0,,170.0,0.0,170.0,0.0,42248.08,20055.503,Indústrias de transformação,2627
4214300,Rancho Queimado,SC,Sul,Grande Florianópolis,D,8.0,2,4.0,0.0,1773.0,1773.0,0.0,47625.96,45629.304,"Agricultura, inclusive apoio à agricultura e a pós colheita",2878
4215307,Salete,SC,Sul,Caminhos do Alto Vale,D,6.0,1,6.0,0.0,30471.0,30471.0,0.0,28448.25,69067.161,Indústrias de transformação,7642
4217600,Siderópolis,SC,Sul,Encantos do Sul SC,D,1.0,1,1.0,250.0,0.0,250.0,0.0,37536.34,173951.034,Demais serviços,14007
4218608,Trombudo Central,SC,Sul,Caminhos do Alto Vale,D,0.0,0,,0.0,19256.0,19256.0,0.0,37635.93,77707.946,Indústrias de transformação,7360
4218806,Turvo,SC,Sul,Caminho dos Canyons,D,8.0,2,4.0,0.0,0.0,0.0,0.0,41535.79,211852.103,Demais serviços,12899
4300646,Ametista do Sul,RS,Sul,Rota Águas e Pedras,D,11.0,3,3.67,0.0,11214.0,11214.0,0.0,18247.94,36955.544,"Administração, defesa, educação e saúde públicas e seguridade social",7409
4300901,Aratiba,RS,Sul,Termas e Lagos,D,5.0,1,5.0,121.0,0.0,121.0,0.0,161053.93,62064.735,"Eletricidade e gás, água, esgoto, atividades de gestão de resíduos e descontaminação",6235
4301503,Augusto Pestana,RS,Sul,Rota do Yucumã,D,2.0,1,2.0,0.0,1683.0,1683.0,0.0,48140.11,138405.997,Demais serviços,6661
4302303,Bom Jesus,RS,Sul,Campos de Cima da Serra,D,8.0,2,4.0,0.0,0.0,0.0,0.0,39264.76,128255.962,"Agricultura, inclusive apoio à agricultura e a pós colheita",11349
4302584,Bozano,RS,Sul,Rota do Yucumã,D,0.0,0,,0.0,2260.0,2260.0,0.0,61743.71,44581.433,"Agricultura, inclusive apoio à agricultura e a pós colheita",2123
4304804,Carlos Barbosa,RS,Sul,Uva e Vinho,D,9.0,2,4.5,91.0,22930.0,23021.0,0.0,92970.37,738404.918,Indústrias de transformação,29833
4305355,Charqueadas,RS,Sul,Carbonífera,D,9.0,3,3.0,118.0,8553.0,8671.0,0.0,33757.46,417530.953,Indústrias de transformação,40789
4306007,Crissiumal,RS,Sul,Rota do Yucumã,D,4.0,3,1.33,303.0,10363.0,10666.0,0.0,28041.7,142526.724,Demais serviços,13448
4306056,Cristal,RS,Sul,Costa Doce,D,2.0,1,2.0,1466.0,0.0,1466.0,0.0,25161.25,61731.997,"Agricultura, inclusive apoio à agricultura e a pós colheita",8009
4306320,Derrubadas,RS,Sul,Rota do Yucumã,D,8.0,1,8.0,258.0,0.0,258.0,0.0,34376.81,20630.553,"Agricultura, inclusive apoio à agricultura e a pós colheita",2805
4306908,Encruzilhada do Sul,RS,Sul,Vale do Rio Pardo,D,12.0,4,3.0,0.0,23124.0,23124.0,0.0,23372.46,183235.002,"Administração, defesa, educação e saúde públicas e seguridade social",25877
4307807,Estrela,RS,Sul,Vale do Taquari,D,12.0,2,6.0,731.0,33899.0,34630.0,0.0,48173.99,712703.265,Demais serviços,34116
4307815,Estrela Velha,RS,Sul,Centro-Serra,D,0.0,0,,100.0,0.0,100.0,0.0,36601.25,35552.756,"Agricultura, inclusive apoio à agricultura e a pós colheita",3655
4308003,Faxinal do Soturno,RS,Sul,Central,D,6.0,2,3.0,0.0,0.0,0.0,0.0,32699.87,116344.897,Demais serviços,6677
4308458,Fortaleza dos Valos,RS,Sul,Rota das Terras Encantadas,D,0.0,0,,328.0,0.0,328.0,0.0,72744.9,106642.47,"Agricultura, inclusive apoio à agricultura e a pós colheita",4320
4309001,Giruá,RS,Sul,Rota Missões,D,9.0,1,9.0,242.0,728.0,970.0,0.0,50398.98,299655.803,"Agricultura, inclusive apoio à agricultura e a pós colheita",16004
4309555,Harmonia,RS,Sul,Vale da Felicidade,D,0.0,0,,0.0,2236.0,2236.0,0.0,38744.77,72222.955,Demais serviços,4866
4309605,Horizontina,RS,Sul,Rota do Rio Uruguai,D,32.0,4,8.0,210.0,9881.0,10091.0,0.0,90082.54,458110.743,Indústrias de transformação,19329
4310009,Ibirubá,RS,Sul,Rota das Terras Encantadas,D,20.0,6,3.33,77.0,0.0,77.0,0.0,55456.34,475185.757,Demais serviços,20350
4310504,Iraí,RS,Sul,Rota Águas e Pedras,D,35.0,5,7.0,0.0,0.0,0.0,0.0,28526.6,90230.168,Demais serviços,7241
4310538,Itaara,RS,Sul,Central,D,0.0,0,,0.0,0.0,0.0,0.0,22141.41,52395.779,Demais serviços,5499
4312005,Mariano Moro,RS,Sul,Termas e Lagos,D,0.0,0,,121.0,11214.0,11335.0,0.0,26985.32,12121.53,"Administração, defesa, educação e saúde públicas e seguridade social",2031
4312708,Nonoai,RS,Sul,Rota Águas e Pedras,D,11.0,4,2.75,0.0,26159.0,26159.0,0.0,34166.32,191369.881,Demais serviços,11695
4313086,Nova Pádua,RS,Sul,Uva e Vinho,D,1.0,1,1.0,143.0,0.0,143.0,0.0,27910.37,21043.744,Demais serviços,2553
4313425,Novo Machado,RS,Sul,Rota do Rio Uruguai,D,0.0,0,,0.0,520.0,520.0,0.0,40157.09,33239.261,"Agricultura, inclusive apoio à agricultura e a pós colheita",3323
4316105,Ronda Alta,RS,Sul,Cultura e Tradição,D,1.0,1,1.0,72.0,0.0,72.0,0.0,33216.87,140753.24,"Agricultura, inclusive apoio à agricultura e a pós colheita",10601
4318101,São Francisco de Assis,RS,Sul,Vale do Jaguarí,D,1.0,1,1.0,874.0,2236.0,3110.0,0.0,25633.4,164670.675,"Agricultura, inclusive apoio à agricultura e a pós colheita",18335
4318507,São José do Norte,RS,Sul,Costa Doce,D,2.0,3,0.67,366.0,0.0,366.0,0.0,15383.15,148742.348,"Administração, defesa, educação e saúde públicas e seguridade social",27568
4318622,São José dos Ausentes,RS,Sul,Campos de Cima da Serra,D,5.0,4,1.25,2080.0,1125.0,3205.0,0.0,33039.78,31133.465,"Agricultura, inclusive apoio à agricultura e a pós colheita",3527
4319505,São Sebastião do Caí,RS,Sul,Vale da Felicidade,D,7.0,1,7.0,200.0,2236.0,2436.0,0.0,27962.06,352060.84,Demais serviços,25685
4319604,São Sepé,RS,Sul,Central,D,19.0,2,9.5,731.0,30113.0,30844.0,0.0,38242.63,359933.757,Demais serviços,23621
4320206,Seberi,RS,Sul,Rota Águas e Pedras,D,5.0,2,2.5,0.0,0.0,0.0,0.0,35655.5,167520.731,Demais serviços,10750
4320305,Selbach,RS,Sul,Rota das Terras Encantadas,D,1.0,1,1.0,0.0,24956.0,24956.0,0.0,45577.39,88060.549,Demais serviços,5100
4320602,Severiano de Almeida,RS,Sul,Termas e Lagos,D,4.0,1,4.0,0.0,0.0,0.0,0.0,29298.28,32245.222,Demais serviços,3657
4320701,Sobradinho,RS,Sul,Centro-Serra,D,9.0,3,3.0,91.0,0.0,91.0,0.0,25642.1,200395.103,Demais serviços,14967
4321105,Tapes,RS,Sul,Costa Doce,D,16.0,3,5.33,0.0,5584.0,5584.0,0.0,21353.99,142430.39,Demais serviços,17300
4321204,Taquara,RS,Sul,Vale do Paranhana,D,17.0,1,17.0,276.0,10601.0,10877.0,0.0,24898.78,796739.245,Demais serviços,57466
4321451,Teutônia,RS,Sul,Vale do Taquari,D,17.0,4,4.25,0.0,14973.0,14973.0,0.0,46107.65,589462.734,Indústrias de transformação,33232
4321709,Três Coroas,RS,Sul,Vale do Paranhana,D,15.0,5,3.0,128.0,0.0,128.0,0.0,31690.01,263545.102,Indústrias de transformação,28220
4322301,Tuparendi,RS,Sul,Rota do Rio Uruguai,D,0.0,0,,0.0,0.0,0.0,0.0,37621.0,133600.764,Demais serviços,7893
4322608,Venâncio Aires,RS,Sul,Vale do Rio Pardo,D,27.0,4,6.75,963.0,8236.0,9199.0,0.0,48418.68,1381388.811,Demais serviços,71554
4323309,Vila Flores,RS,Sul,Uva e Vinho,D,0.0,0,,0.0,0.0,0.0,0.0,64866.36,48843.821,Indústrias de transformação,3385
5004908,Jaraguari,MS,Sul,Caminho dos Ipês,D,1.0,1,1.0,0.0,4709.0,4709.0,0.0,27648.51,37013.748,"Administração, defesa, educação e saúde públicas e seguridade social",7187
5005103,Jateí,MS,Sul,Vale das Águas,D,0.0,0,,0.0,2350.0,2350.0,0.0,75005.78,36054.446,"Agricultura, inclusive apoio à agricultura e a pós colheita",4027
5005806,Nioaque,MS,Sul,Bonito / Serra da Bodoquena,D,3.0,2,1.5,0.0,29391.0,29391.0,0.0,22624.0,76879.179,"Administração, defesa, educação e saúde públicas e seguridade social",13930
5101704,Barra do Bugres,MT,Centro-Oeste,Região Turística das Nascentes,D,25.0,2,12.5,381.0,11547.0,11928.0,0.0,36984.98,303211.219,"Agricultura, inclusive apoio à agricultura e a pós colheita",34966
5103056,Cláudia,MT,Centro-Oeste,Região Turística Portal do Agronegócio,D,6.0,4,1.5,0.0,8042.0,8042.0,0.0,37123.61,116277.333,"Agricultura, inclusive apoio à agricultura e a pós colheita",12149
5103106,Cocalinho,MT,Centro-Oeste,Região Turística Portal do Araguaia,D,3.0,2,1.5,0.0,11772.0,11772.0,0.0,29071.53,28999.464,"Administração, defesa, educação e saúde públicas e seguridade social",5700
5104203,Guiratinga,MT,Centro-Oeste,Região Turística Domo de Araguainha,D,9.0,3,3.0,0.0,5839.0,5839.0,0.0,27685.19,83466.774,"Agricultura, inclusive apoio à agricultura e a pós colheita",15141
5105176,Juruena,MT,Centro-Oeste,Região Turística Vale do Juruena,D,9.0,2,4.5,0.0,0.0,0.0,0.0,13021.48,58350.688,"Administração, defesa, educação e saúde públicas e seguridade social",15865
5105200,Juscimeira,MT,Centro-Oeste,Região Turística Vale do São Lourenço,D,28.0,3,9.33,0.0,284.0,284.0,0.0,28274.17,68904.67,"Administração, defesa, educação e saúde públicas e seguridade social",11221
5105234,Lambari d'Oeste,MT,Centro-Oeste,Região Turística Vale do Cabaçal,D,2.0,1,2.0,0.0,4903.0,4903.0,0.0,41822.07,26083.072,"Agricultura, inclusive apoio à agricultura e a pós colheita",6121
5106240,Nova Ubiratã,MT,Centro-Oeste,Região Turística Portal do Agronegócio,D,4.0,2,2.0,0.0,0.0,0.0,0.0,108284.61,255001.051,"Agricultura, inclusive apoio à agricultura e a pós colheita",11982
5106265,Novo Mundo,MT,Centro-Oeste,Região Turística Portal da Amazônia,D,3.0,1,3.0,0.0,0.0,0.0,0.0,24396.86,48978.192,"Agricultura, inclusive apoio à agricultura e a pós colheita",9178
5106372,Pedra Preta,MT,Centro-Oeste,Região Turística Rota dos Ipês e das Águas,D,16.0,3,5.33,0.0,0.0,0.0,0.0,47656.32,170265.315,"Agricultura, inclusive apoio à agricultura e a pós colheita",17626
5106778,Porto Alegre do Norte,MT,Centro-Oeste,Região Turística Norte Araguaia,D,3.0,2,1.5,1758.0,22788.0,24546.0,0.0,20214.95,72871.879,"Administração, defesa, educação e saúde públicas e seguridade social",12517
5106802,Porto dos Gaúchos,MT,Centro-Oeste,Região Turística Portal do Agronegócio,D,2.0,1,2.0,0.0,0.0,0.0,0.0,94500.46,83004.873,"Agricultura, inclusive apoio à agricultura e a pós colheita",5410
5107206,Rio Branco,MT,Centro-Oeste,Região Turística Vale do Cabaçal,D,0.0,0,,64.0,0.0,64.0,0.0,17807.09,33529.23,"Administração, defesa, educação e saúde públicas e seguridade social",5156
5107248,Santa Carmem,MT,Centro-Oeste,Região Turística Portal do Agronegócio,D,0.0,0,,0.0,0.0,0.0,0.0,90226.51,109417.187,"Agricultura, inclusive apoio à agricultura e a pós colheita",4525
5107305,São José do Rio Claro,MT,Centro-Oeste,Associação de Turismo da Região Circuito das Águas - Aturcira,D,17.0,4,4.25,182.0,11603.0,11785.0,0.0,38571.23,195228.542,"Agricultura, inclusive apoio à agricultura e a pós colheita",20664
5107701,Rosário Oeste,MT,Centro-Oeste,Associação de Turismo da Região Circuito das Águas - Aturcira,D,8.0,2,4.0,207.0,8879.0,9086.0,0.0,17901.65,79162.412,"Administração, defesa, educação e saúde públicas e seguridade social",17151
5108105,Tesouro,MT,Centro-Oeste,Região Turística Domo de Araguainha,D,1.0,1,1.0,0.0,0.0,0.0,0.0,39286.96,15833.124,"Agricultura, inclusive apoio à agricultura e a pós colheita",3805
5202601,Aurilândia,GO,Centro-Oeste,Região Turística Pegadas no Cerrado,D,0.0,0,,0.0,2591.0,2591.0,0.0,18848.42,16472.11,"Administração, defesa, educação e saúde públicas e seguridade social",3120
5204250,Cachoeira Dourada,GO,Centro-Oeste,Região Turística Lagos do Paranaíba,D,0.0,0,,0.0,6951.0,6951.0,0.0,101674.06,81709.122,"Eletricidade e gás, água, esgoto, atividades de gestão de resíduos e descontaminação",8067
5205471,Chapadão do Céu,GO,Centro-Oeste,Região Turística Pegadas no Cerrado,D,24.0,5,4.8,258.0,16903.0,17161.0,0.0,139625.7,376938.265,"Agricultura, inclusive apoio à agricultura e a pós colheita",10167
5205802,Corumbá de Goiás,GO,Centro-Oeste,Região Turística do Ouro e Cristais,D,13.0,2,6.5,102.0,39753.0,39855.0,0.0,18268.6,60897.148,Demais serviços,11110
5211701,Jandaia,GO,Centro-Oeste,Região Turística Pegadas no Cerrado,D,1.0,1,1.0,0.0,2591.0,2591.0,0.0,45848.86,66870.921,Demais serviços,6048
5216452,Perolândia,GO,Centro-Oeste,Região Turística Pegadas no Cerrado,D,0.0,0,,126.0,0.0,126.0,0.0,121220.92,70648.733,"Agricultura, inclusive apoio à agricultura e a pós colheita",3129
3103108,Antônio Prado de Minas,MG,Sudeste,Serra do Brigadeiro,E,0.0,0,,0.0,0.0,0.0,0.0,14789.54,7069.181,"Administração, defesa, educação e saúde públicas e seguridade social",1598
3131158,Ipaba,MG,Sudeste,Mata Atlântica de Minas,E,0.0,0,,0.0,0.0,0.0,0.0,8574.71,64557.181,"Administração, defesa, educação e saúde públicas e seguridade social",18607
4300877,Araricá,RS,Sul,Vale Germânico,E,0.0,0,,0.0,0.0,0.0,0.0,33932.7,61980.173,Indústrias de transformação,5698
1712504,Marianópolis do Tocantins,TO,Norte,Lagos e Praias do Cantão,E,0.0,0,,0.0,0.0,0.0,0.0,28377.83,26677.432,"Agricultura, inclusive apoio à agricultura e a pós colheita",5175
2806008,Ribeirópolis,SE,Nordeste,Polo Serras Sergipanas,E,0.0,0,,0.0,0.0,0.0,0.0,16709.92,105838.797,"Administração, defesa, educação e saúde públicas e seguridade social",18652
3122900,Dona Eusébia,MG,Sudeste,Serras e Cachoeiras,E,0.0,0,,0.0,0.0,0.0,0.0,13183.04,30369.978,"Administração, defesa, educação e saúde públicas e seguridade social",6572
3132602,Itamarati de Minas,MG,Sudeste,Serras e Cachoeiras,E,0.0,0,,0.0,0.0,0.0,0.0,13486.82,17084.227,"Administração, defesa, educação e saúde públicas e seguridade social",4355
3140530,Martins Soares,MG,Sudeste,Pico da Bandeira,E,0.0,0,,0.0,0.0,0.0,0.0,23642.19,58994.121,Indústrias de transformação,8417
3305703,Sumidouro,RJ,Sudeste,CAMINHOS DA SERRA,E,0.0,0,,0.0,0.0,0.0,0.0,28031.26,85040.698,"Administração, defesa, educação e saúde públicas e seguridade social",15623
3546256,Santa Cruz da Esperança,SP,Sudeste,Alta Mogiana,E,0.0,0,,0.0,0.0,0.0,0.0,25103.11,14976.32,"Agricultura, inclusive apoio à agricultura e a pós colheita",2139
2512077,Poço de José de Moura,PB,Nordeste,Vale dos Dinossauros,E,0.0,0,,0.0,0.0,0.0,0.0,9663.61,8818.398,"Administração, defesa, educação e saúde públicas e seguridade social",4307
3140605,Materlândia,MG,Sudeste,Vale do Jequitinhonha,E,0.0,0,,0.0,0.0,0.0,0.0,10704.38,13356.888,"Administração, defesa, educação e saúde públicas e seguridade social",4459
3145372,Novorizonte,MG,Sudeste,Lago de Irapé,E,0.0,0,,0.0,0.0,0.0,0.0,10246.85,14673.85,"Administração, defesa, educação e saúde públicas e seguridade social",5299
3166709,Serra dos Aimorés,MG,Sudeste,Pedras Preciosas,E,0.0,0,,0.0,0.0,0.0,0.0,8657.12,24438.597,"Administração, defesa, educação e saúde públicas e seguridade social",8699
4108320,Francisco Alves,PR,Sul,Corredores das Águas,E,0.0,0,,0.0,0.0,0.0,0.0,27636.22,60547.524,Demais serviços,6046
4122800,Salgado Filho,PR,Sul,Vales do Iguaçu,E,0.0,0,,0.0,0.0,0.0,0.0,26176.13,24511.435,"Pecuária, inclusive apoio à pecuária",3580
3121407,Desterro de Entre Rios,MG,Sudeste,Veredas do Paraopeba,E,0.0,0,,0.0,0.0,0.0,0.0,26393.98,60032.115,Indústrias extrativas,7243
3126950,Frei Lagonegro,MG,Sudeste,Trilhas do Rio Doce,E,0.0,0,,0.0,0.0,0.0,0.0,9159.45,7864.689,"Administração, defesa, educação e saúde públicas e seguridade social",3478
3145356,Novo Oriente de Minas,MG,Sudeste,Pedras Preciosas,E,0.0,0,,0.0,0.0,0.0,0.0,9122.15,30794.537,"Administração, defesa, educação e saúde públicas e seguridade social",10755
5106273,Novo Horizonte do Norte,MT,Centro-Oeste,Região Turística Portal do Agronegócio,E,0.0,0,,0.0,0.0,0.0,0.0,14762.93,10761.605,"Administração, defesa, educação e saúde públicas e seguridade social",4004
2513604,Santana dos Garrotes,PB,Nordeste,Vale dos Sertões,E,0.0,0,,0.0,0.0,0.0,0.0,8105.93,11597.551,"Administração, defesa, educação e saúde públicas e seguridade social",7031
2515609,Serra da Raiz,PB,Nordeste,Brejo,E,0.0,0,,0.0,0.0,0.0,0.0,10511.94,6279.222,"Administração, defesa, educação e saúde públicas e seguridade social",3148
3112653,Capitão Andrade,MG,Sudeste,Trilhas do Rio Doce,E,0.0,0,,0.0,0.0,0.0,0.0,9079.49,14974.939,"Administração, defesa, educação e saúde públicas e seguridade social",5468
3300936,Carapebus,RJ,Sudeste,COSTA DO SOL,E,0.0,0,,0.0,0.0,0.0,0.0,27798.02,115749.988,"Administração, defesa, educação e saúde públicas e seguridade social",16301
3306156,Varre-Sai,RJ,Sudeste,ÁGUAS DO NOROESTE,E,0.0,0,,0.0,0.0,0.0,0.0,17872.64,53614.879,"Administração, defesa, educação e saúde públicas e seguridade social",11000
4212700,Petrolândia,SC,Sul,Caminhos do Alto Vale,E,0.0,0,,0.0,0.0,0.0,0.0,30438.7,60507.552,"Agricultura, inclusive apoio à agricultura e a pós colheita",5937
2708303,São José da Laje,AL,Nordeste,Quilombos,E,0.0,0,,0.0,0.0,0.0,0.0,15241.67,68176.566,"Agricultura, inclusive apoio à agricultura e a pós colheita",23927
3201704,Conceição do Castelo,ES,Sudeste,Montanhas Capixabas,E,0.0,0,,0.0,0.0,0.0,0.0,16017.68,89346.533,"Administração, defesa, educação e saúde públicas e seguridade social",12723
3540754,Potim,SP,Sudeste,Fé,E,0.0,0,,0.0,0.0,0.0,0.0,9547.78,95780.033,"Administração, defesa, educação e saúde públicas e seguridade social",24643
3524907,Jambeiro,SP,Sudeste,Rios do Vale,E,0.0,0,,0.0,0.0,0.0,0.0,38568.38,65691.835,Demais serviços,6602
4315172,Protásio Alves,RS,Sul,Uva e Vinho,E,0.0,0,,0.0,0.0,0.0,0.0,31270.88,11596.907,"Pecuária, inclusive apoio à pecuária",1947
4322525,Vale Verde,RS,Sul,Vale do Rio Pardo,E,0.0,0,,0.0,0.0,0.0,0.0,26059.53,16960.237,"Agricultura, inclusive apoio à agricultura e a pós colheita",3497
3124609,Estrela Dalva,MG,Sudeste,Serras e Cachoeiras,E,0.0,0,,0.0,0.0,0.0,0.0,14346.2,11124.996,"Administração, defesa, educação e saúde públicas e seguridade social",2343
4322855,Vespasiano Correa,RS,Sul,Vale do Taquari,E,0.0,0,,0.0,0.0,0.0,0.0,38441.36,14030.533,"Pecuária, inclusive apoio à pecuária",1815
3541059,Pratânia,SP,Sudeste,Pólo Turístico Cuesta,E,0.0,0,,0.0,0.0,0.0,0.0,22071.44,35473.856,Demais serviços,5261
5212303,Leopoldo de Bulhões,GO,Centro-Oeste,Região Turística da Estrada de Ferro,E,0.0,0,,0.0,0.0,0.0,0.0,34984.0,47807.187,"Pecuária, inclusive apoio à pecuária",7647
3163904,São Pedro da União,MG,Sudeste,Montanhas Cafeeiras de Minas,E,0.0,0,,0.0,0.0,0.0,0.0,17703.93,28102.847,"Administração, defesa, educação e saúde públicas e seguridade social",4659
3165578,Senador Amaral,MG,Sudeste,Serras Verdes do Sul de Minas,E,0.0,0,,0.0,0.0,0.0,0.0,12686.0,25853.638,"Administração, defesa, educação e saúde públicas e seguridade social",5356
3512704,Corumbataí,SP,Sudeste,Serra do Itaqueri,E,0.0,0,,0.0,0.0,0.0,0.0,57695.92,130752.935,Comércio e reparação de veículos automotores e motocicletas,4055
4128807,Xambrê,PR,Sul,Corredores das Águas,E,0.0,0,,0.0,0.0,0.0,0.0,16780.39,24594.448,"Administração, defesa, educação e saúde públicas e seguridade social",5679
3116506,Claro dos Poções,MG,Sudeste,Serra do Cabral,E,0.0,0,,0.0,0.0,0.0,0.0,9396.26,21175.834,"Administração, defesa, educação e saúde públicas e seguridade social",7551
3136405,Joaquim Felício,MG,Sudeste,Serra do Cabral,E,0.0,0,,0.0,0.0,0.0,0.0,10916.39,14955.054,"Administração, defesa, educação e saúde públicas e seguridade social",4695
3540101,Pongaí,SP,Sudeste,Coração do Tietê,E,0.0,0,,0.0,0.0,0.0,0.0,21514.53,33734.501,Demais serviços,3416
4212403,Pedras Grandes,SC,Sul,Encantos do Sul SC,E,0.0,0,,0.0,0.0,0.0,0.0,36448.83,35845.474,Demais serviços,3976
4215653,Santa Rosa do Sul,SC,Sul,Caminho dos Canyons,E,0.0,0,,0.0,0.0,0.0,0.0,18190.39,50764.01,"Administração, defesa, educação e saúde públicas e seguridade social",8358
4316436,Saldanha Marinho,RS,Sul,Rota das Terras Encantadas,E,0.0,0,,0.0,0.0,0.0,0.0,57199.81,56010.189,"Agricultura, inclusive apoio à agricultura e a pós colheita",2650
4323200,Victor Graeff,RS,Sul,Rota das Terras Encantadas,E,0.0,0,,0.0,0.0,0.0,0.0,57756.61,51465.488,"Agricultura, inclusive apoio à agricultura e a pós colheita",2882
2414902,Viçosa,RN,Nordeste,Polo Serrano,E,0.0,0,,0.0,0.0,0.0,0.0,11186.55,4120.219,"Administração, defesa, educação e saúde públicas e seguridade social",1718
3106804,Bias Fortes,MG,Sudeste,Serras de Ibitipoca,E,0.0,0,,0.0,0.0,0.0,0.0,9622.84,9395.138,"Administração, defesa, educação e saúde públicas e seguridade social",3379
3117207,Conceição das Pedras,MG,Sudeste,Caminhos da Mantiqueira,E,0.0,0,,0.0,0.0,0.0,0.0,14270.81,13868.894,"Administração, defesa, educação e saúde públicas e seguridade social",2812
3138708,Luminárias,MG,Sudeste,Vale Verde e Quedas D'Água,E,0.0,0,,0.0,0.0,0.0,0.0,17052.66,27365.275,"Administração, defesa, educação e saúde públicas e seguridade social",5446
3145802,Onça de Pitangui,MG,Sudeste,Verde - Trilha dos Bandeirantes,E,0.0,0,,0.0,0.0,0.0,0.0,18226.24,12399.262,"Administração, defesa, educação e saúde públicas e seguridade social",3148
3150901,Piranguçu,MG,Sudeste,Caminhos da Mantiqueira,E,0.0,0,,0.0,0.0,0.0,0.0,12900.39,19681.347,"Administração, defesa, educação e saúde públicas e seguridade social",5472
4121307,Rancho Alegre,PR,Sul,Norte do Paraná,E,0.0,0,,0.0,0.0,0.0,0.0,31645.64,29503.877,"Agricultura, inclusive apoio à agricultura e a pós colheita",3808
4200754,Alto Bela Vista,SC,Sul,Vale dos Imigrantes,E,0.0,0,,0.0,0.0,0.0,0.0,31313.91,13464.216,"Administração, defesa, educação e saúde públicas e seguridade social",1937
4201802,Atalanta,SC,Sul,Caminhos do Alto Vale,E,0.0,0,,0.0,0.0,0.0,0.0,31379.01,32722.376,Demais serviços,3210
4212270,Passos Maia,SC,Sul,Grande Oeste,E,0.0,0,,0.0,0.0,0.0,0.0,32135.25,22997.785,"Administração, defesa, educação e saúde públicas e seguridade social",4147
4219101,Vargeão,SC,Sul,Grande Oeste,E,0.0,0,,0.0,0.0,0.0,0.0,39484.15,43719.803,Demais serviços,3573
2902658,Banzaê,BA,Nordeste,Caminhos do Sertão,E,0.0,0,,0.0,0.0,0.0,0.0,6920.68,23044.381,"Administração, defesa, educação e saúde públicas e seguridade social",13229
3118502,Consolação,MG,Sudeste,Serras Verdes do Sul de Minas,E,0.0,0,,0.0,0.0,0.0,0.0,14574.03,6399.745,"Administração, defesa, educação e saúde públicas e seguridade social",1783
3137304,Lagoa dos Patos,MG,Sudeste,Lago de Irapé,E,0.0,0,,0.0,0.0,0.0,0.0,10836.76,11486.193,"Administração, defesa, educação e saúde públicas e seguridade social",4102
3201803,Divino de São Lourenço,ES,Sudeste,Caparaó,E,0.0,0,,0.0,0.0,0.0,0.0,14842.3,19086.316,"Administração, defesa, educação e saúde públicas e seguridade social",4304
4117206,Nova Olímpia,PR,Sul,Corredores das Águas,E,0.0,0,,0.0,0.0,0.0,0.0,15814.54,32468.558,"Administração, defesa, educação e saúde públicas e seguridade social",5806
4123600,Santa Inês,PR,Sul,Corredores das Águas,E,0.0,0,,0.0,0.0,0.0,0.0,27485.42,10330.704,"Administração, defesa, educação e saúde públicas e seguridade social",1596
4200309,Agronômica,SC,Sul,Caminhos do Alto Vale,E,0.0,0,,0.0,0.0,0.0,0.0,29713.26,43937.674,"Agricultura, inclusive apoio à agricultura e a pós colheita",5448
4206652,Guatambú,SC,Sul,Grande Oeste,E,0.0,0,,0.0,0.0,0.0,0.0,53957.22,49584.891,Indústrias de transformação,4704
4313011,Nova Candelária,RS,Sul,Rota do Rio Uruguai,E,0.0,0,,0.0,0.0,0.0,0.0,61357.32,31632.654,Indústrias de transformação,2698
2903003,Barra do Mendes,BA,Nordeste,Chapada Diamantina,E,0.0,0,,0.0,0.0,0.0,0.0,7057.25,35437.881,"Administração, defesa, educação e saúde públicas e seguridade social",13865
4101705,Araruna,PR,Sul,"Ecoaventuras, Histórias e Sabores",E,0.0,0,,0.0,0.0,0.0,0.0,33735.86,137306.317,Indústrias de transformação,13970
4301552,Áurea,RS,Sul,Termas e Lagos,E,0.0,0,,0.0,0.0,0.0,0.0,30993.5,37887.284,Demais serviços,3554
4310405,Independência,RS,Sul,Rota do Rio Uruguai,E,0.0,0,,0.0,0.0,0.0,0.0,45536.0,89094.477,"Agricultura, inclusive apoio à agricultura e a pós colheita",6167
5006259,Novo Horizonte do Sul,MS,Sul,Vale das Águas,E,0.0,0,,0.0,0.0,0.0,0.0,46778.58,37937.749,"Agricultura, inclusive apoio à agricultura e a pós colheita",3814
4215604,Santa Rosa de Lima,SC,Sul,Encantos do Sul SC,E,0.0,0,,0.0,0.0,0.0,0.0,26842.89,12983.773,"Administração, defesa, educação e saúde públicas e seguridade social",2142
4218756,Tunápolis,SC,Sul,Caminhos da Fronteira,E,0.0,0,,0.0,0.0,0.0,0.0,31286.67,38331.088,"Pecuária, inclusive apoio à pecuária",4543
4306452,Dois Lajeados,RS,Sul,Vale do Taquari,E,0.0,0,,0.0,0.0,0.0,0.0,31928.25,38941.411,Demais serviços,3400
4310751,Ivorá,RS,Sul,Central,E,0.0,0,,0.0,0.0,0.0,0.0,27596.44,16276.281,"Agricultura, inclusive apoio à agricultura e a pós colheita",1910
4207759,Iraceminha,SC,Sul,Caminhos da Fronteira,E,0.0,0,,0.0,0.0,0.0,0.0,24958.01,27919.959,"Pecuária, inclusive apoio à pecuária",3976
4301859,Barra do Guarita,RS,Sul,Rota do Yucumã,E,0.0,0,,0.0,0.0,0.0,0.0,14316.63,11014.651,"Administração, defesa, educação e saúde públicas e seguridade social",3248
4307450,Esperança do Sul,RS,Sul,Rota do Yucumã,E,0.0,0,,0.0,0.0,0.0,0.0,28157.73,16750.979,"Agricultura, inclusive apoio à agricultura e a pós colheita",2926
4309753,Ibarama,RS,Sul,Centro-Serra,E,0.0,0,,0.0,0.0,0.0,0.0,21319.67,19363.985,"Agricultura, inclusive apoio à agricultura e a pós colheita",4406
2509602,Monte Horebe,PB,Nordeste,Vale dos Dinossauros,E,0.0,0,,0.0,0.0,0.0,0.0,7545.17,7429.098,"Administração, defesa, educação e saúde públicas e seguridade social",4816
3516853,Gavião Peixoto,SP,Sudeste,Centro Paulista,E,0.0,0,,0.0,0.0,0.0,0.0,225346.38,181311.453,Indústrias de transformação,4789
3529609,Meridiano,SP,Sudeste,MARAVILHAS  DO RIO GRANDE,E,0.0,0,,0.0,0.0,0.0,0.0,60692.11,77330.865,Indústrias de transformação,3836
3540408,Populina,SP,Sudeste,MARAVILHAS  DO RIO GRANDE,E,0.0,0,,0.0,0.0,0.0,0.0,23389.52,32204.697,Demais serviços,4169
3548302,Santo Expedito,SP,Sudeste,Sol do Oeste,E,0.0,0,,0.0,0.0,0.0,0.0,12549.53,15287.525,"Administração, defesa, educação e saúde públicas e seguridade social",3111
4202099,Barra Bonita,SC,Sul,Caminhos da Fronteira,E,0.0,0,,0.0,0.0,0.0,0.0,22001.96,5952.094,"Administração, defesa, educação e saúde públicas e seguridade social",1677
4204103,Caxambu do Sul,SC,Sul,VALE DAS ÁGUAS,E,0.0,0,,0.0,0.0,0.0,0.0,38766.6,39281.577,Demais serviços,3642
4215406,Salto Veloso,SC,Sul,Vale dos Imigrantes,E,0.0,0,,0.0,0.0,0.0,0.0,42709.82,66059.033,Indústrias de transformação,4718
4323507,Vista Alegre,RS,Sul,Rota Águas e Pedras,E,0.0,0,,0.0,0.0,0.0,0.0,34239.96,26954.592,"Pecuária, inclusive apoio à pecuária",2752
2601300,Barra de Guabiraba,PE,Nordeste,SERRAS E ARTES DE PERNAMBUCO,E,0.0,0,,0.0,0.0,0.0,0.0,9413.02,26652.96,"Administração, defesa, educação e saúde públicas e seguridade social",14385
3102852,Angelândia,MG,Sudeste,Pedras Preciosas,E,0.0,0,,0.0,0.0,0.0,0.0,10526.55,25187.133,"Administração, defesa, educação e saúde públicas e seguridade social",8520
3158904,Santana do Manhuaçu,MG,Sudeste,Pico da Bandeira,E,0.0,0,,0.0,0.0,0.0,0.0,11647.77,34020.691,"Administração, defesa, educação e saúde públicas e seguridade social",8674
3163300,São José do Divino,MG,Sudeste,Trilhas do Rio Doce,E,0.0,0,,0.0,0.0,0.0,0.0,10182.31,13536.677,"Administração, defesa, educação e saúde públicas e seguridade social",3860
3528205,Macedônia,SP,Sudeste,MARAVILHAS  DO RIO GRANDE,E,0.0,0,,0.0,0.0,0.0,0.0,20360.32,21861.062,Demais serviços,3698
3545100,Salmourão,SP,Sudeste,Águas do Oeste,E,0.0,0,,0.0,0.0,0.0,0.0,15147.76,28413.058,Demais serviços,5300
4300471,Almirante Tamandaré do Sul,RS,Sul,Cultura e Tradição,E,0.0,0,,0.0,0.0,0.0,0.0,83079.79,51192.463,"Agricultura, inclusive apoio à agricultura e a pós colheita",1964
4316972,Santa Margarida do Sul,RS,Sul,Fronteira,E,0.0,0,,0.0,0.0,0.0,0.0,71905.47,37399.106,"Agricultura, inclusive apoio à agricultura e a pós colheita",2562
3101409,Albertina,MG,Sudeste,Malhas do Sul de Minas,E,0.0,0,,0.0,0.0,0.0,0.0,15732.1,18149.673,"Administração, defesa, educação e saúde públicas e seguridade social",3007
3108107,Bonfim,MG,Sudeste,Veredas do Paraopeba,E,0.0,0,,0.0,0.0,0.0,0.0,14898.51,41413.594,Demais serviços,6868
3112901,Caputira,MG,Sudeste,Pico da Bandeira,E,0.0,0,,0.0,0.0,0.0,0.0,8203.71,21098.202,"Administração, defesa, educação e saúde públicas e seguridade social",9298
3116407,Claraval,MG,Sudeste,Nascentes das Gerais e Canastra,E,0.0,0,,0.0,0.0,0.0,0.0,28257.1,38137.533,Indústrias de transformação,4843
3118106,Congonhas do Norte,MG,Sudeste,Serra do Cipó,E,0.0,0,,0.0,0.0,0.0,0.0,8190.99,12655.107,"Administração, defesa, educação e saúde públicas e seguridade social",5045
3129806,Ibirité,MG,Sudeste,Veredas do Paraopeba,E,0.0,0,,0.0,0.0,0.0,0.0,14084.2,853103.131,"Administração, defesa, educação e saúde públicas e seguridade social",180204
3138351,Leme do Prado,MG,Sudeste,Lago de Irapé,E,0.0,0,,0.0,0.0,0.0,0.0,11989.57,18345.032,"Administração, defesa, educação e saúde públicas e seguridade social",4918
3148806,Pedra do Anta,MG,Sudeste,Montanhas e Fé,E,0.0,0,,0.0,0.0,0.0,0.0,13272.05,10995.553,"Administração, defesa, educação e saúde públicas e seguridade social",3052
5204953,Campos Verdes,GO,Centro-Oeste,Região Turística do Ouro e Cristais,E,0.0,0,,0.0,0.0,0.0,0.0,22698.76,18685.65,Demais serviços,2141
3161403,São Francisco do Glória,MG,Sudeste,Pico da Bandeira,E,0.0,0,,0.0,0.0,0.0,0.0,10839.82,18199.935,"Administração, defesa, educação e saúde públicas e seguridade social",4844
3166501,Serra Azul de Minas,MG,Sudeste,Diamantes,E,0.0,0,,0.0,0.0,0.0,0.0,8067.38,8640.237,"Administração, defesa, educação e saúde públicas e seguridade social",4293
4107520,Esperança Nova,PR,Sul,Corredores das Águas,E,0.0,0,,0.0,0.0,0.0,0.0,31246.86,10602.182,"Administração, defesa, educação e saúde públicas e seguridade social",1698
4300455,Alegria,RS,Sul,Rota do Rio Uruguai,E,0.0,0,,0.0,0.0,0.0,0.0,32016.16,36326.588,"Agricultura, inclusive apoio à agricultura e a pós colheita",3464
4305116,Centenário,RS,Sul,Termas e Lagos,E,0.0,0,,0.0,0.0,0.0,0.0,28723.78,17587.633,"Agricultura, inclusive apoio à agricultura e a pós colheita",2891
4310413,Inhacorá,RS,Sul,Rota do Yucumã,E,0.0,0,,0.0,0.0,0.0,0.0,30690.65,15665.515,"Agricultura, inclusive apoio à agricultura e a pós colheita",2226
4310702,Itatiba do Sul,RS,Sul,Termas e Lagos,E,0.0,0,,0.0,0.0,0.0,0.0,19887.36,14217.047,"Administração, defesa, educação e saúde públicas e seguridade social",3324
4312377,Monte Alegre dos Campos,RS,Sul,Campos de Cima da Serra,E,0.0,0,,0.0,0.0,0.0,0.0,22224.69,13918.633,"Agricultura, inclusive apoio à agricultura e a pós colheita",3226
4313391,Novo Cabrais,RS,Sul,Centro-Serra,E,0.0,0,,0.0,0.0,0.0,0.0,22505.89,19714.521,"Agricultura, inclusive apoio à agricultura e a pós colheita",4196
4315800,Roca Sales,RS,Sul,Vale do Taquari,E,0.0,0,,0.0,0.0,0.0,0.0,42236.4,120623.462,Indústrias de transformação,11393
2506103,Fagundes,PB,Nordeste,Agreste ,E,0.0,0,,0.0,0.0,0.0,0.0,8274.6,21880.806,"Administração, defesa, educação e saúde públicas e seguridade social",11253
2800100,Amparo de São Francisco,SE,Nordeste,Polo Velho Chico,E,0.0,0,,0.0,0.0,0.0,0.0,14014.72,6390.655,"Administração, defesa, educação e saúde públicas e seguridade social",2374
3163003,São José da Safira,MG,Sudeste,Trilhas do Rio Doce,E,0.0,0,,0.0,0.0,0.0,0.0,9891.69,14164.113,"Administração, defesa, educação e saúde públicas e seguridade social",4268
3510153,Canitar,SP,Sudeste,Angra Doce Paulista,E,0.0,0,,0.0,0.0,0.0,0.0,27219.57,40338.257,Indústrias de transformação,5216
2207355,Pajeú do Piauí,PI,Nordeste,Polo das Origens,E,0.0,0,,0.0,0.0,0.0,0.0,11434.78,7216.122,"Administração, defesa, educação e saúde públicas e seguridade social",3389
2607406,Itacuruba,PE,Nordeste,ILHAS E LAGOS DO SÃO FRANCISCO,E,0.0,0,,0.0,0.0,0.0,0.0,12604.57,13524.231,"Administração, defesa, educação e saúde públicas e seguridade social",4918
2610301,Paranatama,PE,Nordeste,FÉ E ARTE,E,0.0,0,,0.0,0.0,0.0,0.0,19050.0,26805.822,"Eletricidade e gás, água, esgoto, atividades de gestão de resíduos e descontaminação",11523
4301875,Barra do Quaraí,RS,Sul,Fronteira,E,0.0,0,,0.0,0.0,0.0,0.0,40660.28,40205.459,"Agricultura, inclusive apoio à agricultura e a pós colheita",4215
4302659,Brochier,RS,Sul,Vale da Felicidade,E,0.0,0,,0.0,0.0,0.0,0.0,18037.82,32071.887,"Administração, defesa, educação e saúde públicas e seguridade social",5074
4311734,Mampituba,RS,Sul,Litoral Norte Gaúcho,E,0.0,0,,0.0,0.0,0.0,0.0,19828.17,9737.336,"Agricultura, inclusive apoio à agricultura e a pós colheita",2981
4312153,Mato Leitão,RS,Sul,Vale do Rio Pardo,E,0.0,0,,0.0,0.0,0.0,0.0,37801.06,41947.984,Indústrias de transformação,4515
4315552,Rio dos Índios,RS,Sul,Rota Águas e Pedras,E,0.0,0,,0.0,0.0,0.0,0.0,31645.84,20397.899,"Agricultura, inclusive apoio à agricultura e a pós colheita",2752
4323408,Vila Maria,RS,Sul,Uva e Vinho,E,0.0,0,,0.0,0.0,0.0,0.0,51216.28,69448.103,Demais serviços,4358
2200053,Acauã,PI,Nordeste,Polo Histórico Cultural,E,0.0,0,,0.0,0.0,0.0,0.0,7816.06,11848.608,"Administração, defesa, educação e saúde públicas e seguridade social",7084
4123824,Santa Lúcia,PR,Sul,Riquezas do Oeste,E,0.0,0,,0.0,0.0,0.0,0.0,30455.26,30783.402,Demais serviços,3813
4204194,Chapadão do Lageado,SC,Sul,Caminhos do Alto Vale,E,0.0,0,,0.0,0.0,0.0,0.0,26883.79,13821.746,"Agricultura, inclusive apoio à agricultura e a pós colheita",2988
4206108,Grão Pará,SC,Sul,Encantos do Sul SC,E,0.0,0,,0.0,0.0,0.0,0.0,37870.44,70069.071,Demais serviços,6569
3518008,Guarani d'Oeste,SP,Sudeste,MARAVILHAS  DO RIO GRANDE,E,0.0,0,,0.0,0.0,0.0,0.0,17057.04,12793.185,"Administração, defesa, educação e saúde públicas e seguridade social",2000
4200051,Abdon Batista,SC,Sul,Vale dos Imigrantes,E,0.0,0,,0.0,0.0,0.0,0.0,25435.92,16091.14,"Administração, defesa, educação e saúde públicas e seguridade social",2563
4211256,Morro Grande,SC,Sul,Caminho dos Canyons,E,0.0,0,,0.0,0.0,0.0,0.0,34941.55,22657.368,Indústrias de transformação,2893
4218855,União do Oeste,SC,Sul,VALE DAS ÁGUAS,E,0.0,0,,0.0,0.0,0.0,0.0,26698.64,19013.555,"Pecuária, inclusive apoio à pecuária",2464
4321634,Três Arroios,RS,Sul,Termas e Lagos,E,0.0,0,,0.0,0.0,0.0,0.0,36145.68,27301.25,"Agricultura, inclusive apoio à agricultura e a pós colheita",2668
2806503,Santa Rosa de Lima,SE,Nordeste,Polo dos Tabuleiros,E,0.0,0,,0.0,0.0,0.0,0.0,12102.07,8781.586,"Administração, defesa, educação e saúde públicas e seguridade social",3913
3514908,Elias Fausto,SP,Sudeste,Bem Viver,E,0.0,0,,0.0,0.0,0.0,0.0,40503.17,240175.823,Demais serviços,17772
4207577,Iomerê,SC,Sul,Vale dos Imigrantes,E,0.0,0,,0.0,0.0,0.0,0.0,55101.45,29125.632,"Pecuária, inclusive apoio à pecuária",2945
4323754,Vitória das Missões,RS,Sul,Rota Missões,E,0.0,0,,0.0,0.0,0.0,0.0,30906.56,20517.657,"Agricultura, inclusive apoio à agricultura e a pós colheita",3133
3536901,Pedranópolis,SP,Sudeste,MARAVILHAS  DO RIO GRANDE,E,0.0,0,,0.0,0.0,0.0,0.0,25215.85,15710.31,"Agricultura, inclusive apoio à agricultura e a pós colheita",2494
3537701,Piacatu,SP,Sudeste,Tietê Vivo,E,0.0,0,,0.0,0.0,0.0,0.0,16033.77,40467.547,Demais serviços,5980
1304260,Uarini,AM,Norte,Polo Médio Solimões,E,0.0,0,,0.0,0.0,0.0,0.0,14635.2,32802.951,"Agricultura, inclusive apoio à agricultura e a pós colheita",13540
3114709,Carvalhópolis,MG,Sudeste,Caminhos Gerais,E,0.0,0,,0.0,0.0,0.0,0.0,13246.48,13882.974,"Administração, defesa, educação e saúde públicas e seguridade social",3579
4126108,São Tomé,PR,Sul,Corredores das Águas,E,0.0,0,,0.0,0.0,0.0,0.0,29323.21,46281.797,Demais serviços,5722
4302220,Boa Vista do Cadeado,RS,Sul,Rota das Terras Encantadas,E,0.0,0,,0.0,0.0,0.0,0.0,101870.5,59894.019,"Agricultura, inclusive apoio à agricultura e a pós colheita",2470
3156452,Rosário da Limeira,MG,Sudeste,Serra do Brigadeiro,E,0.0,0,,0.0,0.0,0.0,0.0,10049.52,14087.185,"Administração, defesa, educação e saúde públicas e seguridade social",4594
4309704,Humaitá,RS,Sul,Rota do Yucumã,E,0.0,0,,0.0,0.0,0.0,0.0,34590.95,57831.67,Demais serviços,4762
2705705,Olho d'Água das Flores,AL,Nordeste,Região da Caatinga,E,0.0,0,,0.0,0.0,0.0,0.0,10049.99,91082.995,"Administração, defesa, educação e saúde públicas e seguridade social",21688
2705804,Olho dÁgua do Casado,AL,Nordeste,Caminhos do São Francisco,E,0.0,0,,0.0,0.0,0.0,0.0,8053.01,19233.353,"Administração, defesa, educação e saúde públicas e seguridade social",9373
2902302,Aratuípe,BA,Nordeste,Baía de Todos os Santos,E,0.0,0,,0.0,0.0,0.0,0.0,7802.74,17900.446,"Administração, defesa, educação e saúde públicas e seguridade social",8825
2913457,Igrapiúna,BA,Nordeste,Costa do Dendê,E,0.0,0,,0.0,0.0,0.0,0.0,12199.96,33129.623,"Administração, defesa, educação e saúde públicas e seguridade social",13226
2922201,Muniz Ferreira,BA,Nordeste,Baía de Todos os Santos,E,0.0,0,,0.0,0.0,0.0,0.0,7446.89,15675.03,"Administração, defesa, educação e saúde públicas e seguridade social",7422
2925931,Quixabeira,BA,Nordeste,Chapada Diamantina,E,0.0,0,,0.0,0.0,0.0,0.0,7278.11,19277.591,"Administração, defesa, educação e saúde públicas e seguridade social",8972
3202553,Ibitirama,ES,Sudeste,Caparaó,E,0.0,0,,0.0,0.0,0.0,0.0,12127.65,30826.498,"Administração, defesa, educação e saúde públicas e seguridade social",8889
5206701,Damianópolis,GO,Centro-Oeste,Região Turística das Águas e Cavernas do Cerrado,E,0.0,0,,0.0,0.0,0.0,0.0,11586.91,11429.002,"Administração, defesa, educação e saúde públicas e seguridade social",3311
4310579,Itapuca,RS,Sul,Vale do Taquari,E,0.0,0,,0.0,0.0,0.0,0.0,28252.86,7732.221,"Agricultura, inclusive apoio à agricultura e a pós colheita",2094
3103207,Araçaí,MG,Sudeste,Guimarães Rosa,E,0.0,0,,0.0,0.0,0.0,0.0,24280.95,11199.152,"Administração, defesa, educação e saúde públicas e seguridade social",2347
3546207,Santa Cruz da Conceição,SP,Sudeste,Região Turística Histórias e Vales,E,0.0,0,,0.0,0.0,0.0,0.0,28946.51,59926.914,Demais serviços,4503
3122405,Divisa Nova,MG,Sudeste,Lago de Furnas,E,0.0,0,,0.0,0.0,0.0,0.0,13175.15,26645.711,"Administração, defesa, educação e saúde públicas e seguridade social",6011
3155009,Rio Doce,MG,Sudeste,Montanhas e Fé,E,0.0,0,,0.0,0.0,0.0,0.0,19245.24,12564.355,"Administração, defesa, educação e saúde públicas e seguridade social",2610
3169059,Tocos do Moji,MG,Sudeste,Serras Verdes do Sul de Minas,E,0.0,0,,0.0,0.0,0.0,0.0,12921.98,15065.284,"Administração, defesa, educação e saúde públicas e seguridade social",4101
3170479,Uruana de Minas,MG,Sudeste,Noroeste das Gerais e Alto Paranaíba,E,0.0,0,,0.0,0.0,0.0,0.0,15928.38,15927.012,"Administração, defesa, educação e saúde públicas e seguridade social",3264
3170651,Vargem Grande do Rio Pardo,MG,Sudeste,Lago de Irapé,E,0.0,0,,0.0,0.0,0.0,0.0,10155.15,12069.123,"Administração, defesa, educação e saúde públicas e seguridade social",5007
5007976,Taquarussu,MS,Sul,Vale das Águas,E,0.0,0,,0.0,0.0,0.0,0.0,30602.87,19191.869,"Administração, defesa, educação e saúde públicas e seguridade social",3588
2109056,Porto Rico do Maranhão,MA,Nordeste,Polo Floresta dos Guarás,E,0.0,0,,0.0,0.0,0.0,0.0,7478.59,8782.157,"Administração, defesa, educação e saúde públicas e seguridade social",5975
4301651,Barão,RS,Sul,Vale da Felicidade,E,0.0,0,,0.0,0.0,0.0,0.0,41697.83,43712.051,Indústrias de transformação,6171
3110806,Campanário,MG,Sudeste,Pedras Preciosas,E,0.0,0,,0.0,0.0,0.0,0.0,11910.35,16414.853,"Administração, defesa, educação e saúde públicas e seguridade social",3721
3116803,Coluna,MG,Sudeste,Trilhas do Rio Doce,E,0.0,0,,0.0,0.0,0.0,0.0,10324.03,33861.87,"Administração, defesa, educação e saúde públicas e seguridade social",8873
3145406,Olaria,MG,Sudeste,Serras de Ibitipoca,E,0.0,0,,0.0,0.0,0.0,0.0,14008.02,7184.096,"Administração, defesa, educação e saúde públicas e seguridade social",1747
4103024,Boa Esperança do Iguaçu,PR,Sul,Vales do Iguaçu,E,0.0,0,,0.0,0.0,0.0,0.0,35254.0,24886.247,"Pecuária, inclusive apoio à pecuária",2503
4106555,Corumbataí do Sul,PR,Sul,"Ecoaventuras, Histórias e Sabores",E,0.0,0,,0.0,0.0,0.0,0.0,19402.33,19372.739,"Administração, defesa, educação e saúde públicas e seguridade social",3219
4110656,Iracema do Oeste,PR,Sul,Riquezas do Oeste,E,0.0,0,,0.0,0.0,0.0,0.0,33711.64,24282.31,"Agricultura, inclusive apoio à agricultura e a pós colheita",2288
4205191,Ermo,SC,Sul,Caminho dos Canyons,E,0.0,0,,0.0,0.0,0.0,0.0,45273.94,21640.721,Indústrias de transformação,2063
4206306,Guabiruba,SC,Sul,Vale Europeu,E,0.0,0,,0.0,0.0,0.0,0.0,42015.66,336599.777,Indústrias de transformação,23832
4213153,Planalto Alegre,SC,Sul,VALE DAS ÁGUAS,E,0.0,0,,0.0,0.0,0.0,0.0,38662.51,27674.745,"Pecuária, inclusive apoio à pecuária",2870
4322905,Viadutos,RS,Sul,Termas e Lagos,E,0.0,0,,0.0,0.0,0.0,0.0,31316.29,45400.167,"Agricultura, inclusive apoio à agricultura e a pós colheita",4756
2409506,Pedra Grande,RN,Nordeste,Polo Costa das Dunas,E,0.0,0,,0.0,0.0,0.0,0.0,73661.56,28137.161,"Eletricidade e gás, água, esgoto, atividades de gestão de resíduos e descontaminação",3237
2415008,Vila Flor,RN,Nordeste,Polo Costa das Dunas,E,0.0,0,,0.0,0.0,0.0,0.0,13097.66,7812.659,"Administração, defesa, educação e saúde públicas e seguridade social",3170
3156304,Rodeiro,MG,Sudeste,Serras e Cachoeiras,E,0.0,0,,0.0,0.0,0.0,0.0,49598.29,82951.955,Indústrias de transformação,8109
3162252,São João da Lagoa,MG,Sudeste,Lago de Irapé,E,0.0,0,,0.0,0.0,0.0,0.0,9856.03,11844.239,"Administração, defesa, educação e saúde públicas e seguridade social",4915
4304952,Caseiros,RS,Sul,Rota das Araucárias,E,0.0,0,,0.0,0.0,0.0,0.0,39978.64,45455.02,"Agricultura, inclusive apoio à agricultura e a pós colheita",3202
2800506,Areia Branca,SE,Nordeste,Polo Serras Sergipanas,E,0.0,0,,0.0,0.0,0.0,0.0,11918.21,55045.402,"Administração, defesa, educação e saúde públicas e seguridade social",18542
4302501,Bossoroca,RS,Sul,Rota Missões,E,0.0,0,,0.0,0.0,0.0,0.0,51655.07,83945.859,"Agricultura, inclusive apoio à agricultura e a pós colheita",6279
4308078,Fazenda Vilanova,RS,Sul,Vale do Taquari,E,0.0,0,,0.0,0.0,0.0,0.0,23486.0,31086.378,"Administração, defesa, educação e saúde públicas e seguridade social",4533
4322251,Tupandi,RS,Sul,Vale da Felicidade,E,0.0,0,,0.0,0.0,0.0,0.0,102772.99,79184.377,Indústrias de transformação,4855
4313490,Novo Barreiro,RS,Sul,Cultura e Tradição,E,0.0,0,,0.0,0.0,0.0,0.0,23657.27,27852.577,"Administração, defesa, educação e saúde públicas e seguridade social",4164
3523701,Itirapuã,SP,Sudeste,Lagos do Rio Grande,E,0.0,0,,0.0,0.0,0.0,0.0,15885.28,34315.419,Demais serviços,6499
4307203,Erval Grande,RS,Sul,Termas e Lagos,E,0.0,0,,0.0,0.0,0.0,0.0,22526.27,34371.474,"Administração, defesa, educação e saúde públicas e seguridade social",4859
5105309,Luciara,MT,Centro-Oeste,Região Turística Norte Araguaia,E,0.0,0,,0.0,0.0,0.0,0.0,14918.12,7682.326,"Administração, defesa, educação e saúde públicas e seguridade social",2077
4206751,Ibiam,SC,Sul,Vale dos Imigrantes,E,0.0,0,,0.0,0.0,0.0,0.0,26876.47,8659.09,"Administração, defesa, educação e saúde públicas e seguridade social",1957
4305132,Cerro Branco,RS,Sul,Centro-Serra,E,0.0,0,,0.0,0.0,0.0,0.0,16125.34,17120.659,"Administração, defesa, educação e saúde públicas e seguridade social",4691
4319711,São Valentim do Sul,RS,Sul,Uva e Vinho,E,0.0,0,,0.0,0.0,0.0,0.0,27126.41,13793.435,"Administração, defesa, educação e saúde públicas e seguridade social",2242
4320263,Segredo,RS,Sul,Centro-Serra,E,0.0,0,,0.0,0.0,0.0,0.0,17518.37,27802.371,"Agricultura, inclusive apoio à agricultura e a pós colheita",7421
4113403,Leópolis,PR,Sul,Norte do Paraná,E,0.0,0,,0.0,0.0,0.0,0.0,34920.57,29123.752,"Agricultura, inclusive apoio à agricultura e a pós colheita",3954
4304713,Caraá,RS,Sul,Litoral Norte Gaúcho,E,0.0,0,,0.0,0.0,0.0,0.0,14470.38,23364.353,"Administração, defesa, educação e saúde públicas e seguridade social",8270
3507704,Braúna,SP,Sudeste,Tietê Vivo,E,0.0,0,,0.0,0.0,0.0,0.0,17214.99,39146.318,Demais serviços,5686
4128658,Virmond,PR,Sul,Lagos e Colinas,E,0.0,0,,0.0,0.0,0.0,0.0,33986.43,31181.115,"Agricultura, inclusive apoio à agricultura e a pós colheita",4023
4300570,Alto Feliz,RS,Sul,Vale da Felicidade,E,0.0,0,,0.0,0.0,0.0,0.0,39557.12,23553.082,Indústrias de transformação,3028
4315750,Riozinho,RS,Sul,Vale do Paranhana,E,0.0,0,,0.0,0.0,0.0,0.0,27982.83,34232.19,Indústrias de transformação,4653
3141207,Matutina,MG,Sudeste,Lago de Três Marias,E,0.0,0,,0.0,0.0,0.0,0.0,19322.29,21004.04,"Administração, defesa, educação e saúde públicas e seguridade social",3749
4118600,Paula Freitas,PR,Sul,Terra dos Pinheirais,E,0.0,0,,0.0,0.0,0.0,0.0,47695.42,104553.062,"Agricultura, inclusive apoio à agricultura e a pós colheita",5873
4313334,Nova Ramada,RS,Sul,Rota do Yucumã,E,0.0,0,,0.0,0.0,0.0,0.0,64608.69,37129.495,"Agricultura, inclusive apoio à agricultura e a pós colheita",2242
4314498,Pinheirinho do Vale,RS,Sul,Rota Águas e Pedras,E,0.0,0,,0.0,0.0,0.0,0.0,20254.2,19303.983,"Pecuária, inclusive apoio à pecuária",4871
4315073,Porto Vera Cruz,RS,Sul,Rota do Rio Uruguai,E,0.0,0,,0.0,0.0,0.0,0.0,25347.9,6907.159,"Administração, defesa, educação e saúde públicas e seguridade social",1360
4315156,Progresso,RS,Sul,Vale do Taquari,E,0.0,0,,0.0,0.0,0.0,0.0,20956.19,38506.284,"Administração, defesa, educação e saúde públicas e seguridade social",6244
3171501,Mathias Lobato,MG,Sudeste,Trilhas do Rio Doce,E,0.0,0,,0.0,0.0,0.0,0.0,11700.03,12276.17,"Administração, defesa, educação e saúde públicas e seguridade social",3203
3547908,Santo Antônio da Alegria,SP,Sudeste,Lagos do Rio Grande,E,0.0,0,,0.0,0.0,0.0,0.0,22155.39,52346.921,Demais serviços,6929
4215554,Santa Helena,SC,Sul,Caminhos da Fronteira,E,0.0,0,,0.0,0.0,0.0,0.0,33988.68,17757.726,"Administração, defesa, educação e saúde públicas e seguridade social",2223
4319356,São Pedro da Serra,RS,Sul,Vale da Felicidade,E,0.0,0,,0.0,0.0,0.0,0.0,21716.31,21125.158,"Administração, defesa, educação e saúde públicas e seguridade social",3801
4321626,Travesseiro,RS,Sul,Vale do Taquari,E,0.0,0,,0.0,0.0,0.0,0.0,26340.3,7093.583,"Pecuária, inclusive apoio à pecuária",2336
3120201,Cristais,MG,Sudeste,Grutas e Mar de Minas,E,0.0,0,,0.0,0.0,0.0,0.0,14763.77,69373.129,Demais serviços,12798
1200344,Manoel Urbano,AC,Norte,Caminhos das Aldeias e da Biodiversidade,E,0.0,0,,0.0,0.0,0.0,0.0,13908.96,24053.941,"Administração, defesa, educação e saúde públicas e seguridade social",9459
4128625,Alto Paraíso,PR,Sul,Corredores das Águas,E,0.0,0,,0.0,0.0,0.0,0.0,33237.18,20952.128,"Administração, defesa, educação e saúde públicas e seguridade social",2741
2707602,Quebrangulo,AL,Nordeste,Quilombos,E,0.0,0,,0.0,0.0,0.0,0.0,12314.86,24466.068,"Administração, defesa, educação e saúde públicas e seguridade social",11294
2806404,Santana do São Francisco,SE,Nordeste,Polo Velho Chico,E,0.0,0,,0.0,0.0,0.0,0.0,10613.45,16912.959,"Administração, defesa, educação e saúde públicas e seguridade social",7780
2707800,Roteiro,AL,Nordeste,Lagoas e Mares do Sul,E,0.0,0,,0.0,0.0,0.0,0.0,20744.84,22522.851,"Administração, defesa, educação e saúde públicas e seguridade social",6664
2708956,Senador Rui Palmeira,AL,Nordeste,Região da Caatinga,E,0.0,0,,0.0,0.0,0.0,0.0,6303.92,18851.105,"Administração, defesa, educação e saúde públicas e seguridade social",13870
2511004,Pedra Branca,PB,Nordeste,Vale dos Sertões,E,0.0,0,,0.0,0.0,0.0,0.0,8476.4,6377.976,"Administração, defesa, educação e saúde públicas e seguridade social",3801
2804102,Moita Bonita,SE,Nordeste,Polo Serras Sergipanas,E,0.0,0,,0.0,0.0,0.0,0.0,18147.47,39796.158,"Agricultura, inclusive apoio à agricultura e a pós colheita",11335
3153202,Presidente Juscelino,MG,Sudeste,Guimarães Rosa,E,0.0,0,,0.0,0.0,0.0,0.0,14268.89,11346.042,"Administração, defesa, educação e saúde públicas e seguridade social",3641
2924603,Pindobaçu,BA,Nordeste,Chapada Diamantina,E,0.0,0,,0.0,0.0,0.0,0.0,7436.92,46600.003,"Administração, defesa, educação e saúde públicas e seguridade social",20150
3107901,Bom Repouso,MG,Sudeste,Serras Verdes do Sul de Minas,E,0.0,0,,0.0,0.0,0.0,0.0,12543.64,48785.153,"Administração, defesa, educação e saúde públicas e seguridade social",10547
3165537,Sarzedo,MG,Sudeste,Veredas do Paraopeba,E,0.0,0,,0.0,0.0,0.0,0.0,32646.9,330184.947,Demais serviços,32752
3165560,Sem-Peixe,MG,Sudeste,Montanhas e Fé,E,0.0,0,,0.0,0.0,0.0,0.0,12032.64,9032.169,"Administração, defesa, educação e saúde públicas e seguridade social",2633
3507159,Bom Sucesso de Itararé,SP,Sudeste,Região Turística dos Cânions Paulista,E,0.0,0,,0.0,0.0,0.0,0.0,14930.62,17745.821,"Administração, defesa, educação e saúde públicas e seguridade social",3954
3511201,Catiguá,SP,Sudeste,"Águas, Sabores e Saberes",E,0.0,0,,0.0,0.0,0.0,0.0,16925.94,64175.082,Demais serviços,7804
3148400,Paulistas,MG,Sudeste,Trilhas do Rio Doce,E,0.0,0,,0.0,0.0,0.0,0.0,10795.92,14881.814,"Administração, defesa, educação e saúde públicas e seguridade social",4830
3513207,Cristais Paulista,SP,Sudeste,Lagos do Rio Grande,E,0.0,0,,0.0,0.0,0.0,0.0,23226.33,79451.939,Demais serviços,8631
4110300,Inajá,PR,Sul,Corredores das Águas,E,0.0,0,,0.0,0.0,0.0,0.0,18393.83,13347.281,"Agricultura, inclusive apoio à agricultura e a pós colheita",3109
4202701,Botuverá,SC,Sul,Vale Europeu,E,0.0,0,,0.0,0.0,0.0,0.0,62007.39,58598.357,Indústrias de transformação,5246
3103801,Arapuá,MG,Sudeste,Lago de Três Marias,E,0.0,0,,0.0,0.0,0.0,0.0,44858.01,46289.54,Indústrias de transformação,2834
3134301,Itumirim,MG,Sudeste,Vale Verde e Quedas D'Água,E,0.0,0,,0.0,0.0,0.0,0.0,10755.56,19793.968,"Administração, defesa, educação e saúde públicas e seguridade social",6023
3520707,Indiaporã,SP,Sudeste,MARAVILHAS  DO RIO GRANDE,E,0.0,0,,0.0,0.0,0.0,0.0,23427.52,42306.356,Demais serviços,3897
3143609,Morro da Garça,MG,Sudeste,Guimarães Rosa,E,0.0,0,,0.0,0.0,0.0,0.0,19805.77,13627.371,"Administração, defesa, educação e saúde públicas e seguridade social",2462
4314472,Pinhal Grande,RS,Sul,Central,E,0.0,0,,0.0,0.0,0.0,0.0,174832.76,53974.768,"Eletricidade e gás, água, esgoto, atividades de gestão de resíduos e descontaminação",4350
3205150,Vila Pavão,ES,Sudeste,"Pedras, Pão e Mel",E,0.0,0,,0.0,0.0,0.0,0.0,12605.26,32883.769,"Administração, defesa, educação e saúde públicas e seguridade social",9208
4315057,Porto Mauá,RS,Sul,Rota do Rio Uruguai,E,0.0,0,,0.0,0.0,0.0,0.0,27350.07,16793.978,"Administração, defesa, educação e saúde públicas e seguridade social",2374
4320552,Sertão Santana,RS,Sul,Costa Doce,E,0.0,0,,0.0,0.0,0.0,0.0,43351.59,122002.159,Comércio e reparação de veículos automotores e motocicletas,6486
4321477,Tiradentes do Sul,RS,Sul,Rota do Yucumã,E,0.0,0,,0.0,0.0,0.0,0.0,24172.79,40547.117,"Administração, defesa, educação e saúde públicas e seguridade social",5704
4323606,Vista Alegre do Prata,RS,Sul,Uva e Vinho,E,0.0,0,,0.0,0.0,0.0,0.0,36063.89,12740.079,"Pecuária, inclusive apoio à pecuária",1561
3170503,Urucânia,MG,Sudeste,Montanhas e Fé,E,0.0,0,,0.0,0.0,0.0,0.0,19891.42,62143.056,Demais serviços,10358
2804003,Maruim,SE,Nordeste,Polo dos Tabuleiros,E,0.0,0,,0.0,0.0,0.0,0.0,19730.91,81809.731,"Administração, defesa, educação e saúde públicas e seguridade social",17213
3160801,São Bento Abade,MG,Sudeste,Vale Verde e Quedas D'Água,E,0.0,0,,0.0,0.0,0.0,0.0,12689.81,20590.105,"Administração, defesa, educação e saúde públicas e seguridade social",5286
4103222,Bom Sucesso do Sul,PR,Sul,Vales do Iguaçu,E,0.0,0,,0.0,0.0,0.0,0.0,54468.9,64085.794,"Agricultura, inclusive apoio à agricultura e a pós colheita",3264
4310439,Ipê,RS,Sul,Campos de Cima da Serra,E,0.0,0,,0.0,0.0,0.0,0.0,33582.73,58112.744,"Agricultura, inclusive apoio à agricultura e a pós colheita",6640
2210904,Socorro do Piauí,PI,Nordeste,Polo das Origens,E,0.0,0,,0.0,0.0,0.0,0.0,7776.15,7296.173,"Administração, defesa, educação e saúde públicas e seguridade social",4569
1718303,Praia Norte,TO,Norte,Bico do Papagaio,E,0.0,0,,0.0,0.0,0.0,0.0,9595.44,10983.7,"Administração, defesa, educação e saúde públicas e seguridade social",8432
1720002,Santa Terezinha do Tocantins,TO,Norte,Bico do Papagaio,E,0.0,0,,0.0,0.0,0.0,0.0,12939.88,4853.074,"Administração, defesa, educação e saúde públicas e seguridade social",2529
2200459,Alvorada do Gurguéia,PI,Nordeste,Polo das Nascentes,E,0.0,0,,0.0,0.0,0.0,0.0,11538.11,14917.524,"Administração, defesa, educação e saúde públicas e seguridade social",5419
2202851,Coronel José Dias,PI,Nordeste,Polo das Origens,E,0.0,0,,0.0,0.0,0.0,0.0,8360.11,8227.0,"Administração, defesa, educação e saúde públicas e seguridade social",4682
2403756,Fernando Pedroza,RN,Nordeste,Polo Costa Branca,E,0.0,0,,0.0,0.0,0.0,0.0,11235.47,7943.09,"Administração, defesa, educação e saúde públicas e seguridade social",3054
2410256,Porto do Mangue,RN,Nordeste,Polo Costa Branca,E,0.0,0,,0.0,0.0,0.0,0.0,24926.83,34125.859,Indústrias extrativas,6437
2413359,Serra do Mel,RN,Nordeste,Polo Costa Branca,E,0.0,0,,0.0,0.0,0.0,0.0,31884.47,83534.249,Indústrias de transformação,11938
2414753,Venha-Ver,RN,Nordeste,Polo Serrano,E,0.0,0,,0.0,0.0,0.0,0.0,9239.61,7890.503,"Administração, defesa, educação e saúde públicas e seguridade social",4177
2506608,Ibiara,PB,Nordeste,Vale dos Sertões,E,0.0,0,,0.0,0.0,0.0,0.0,8387.9,11281.136,"Administração, defesa, educação e saúde públicas e seguridade social",5929
2509339,Matinhas,PB,Nordeste,Brejo,E,0.0,0,,0.0,0.0,0.0,0.0,10954.13,7152.022,"Administração, defesa, educação e saúde públicas e seguridade social",4500
2509909,Natuba,PB,Nordeste,Vale do Paraíba,E,0.0,0,,0.0,0.0,0.0,0.0,8225.47,13559.91,"Administração, defesa, educação e saúde públicas e seguridade social",10454
2513109,Salgado de São Félix,PB,Nordeste,Vale do Paraíba,E,0.0,0,,0.0,0.0,0.0,0.0,9725.13,20254.739,"Administração, defesa, educação e saúde públicas e seguridade social",12140
2707206,Poço das Trincheiras,AL,Nordeste,Região da Caatinga,E,0.0,0,,0.0,0.0,0.0,0.0,6432.78,19601.297,"Administração, defesa, educação e saúde públicas e seguridade social",14386
2904001,Boninal,BA,Nordeste,Chapada Diamantina,E,0.0,0,,0.0,0.0,0.0,0.0,6788.98,29790.376,"Administração, defesa, educação e saúde públicas e seguridade social",14368
2916500,Itapicuru,BA,Nordeste,Caminhos do Sertão,E,0.0,0,,0.0,0.0,0.0,0.0,8936.13,73682.047,"Administração, defesa, educação e saúde públicas e seguridade social",35576
3100401,Acaiaca,MG,Sudeste,Serras de Minas,E,0.0,0,,0.0,0.0,0.0,0.0,13982.58,22971.485,"Administração, defesa, educação e saúde públicas e seguridade social",3994
3101631,Alfredo Vasconcelos,MG,Sudeste,Trilha dos Inconfidentes,E,0.0,0,,0.0,0.0,0.0,0.0,17587.53,46461.735,"Administração, defesa, educação e saúde públicas e seguridade social",6907
3102902,Antônio Carlos,MG,Sudeste,Trilha dos Inconfidentes,E,0.0,0,,0.0,0.0,0.0,0.0,13902.61,51907.592,"Administração, defesa, educação e saúde públicas e seguridade social",11445
3104403,Argirita,MG,Sudeste,Serras e Cachoeiras,E,0.0,0,,0.0,0.0,0.0,0.0,12713.94,11389.043,"Administração, defesa, educação e saúde públicas e seguridade social",2727
3115201,Conceição da Barra de Minas,MG,Sudeste,Trilha dos Inconfidentes,E,0.0,0,,0.0,0.0,0.0,0.0,12878.25,13481.291,"Administração, defesa, educação e saúde públicas e seguridade social",3954
3115409,Catas Altas da Noruega,MG,Sudeste,Villas e Fazendas de Minas,E,0.0,0,,0.0,0.0,0.0,0.0,9681.37,9623.619,"Administração, defesa, educação e saúde públicas e seguridade social",3641
3121704,Diogo de Vasconcelos,MG,Sudeste,Montanhas e Fé,E,0.0,0,,0.0,0.0,0.0,0.0,9017.01,10698.711,"Administração, defesa, educação e saúde públicas e seguridade social",3802
3122801,Dom Viçoso,MG,Sudeste,Águas,E,0.0,0,,0.0,0.0,0.0,0.0,10668.02,9461.681,"Administração, defesa, educação e saúde públicas e seguridade social",3001
3123528,Durandé,MG,Sudeste,Pico da Bandeira,E,0.0,0,,0.0,0.0,0.0,0.0,10295.22,28885.399,"Administração, defesa, educação e saúde públicas e seguridade social",7841
3125952,Fervedouro,MG,Sudeste,Serra do Brigadeiro,E,0.0,0,,0.0,0.0,0.0,0.0,9991.14,39101.593,"Administração, defesa, educação e saúde públicas e seguridade social",11006
3126752,Franciscópolis,MG,Sudeste,Pedras Preciosas,E,0.0,0,,0.0,0.0,0.0,0.0,13203.49,17240.42,"Administração, defesa, educação e saúde públicas e seguridade social",5391
3157500,Santa Efigênia de Minas,MG,Sudeste,Trilhas do Rio Doce,E,0.0,0,,0.0,0.0,0.0,0.0,10362.94,13302.784,"Administração, defesa, educação e saúde públicas e seguridade social",4409
3158706,Santana do Garambéu,MG,Sudeste,Serras de Ibitipoca,E,0.0,0,,0.0,0.0,0.0,0.0,12539.43,8800.455,"Administração, defesa, educação e saúde públicas e seguridade social",2458
3166600,Serra da Saudade,MG,Sudeste,Lago de Três Marias,E,0.0,0,,0.0,0.0,0.0,0.0,24465.21,4352.259,"Administração, defesa, educação e saúde públicas e seguridade social",781
3202652,Irupi,ES,Sudeste,Caparaó,E,0.0,0,,0.0,0.0,0.0,0.0,12583.2,59881.663,"Administração, defesa, educação e saúde públicas e seguridade social",13377
3505005,Barão de Antonina,SP,Sudeste,Angra Doce Paulista,E,0.0,0,,0.0,0.0,0.0,0.0,17833.37,19849.746,"Administração, defesa, educação e saúde públicas e seguridade social",3469
3527256,Lourdes,SP,Sudeste,Tietê Vivo,E,0.0,0,,0.0,0.0,0.0,0.0,15334.5,11913.957,"Administração, defesa, educação e saúde públicas e seguridade social",2289
3529500,Mendonça,SP,Sudeste,Coração do Tietê,E,0.0,0,,0.0,0.0,0.0,0.0,32438.03,69393.667,Demais serviços,5490
3531001,Monções,SP,Sudeste,Tietê Vivo,E,0.0,0,,0.0,0.0,0.0,0.0,24184.29,20307.39,Demais serviços,2259
3551405,Serra Azul,SP,Sudeste,Caminhos da Mogiana,E,0.0,0,,0.0,0.0,0.0,0.0,11829.76,56672.986,"Administração, defesa, educação e saúde públicas e seguridade social",14662
4103156,Bom Jesus do Sul,PR,Sul,Vales do Iguaçu,E,0.0,0,,0.0,0.0,0.0,0.0,19826.98,17011.292,"Administração, defesa, educação e saúde públicas e seguridade social",3541
4114906,Marilândia do Sul,PR,Sul,Vale do Ivaí,E,0.0,0,,0.0,0.0,0.0,0.0,36487.46,106349.42,"Agricultura, inclusive apoio à agricultura e a pós colheita",8836
4121356,Rancho Alegre d'Oeste,PR,Sul,"Ecoaventuras, Histórias e Sabores",E,0.0,0,,0.0,0.0,0.0,0.0,50132.53,36933.309,"Agricultura, inclusive apoio à agricultura e a pós colheita",2655
4125100,São João do Triunfo,PR,Sul,Campos Gerais,E,0.0,0,,0.0,0.0,0.0,0.0,33833.14,96308.549,"Agricultura, inclusive apoio à agricultura e a pós colheita",15120
4125555,São Manoel do Paraná,PR,Sul,Corredores das Águas,E,0.0,0,,0.0,0.0,0.0,0.0,25321.24,11975.973,"Administração, defesa, educação e saúde públicas e seguridade social",2160
4201653,Arvoredo,SC,Sul,Grande Oeste,E,0.0,0,,0.0,0.0,0.0,0.0,51594.15,18441.76,"Eletricidade e gás, água, esgoto, atividades de gestão de resíduos e descontaminação",2240
4202156,Belmonte,SC,Sul,Caminhos da Fronteira,E,0.0,0,,0.0,0.0,0.0,0.0,19688.36,13037.647,"Administração, defesa, educação e saúde públicas e seguridade social",2706
4202438,Bocaina do Sul,SC,Sul,Serra Catarinense,E,0.0,0,,0.0,0.0,0.0,0.0,24821.11,16903.831,"Produção florestal, pesca e aquicultura",3474
4202537,Bom Jesus,SC,Sul,Grande Oeste,E,0.0,0,,0.0,0.0,0.0,0.0,39572.0,34891.561,Indústrias de transformação,3010
4211876,Paial,SC,Sul,Grande Oeste,E,0.0,0,,0.0,0.0,0.0,0.0,27271.38,9872.079,"Administração, defesa, educação e saúde públicas e seguridade social",1505
4219358,Vitor Meireles,SC,Sul,Caminhos do Alto Vale,E,0.0,0,,0.0,0.0,0.0,0.0,23877.94,32926.518,"Agricultura, inclusive apoio à agricultura e a pós colheita",4979
4305934,Coronel Pilar,RS,Sul,Uva e Vinho,E,0.0,0,,0.0,0.0,0.0,0.0,26025.73,6910.082,"Administração, defesa, educação e saúde públicas e seguridade social",1628
4306205,Cruzeiro do Sul,RS,Sul,Vale do Taquari,E,0.0,0,,0.0,0.0,0.0,0.0,31948.89,149565.773,Demais serviços,12348
4306734,Doutor Maurício Cardoso,RS,Sul,Rota do Rio Uruguai,E,0.0,0,,0.0,0.0,0.0,0.0,41626.88,62893.492,"Agricultura, inclusive apoio à agricultura e a pós colheita",4549
4306759,Doutor Ricardo,RS,Sul,Vale do Taquari,E,0.0,0,,0.0,0.0,0.0,0.0,27701.82,14877.191,"Administração, defesa, educação e saúde públicas e seguridade social",1983
4309050,Glorinha,RS,Sul,Delta do Jacuí,E,0.0,0,,0.0,0.0,0.0,0.0,32951.24,70179.126,Indústrias de transformação,8098
4310652,Itati,RS,Sul,Litoral Norte Gaúcho,E,0.0,0,,0.0,0.0,0.0,0.0,31459.73,13353.914,"Agricultura, inclusive apoio à agricultura e a pós colheita",2419
4312443,Morrinhos do Sul,RS,Sul,Litoral Norte Gaúcho,E,0.0,0,,0.0,0.0,0.0,0.0,19620.18,12628.136,"Agricultura, inclusive apoio à agricultura e a pós colheita",2949
4312617,Muitos Capões,RS,Sul,Campos de Cima da Serra,E,0.0,0,,0.0,0.0,0.0,0.0,132929.96,76019.918,"Agricultura, inclusive apoio à agricultura e a pós colheita",3162
4312674,Nicolau Vergueiro,RS,Sul,Alto da Serra do Botucaraí,E,0.0,0,,0.0,0.0,0.0,0.0,52506.99,23902.138,"Agricultura, inclusive apoio à agricultura e a pós colheita",1682
4314027,Paraíso do Sul,RS,Sul,Central,E,0.0,0,,0.0,0.0,0.0,0.0,22265.24,52173.973,"Agricultura, inclusive apoio à agricultura e a pós colheita",7611
4314035,Pareci Novo,RS,Sul,Vale da Felicidade,E,0.0,0,,0.0,0.0,0.0,0.0,26142.48,35736.462,"Administração, defesa, educação e saúde públicas e seguridade social",3837
4314134,Paulo Bento,RS,Sul,Termas e Lagos,E,0.0,0,,0.0,0.0,0.0,0.0,44858.74,18915.334,"Agricultura, inclusive apoio à agricultura e a pós colheita",2293
4314787,Ponte Preta,RS,Sul,Termas e Lagos,E,0.0,0,,0.0,0.0,0.0,0.0,38479.69,11904.096,"Agricultura, inclusive apoio à agricultura e a pós colheita",1547
4322186,Tupanci do Sul,RS,Sul,Rota das Araucárias,E,0.0,0,,0.0,0.0,0.0,0.0,39609.66,12797.24,"Agricultura, inclusive apoio à agricultura e a pós colheita",1472
5106109,Nossa Senhora do Livramento,MT,Centro-Oeste,Região Turística  Pantanal Mato-Grossense,E,0.0,0,,0.0,0.0,0.0,0.0,22758.27,89671.787,"Administração, defesa, educação e saúde públicas e seguridade social",13216
5107404,São Pedro da Cipa,MT,Centro-Oeste,Região Turística Vale do São Lourenço,E,0.0,0,,0.0,0.0,0.0,0.0,13837.63,14390.301,"Administração, defesa, educação e saúde públicas e seguridade social",4727
5204557,Caldazinha,GO,Centro-Oeste,Região Turística da Estrada de Ferro,E,0.0,0,,0.0,0.0,0.0,0.0,14244.03,13227.264,"Administração, defesa, educação e saúde públicas e seguridade social",3804
1100379,Alto Alegre dos Parecis,RO,Norte,POLO TURÍSTICO ZONA DA MATA,E,0.0,0,,0.0,0.0,0.0,0.0,21802.07,43655.687,"Administração, defesa, educação e saúde públicas e seguridade social",13241
1101203,Ministro Andreazza,RO,Norte,POLO TURISTICO RIOS DE RONDON,E,0.0,0,,0.0,0.0,0.0,0.0,22402.58,48108.075,"Administração, defesa, educação e saúde públicas e seguridade social",9660
1719004,Santa Tereza do Tocantins,TO,Norte,Encantos do Jalapao,E,0.0,0,,0.0,0.0,0.0,0.0,12594.54,7249.607,"Administração, defesa, educação e saúde públicas e seguridade social",2866
2103554,Conceição do Lago-Açu,MA,Nordeste,Polo Lagos e Campos Floridos,E,0.0,0,,0.0,0.0,0.0,0.0,7592.17,23041.682,"Administração, defesa, educação e saúde públicas e seguridade social",16237
4301602,Bagé,RS,Sul,Pampa Gaúcho,B,124.0,12,10.33,1639.0,274902.0,276541.0,1264817.0,26037.08,1698071.319,Demais serviços,121143
3521200,Iporanga,SP,Sudeste,Cavernas da Mata Atlântica,D,26.0,6,4.33,831.0,4903.0,5734.0,148648.0,13751.83,22270.702,"Administração, defesa, educação e saúde públicas e seguridade social",4218
1712009,Lajeado,TO,Norte,Serras e Lago,D,1.0,1,1.0,0.0,0.0,0.0,0.0,21804.92,16379.96,"Administração, defesa, educação e saúde públicas e seguridade social",3134
2108058,Paulino Neves,MA,Nordeste,Polo Delta das Américas,D,0.0,0,,0.0,459.0,459.0,0.0,6535.14,24285.401,"Administração, defesa, educação e saúde públicas e seguridade social",16035
3131901,Itabirito,MG,Sudeste,Ouro,C,102.0,11,9.27,404.0,28088.0,28492.0,808968.0,54869.57,963086.091,Demais serviços,51875
1506583,Santa Maria das Barreiras,PA,Norte,Região Turística do Araguaia,D,0.0,0,,207.0,1494.0,1701.0,0.0,23286.22,82697.979,"Pecuária, inclusive apoio à pecuária",21449
1507458,São Geraldo do Araguaia,PA,Norte,Região turística do Carajás,D,1.0,1,1.0,64.0,16341.0,16405.0,0.0,20998.28,138960.98,"Administração, defesa, educação e saúde públicas e seguridade social",24847
2506509,Gurjão,PB,Nordeste,Cariri,D,0.0,0,,0.0,3499.0,3499.0,0.0,9451.1,6721.121,"Administração, defesa, educação e saúde públicas e seguridade social",3428
1400407,Normandia,RR,Norte,O Extremo Norte do Brasil,D,4.0,2,2.0,0.0,5659.0,5659.0,0.0,15837.16,18314.716,"Administração, defesa, educação e saúde públicas e seguridade social",11290
2805703,Propriá,SE,Nordeste,Polo Velho Chico,C,27.0,7,3.86,0.0,18930.0,18930.0,0.0,17349.14,235048.718,Demais serviços,29626
5200100,Abadiânia,GO,Centro-Oeste,Região Turística do Ouro e Cristais,B,157.0,31,5.06,6752.0,89930.0,96682.0,741632.0,17302.04,147908.39,Demais serviços,20042
3165206,São Thomé das Letras,MG,Sudeste,Vale Verde e Quedas D'Água,C,33.0,14,2.36,1192.0,57376.0,58568.0,178819.0,14787.36,45826.977,Demais serviços,7089
3301108,Cantagalo,RJ,Sudeste,CAMINHOS DA SERRA,C,146.0,4,36.5,0.0,0.0,0.0,0.0,36184.9,201132.771,Indústrias de transformação,20172
1100023,Ariquemes,RO,Norte,POLO TURÍSTICO VALE DO JAMARI,C,135.0,20,6.75,1326.0,3371.0,4697.0,739140.0,23908.38,1136039.091,Demais serviços,107863
1702406,Arraias,TO,Norte,Serras Gerais,D,11.0,2,5.5,0.0,16264.0,16264.0,0.0,19777.41,49523.297,"Administração, defesa, educação e saúde públicas e seguridade social",10567
3167103,Serro,MG,Sudeste,Diamantes,C,24.0,9,2.67,821.0,9820.0,10641.0,0.0,12377.03,122914.969,Demais serviços,20966
1500602,Altamira,PA,Norte,Região Turística Xingu,B,165.0,30,5.5,1940.0,20369.0,22309.0,1274213.0,24250.13,1222020.211,Demais serviços,114594
2600104,Afogados da Ingazeira,PE,Nordeste,TERRITÓRIO DA POESIA E DA CANTORIA,C,43.0,5,8.6,125.0,54616.0,54741.0,0.0,12464.16,223328.787,Demais serviços,37259
3504909,Bananal,SP,Sudeste,VALE HISTÓRICO,C,18.0,5,3.6,130.0,43061.0,43191.0,200876.0,16613.77,88863.819,Demais serviços,10945
2910800,Feira de Santana,BA,Nordeste,Caminhos do Sertão,B,454.0,45,10.09,4675.0,501585.0,506260.0,3620315.0,24229.74,8057247.4,Demais serviços,614872
2102705,Cantanhede,MA,Nordeste,Polo Munin,D,0.0,0,,0.0,0.0,0.0,0.0,5946.09,36148.663,"Administração, defesa, educação e saúde públicas e seguridade social",21995
2103000,Caxias,MA,Nordeste,Polo Cocais,B,98.0,8,12.25,402.0,191422.0,191824.0,0.0,11003.75,794931.885,"Administração, defesa, educação e saúde públicas e seguridade social",164880
2103208,Chapadinha,MA,Nordeste,Polo Munin,C,16.0,7,2.29,181.0,29857.0,30038.0,0.0,9262.97,348177.05,"Administração, defesa, educação e saúde públicas e seguridade social",79675
2107100,Morros,MA,Nordeste,Polo Munin,D,51.0,2,25.5,0.0,25029.0,25029.0,0.0,6963.23,41403.833,"Administração, defesa, educação e saúde públicas e seguridade social",19433
2200509,Amarante,PI,Nordeste,Polo Histórico Cultural,D,0.0,0,,0.0,16273.0,16273.0,0.0,8861.46,48505.419,"Administração, defesa, educação e saúde públicas e seguridade social",17598
4101408,Apucarana,PR,Sul,Vale do Ivaí,C,68.0,8,8.5,1018.0,90771.0,91789.0,1141372.0,25602.65,1687887.504,Demais serviços,134996
4101507,Arapongas,PR,Sul,Norte do Paraná,C,39.0,6,6.5,949.0,45317.0,46266.0,807490.0,40422.28,2036872.954,Demais serviços,123027
4104907,Castro,PR,Sul,Campos Gerais,C,68.0,9,7.56,1334.0,2473.0,3807.0,622695.0,38661.79,1094899.667,Demais serviços,71484
4108403,Francisco Beltrão,PR,Sul,Vales do Iguaçu,C,104.0,11,9.45,1392.0,48096.0,49488.0,919479.0,36116.23,1707512.204,Demais serviços,91093
4109401,Guarapuava,PR,Sul,Terra dos Pinheirais,B,298.0,27,11.04,7617.0,250161.0,257778.0,2802926.0,33639.89,3130221.707,Demais serviços,181504
3304904,São Gonçalo,RJ,Sudeste,CAMINHOS DA MATA,C,177.0,12,14.75,1744.0,24747.0,26491.0,2907220.0,16916.33,8299206.621,"Administração, defesa, educação e saúde públicas e seguridade social",1084839
2400505,Alexandria,RN,Nordeste,Polo Serrano,D,0.0,0,,170.0,1844.0,2014.0,0.0,10712.92,55621.567,"Administração, defesa, educação e saúde públicas e seguridade social",13577
4205407,Florianópolis,SC,Sul,Grande Florianópolis,A,3.715,275,0.01,852570.0,3338541.0,4191111.0,45645095.0,43842.54,13585222.932,Demais serviços,500973
3550308,São Paulo,SP,Sudeste,CAPITAL,A,13.739,785,0.02,1208735.0,13478628.0,14687363.0,473309164.0,62341.21,528380119.153,Demais serviços,12252023
1711902,Lagoa da Confusão,TO,Norte,Ilha do Bananal,D,19.0,4,4.75,188.0,3579.0,3767.0,0.0,39480.12,166748.506,"Agricultura, inclusive apoio à agricultura e a pós colheita",13357
3202405,Guarapari,ES,Sudeste,Metropolitana,B,347.0,42,8.26,7759.0,705254.0,713013.0,2026859.0,18600.78,1265392.045,Demais serviços,124859
3205002,Serra,ES,Sudeste,Metropolitana,B,182.0,22,8.27,1826.0,87263.0,89089.0,4456101.0,49980.16,12054588.075,Demais serviços,517510
2105302,Imperatriz,MA,Nordeste,Polo Chapada das Mesas,B,369.0,29,12.72,5249.0,227778.0,233027.0,2421311.0,28830.95,3499733.813,Demais serviços,258682
3106200,Belo Horizonte,MG,Sudeste,Capital Belo Horizonte,A,2.323,159,0.01,136312.0,3327794.0,3464106.0,36981149.0,38695.31,58649783.38,Demais serviços,2512070
3121605,Diamantina,MG,Sudeste,Diamantes,B,189.0,21,9.0,723.0,54744.0,55467.0,983079.0,17568.99,489791.429,Demais serviços,47723
3162500,São João del Rei,MG,Sudeste,Trilha dos Inconfidentes,B,227.0,33,6.88,5013.0,134743.0,139756.0,1444690.0,27087.89,1272580.637,Demais serviços,90082
3300704,Cabo Frio,RJ,Sudeste,COSTA DO SOL,A,954.0,89,10.72,41049.0,1209539.0,1250588.0,11488202.0,50871.17,4422154.426,Indústrias extrativas,226525
2400109,Acari,RN,Nordeste,Polo Seridó,D,4.0,2,2.0,0.0,2090.0,2090.0,0.0,11739.54,34590.93,"Administração, defesa, educação e saúde públicas e seguridade social",11136
2407401,Martins,RN,Nordeste,Polo Serrano,C,43.0,4,10.75,0.0,36119.0,36119.0,0.0,9569.79,27626.347,"Administração, defesa, educação e saúde públicas e seguridade social",8725
4314407,Pelotas,RS,Sul,Costa Doce,B,415.0,34,12.21,30651.0,283409.0,314060.0,4891698.0,27586.96,5560307.445,Demais serviços,342405
4213104,Piratuba,SC,Sul,Vale dos Imigrantes,B,453.0,14,32.36,0.0,182086.0,182086.0,7016657.0,193096.39,101708.456,"Eletricidade e gás, água, esgoto, atividades de gestão de resíduos e descontaminação",3854
3504107,Atibaia,SP,Sudeste,Circuito das Frutas,B,1.548,26,0.06,5340.0,265670.0,271010.0,12170637.0,48596.67,3546515.284,Demais serviços,142761
3504503,Avaré,SP,Sudeste,Pólo Turístico Cuesta,B,241.0,17,14.18,985.0,82765.0,83750.0,2232927.0,30291.15,1605438.386,Demais serviços,90655
3522109,Itanhaém,SP,Sudeste,Costa da Mata Atlântica,B,113.0,20,5.65,1901.0,356566.0,358467.0,481638.0,20011.41,1251149.091,Demais serviços,101816
3523909,Itu,SP,Sudeste,Roteiro dos Bandeirantes,B,446.0,19,23.47,5135.0,213786.0,218921.0,8294308.0,47384.65,4077462.756,Demais serviços,173939
3145901,Ouro Branco,MG,Sudeste,Ouro,C,96.0,11,8.73,1501.0,7494.0,8995.0,1050033.0,105889.65,994009.185,Indústrias de transformação,39500
3146107,Ouro Preto,MG,Sudeste,Ouro,B,558.0,68,8.21,25689.0,206293.0,231982.0,4691202.0,42294.45,1242294.227,Indústrias extrativas,74281
4317400,Santiago,RS,Sul,Vale do Jaguarí,D,45.0,4,11.25,91.0,29929.0,30020.0,561064.0,32137.33,900715.288,Demais serviços,49425
4318705,São Leopoldo,RS,Sul,Vale Germânico,B,120.0,11,10.91,3536.0,122661.0,126197.0,3340091.0,42740.23,4442984.739,Demais serviços,236835
4318903,São Luiz Gonzaga,RS,Sul,Rota Missões,C,24.0,6,4.0,0.0,26480.0,26480.0,0.0,42725.05,680392.448,Demais serviços,33468
4208005,Itá,SC,Sul,Vale dos Imigrantes,C,172.0,5,34.4,0.0,16765.0,16765.0,0.0,49903.03,101656.799,Demais serviços,6169
4209300,Lages,SC,Sul,Serra Catarinense,B,294.0,25,11.76,12956.0,122683.0,135639.0,2543615.0,35366.36,2914441.76,Demais serviços,157544
4213203,Pomerode,SC,Sul,Vale Europeu,C,58.0,11,5.27,1214.0,23630.0,24844.0,352328.0,63363.13,632925.69,Indústrias de transformação,33447
4216503,São Joaquim,SC,Sul,Serra Catarinense,C,35.0,7,5.0,719.0,65932.0,66651.0,0.0,33206.44,352468.236,"Agricultura, inclusive apoio à agricultura e a pós colheita",26952
4218905,Urubici,SC,Sul,Serra Catarinense,B,69.0,24,2.88,692.0,26679.0,27371.0,533448.0,26400.96,112568.723,Demais serviços,11235
4219309,Videira,SC,Sul,Vale dos Imigrantes,C,67.0,5,13.4,121.0,64284.0,64405.0,0.0,50919.89,1165927.881,Demais serviços,53065
2804805,Nossa Senhora do Socorro,SE,Nordeste,Polo Costa dos Coqueirais,C,93.0,6,15.5,0.0,17966.0,17966.0,0.0,14906.47,1038866.095,"Administração, defesa, educação e saúde públicas e seguridade social",183628
3525904,Jundiaí,SP,Sudeste,Circuito das Frutas,B,346.0,23,15.04,14596.0,135690.0,150286.0,5056068.0,112068.21,26774854.706,Demais serviços,418962
3531100,Mongaguá,SP,Sudeste,Costa da Mata Atlântica,B,8.0,3,2.67,2623.0,367697.0,370320.0,0.0,19676.56,640506.832,Demais serviços,56702
3552106,Socorro,SP,Sudeste,Águas e Flores Paulista,B,295.0,21,14.05,737.0,86266.0,87003.0,2853881.0,21849.12,490882.38,Demais serviços,41005
2919207,Lauro de Freitas,BA,Nordeste,Costa dos Coqueiros,C,134.0,16,8.38,1505.0,7446.0,8951.0,1267020.0,33038.18,3616353.26,Demais serviços,198440
2927309,Salinas da Margarida,BA,Nordeste,Baía de Todos os Santos,C,10.0,3,3.33,0.0,46417.0,46417.0,0.0,10901.76,39373.474,"Administração, defesa, educação e saúde públicas e seguridade social",15667
3200201,Alegre,ES,Sudeste,Caparaó,C,15.0,5,3.0,0.0,59601.0,59601.0,0.0,15854.35,196067.87,Demais serviços,30084
3200607,Aracruz,ES,Sudeste,Verde e das Águas,B,164.0,21,7.81,810.0,21961.0,22771.0,856619.0,53513.72,1512019.164,Indústrias de transformação,101220
3201308,Cariacica,ES,Sudeste,Metropolitana,C,43.0,5,8.6,312.0,23559.0,23871.0,1169466.0,26704.95,5051689.392,Demais serviços,381285
3105608,Barbacena,MG,Sudeste,Trilha dos Inconfidentes,B,168.0,20,8.4,879.0,59071.0,59950.0,1076344.0,22749.16,1651008.089,Demais serviços,137313
3128006,Guanhães,MG,Sudeste,Trilhas do Rio Doce,C,42.0,11,3.82,302.0,0.0,302.0,238908.0,22891.63,401385.39,Demais serviços,34319
3134608,Jaboticatubas,MG,Sudeste,Serra do Cipó,C,106.0,8,13.25,1091.0,9569.0,10660.0,0.0,12399.74,123341.538,Demais serviços,20143
3138401,Leopoldina,MG,Sudeste,Serras e Cachoeiras,C,69.0,8,8.62,710.0,50821.0,51531.0,0.0,19434.1,571525.787,Demais serviços,52587
5003256,Costa Rica,MS,Sul,Rota Cerrado Pantanal,C,40.0,9,4.44,0.0,75181.0,75181.0,230891.0,73646.96,328171.746,"Agricultura, inclusive apoio à agricultura e a pós colheita",20823
3301009,Campos dos Goytacazes,RJ,Sudeste,COSTA DOCE,B,340.0,34,10.0,5276.0,398380.0,403656.0,3181344.0,57329.81,10287482.686,Indústrias extrativas,507548
4303004,Cachoeira do Sul,RS,Sul,Central,C,60.0,8,7.5,555.0,112223.0,112778.0,0.0,29374.75,1172539.423,Demais serviços,82201
3507001,Boituva,SP,Sudeste,Raízes do Interior Paulista,C,49.0,7,7.0,1213.0,35723.0,36936.0,0.0,48245.53,1259004.651,Demais serviços,60997
3510708,Cardoso,SP,Sudeste,MARAVILHAS  DO RIO GRANDE,C,64.0,3,21.33,0.0,54275.0,54275.0,0.0,20839.72,121853.698,Demais serviços,12326
3538006,Pindamonhangaba,SP,Sudeste,MANTIQUEIRA PAULISTA,B,168.0,16,10.5,1816.0,42489.0,44305.0,1188080.0,50325.32,3332857.031,Demais serviços,168328
2306900,Jaguaribe,CE,Nordeste,Vale do Jaguaribe,C,29.0,2,14.5,228.0,72051.0,72279.0,0.0,14728.93,217043.6,Demais serviços,34682
1506195,Rurópolis,PA,Norte,Região Turística do Alto Tapajós,C,7.0,2,3.5,237.0,43953.0,44190.0,0.0,7450.48,80519.236,"Administração, defesa, educação e saúde públicas e seguridade social",50510
3305000,São João da Barra,RJ,Sudeste,COSTA DOCE,C,13.0,7,1.86,312.0,143304.0,143616.0,0.0,220707.37,3458836.811,Demais serviços,36102
4317301,Santa Vitória do Palmar,RS,Sul,Costa Doce,C,32.0,10,3.2,6850.0,51427.0,58277.0,288816.0,42059.92,329128.559,"Agricultura, inclusive apoio à agricultura e a pós colheita",29676
4211900,Palhoça,SC,Sul,Grande Florianópolis,B,133.0,17,7.82,15984.0,60528.0,76512.0,1731379.0,34839.9,3175036.762,Demais serviços,171797
4104006,Campina Grande do Sul,PR,Sul,Rotas do Pinhão,C,99.0,5,19.8,0.0,0.0,0.0,0.0,36457.57,844597.489,Demais serviços,43288
4104808,Cascavel,PR,Sul,Riquezas do Oeste,B,418.0,40,10.45,26427.0,494928.0,521355.0,7234823.0,38368.71,7132726.631,Demais serviços,328454
3300407,Barra Mansa,RJ,Sudeste,VALE DO CAFÉ,C,115.0,14,8.21,656.0,24183.0,24839.0,1554994.0,29754.56,2843029.118,Demais serviços,184412
2402204,Canguaretama,RN,Nordeste,Polo Costa das Dunas,C,58.0,10,5.8,64.0,34083.0,34147.0,262354.0,16364.26,120791.608,"Administração, defesa, educação e saúde públicas e seguridade social",34276
2406502,Lagoa Nova,RN,Nordeste,Polo Seridó,D,1.0,1,1.0,0.0,0.0,0.0,0.0,20719.09,64450.605,"Administração, defesa, educação e saúde públicas e seguridade social",15614
2407203,Macau,RN,Nordeste,Polo Costa Branca,D,10.0,3,3.33,223.0,24953.0,25176.0,0.0,24873.78,238137.271,Indústrias extrativas,31814
3545803,Santa Bárbara dOeste,SP,Sudeste,Bem Viver,C,80.0,8,10.0,524.0,22485.0,23009.0,1196109.0,31941.02,2925106.862,Demais serviços,193475
2707404,Porto de Pedras,AL,Nordeste,Costa dos Corais,C,144.0,14,10.29,188.0,11923.0,12111.0,882342.0,27492.88,41205.215,"Agricultura, inclusive apoio à agricultura e a pós colheita",7786
1300409,Barcelos,AM,Norte,Polo Alto Rio Negro,D,3.0,2,1.5,461.0,8821.0,9282.0,0.0,6920.09,36473.365,"Administração, defesa, educação e saúde públicas e seguridade social",27502
4311403,Lajeado,RS,Sul,Vale do Taquari,B,152.0,11,13.82,926.0,110079.0,111005.0,1397782.0,55616.48,2503093.649,Demais serviços,84014
4313656,Palmares do Sul,RS,Sul,Litoral Norte Gaúcho,C,1.0,1,1.0,0.0,52058.0,52058.0,0.0,41667.33,157123.683,"Eletricidade e gás, água, esgoto, atividades de gestão de resíduos e descontaminação",11318
4218202,Timbó,SC,Sul,Vale Europeu,C,60.0,5,12.0,633.0,8690.0,9323.0,0.0,44482.14,763374.81,Indústrias de transformação,44238
3104908,Baependi,MG,Sudeste,Águas,C,28.0,7,4.0,140.0,10747.0,10887.0,0.0,15965.93,160634.233,Demais serviços,19148
4312104,Mata,RS,Sul,Vale do Jaguarí,D,5.0,1,5.0,0.0,0.0,0.0,0.0,24054.36,38681.004,"Administração, defesa, educação e saúde públicas e seguridade social",4823
3506359,Bertioga,SP,Sudeste,Litoral Norte de São Paulo,B,202.0,35,5.77,6755.0,652523.0,659278.0,2338332.0,28923.67,1144491.16,Demais serviços,63249
3510203,Capão Bonito,SP,Sudeste,Altos de Paranapiacaba,C,55.0,5,11.0,303.0,26863.0,27166.0,0.0,20043.74,466493.321,Demais serviços,47138
3518800,Guarulhos,SP,Sudeste,entre serras e aguas,B,1.031,25,0.04,24022.0,153011.0,177033.0,12762714.0,47249.21,36397150.879,Demais serviços,1379182
3102605,Andradas,MG,Sudeste,Caminhos Gerais,C,21.0,4,5.25,555.0,50113.0,50668.0,0.0,24442.94,441251.26,Demais serviços,41077
1507904,Soure,PA,Norte,Região Turística dos Campos do Marajó,C,30.0,6,5.0,1854.0,25952.0,27806.0,0.0,7798.94,49150.041,"Administração, defesa, educação e saúde públicas e seguridade social",25374
1100098,Espigão d'Oeste,RO,Norte,POLO TURISTICO RIOS DE RONDON,D,14.0,2,7.0,323.0,2068.0,2391.0,0.0,19298.21,193941.384,"Administração, defesa, educação e saúde públicas e seguridade social",32374
3300308,Barra do Piraí,RJ,Sudeste,VALE DO CAFÉ,B,293.0,18,16.28,935.0,25342.0,26277.0,801338.0,21048.89,996010.353,Demais serviços,100374
4312401,Montenegro,RS,Sul,Vale da Felicidade,C,44.0,5,8.8,461.0,48557.0,49018.0,523740.0,60162.81,1518613.09,Demais serviços,65264
4213807,Praia Grande,SC,Sul,Caminho dos Canyons,C,35.0,6,5.83,170.0,0.0,170.0,0.0,23157.14,80686.542,Demais serviços,7319
3156908,Sacramento,MG,Sudeste,Alta Mogiana,C,46.0,7,6.57,0.0,0.0,0.0,0.0,50362.19,427434.443,Demais serviços,26185
3541307,Presidente Epitácio,SP,Sudeste,Sol do Oeste,C,78.0,14,5.57,343.0,93908.0,94251.0,389056.0,19248.59,484661.392,Demais serviços,44200
1505700,Ponta de Pedras,PA,Norte,Região Turística dos Campos do Marajó,D,2.0,1,2.0,168.0,3395.0,3563.0,0.0,7150.48,41466.456,"Administração, defesa, educação e saúde públicas e seguridade social",31082
4108601,Goioerê,PR,Sul,"Ecoaventuras, Histórias e Sabores",C,17.0,3,5.67,764.0,39344.0,40108.0,0.0,30686.79,450662.183,Demais serviços,28884
2209153,Santa Cruz dos Milagres,PI,Nordeste,Polo Costa Teresina,D,0.0,0,,0.0,15706.0,15706.0,0.0,9281.83,7203.35,"Administração, defesa, educação e saúde públicas e seguridade social",4019
3518404,Guaratinguetá,SP,Sudeste,Fé,B,321.0,17,18.88,4191.0,34532.0,38723.0,3366549.0,53273.58,2716684.449,Demais serviços,121798
1701903,Araguacema,TO,Norte,Lagos e Praias do Cantão,D,6.0,3,2.0,0.0,10808.0,10808.0,0.0,20257.9,24625.742,"Administração, defesa, educação e saúde públicas e seguridade social",7086
2314102,Viçosa do Ceará,CE,Nordeste,Chapada da Ibiapaba,C,25.0,5,5.0,344.0,44198.0,44542.0,0.0,7921.75,131004.847,"Administração, defesa, educação e saúde públicas e seguridade social",60889
3201605,Conceição da Barra,ES,Sudeste,Verde e das Águas,C,58.0,17,3.41,993.0,32182.0,33175.0,419394.0,15230.35,162585.944,"Administração, defesa, educação e saúde públicas e seguridade social",31063
3202306,Guaçuí,ES,Sudeste,Caparaó,C,43.0,4,10.75,182.0,34537.0,34719.0,0.0,17345.82,266197.752,Demais serviços,30867
2101103,Axixá,MA,Nordeste,Polo Munin,D,0.0,0,,0.0,917.0,917.0,0.0,6488.18,19787.436,"Administração, defesa, educação e saúde públicas e seguridade social",12130
2109601,Rosário,MA,Nordeste,Polo Munin,D,4.0,2,2.0,0.0,33998.0,33998.0,0.0,8699.48,149245.555,"Administração, defesa, educação e saúde públicas e seguridade social",42740
2112506,Tutóia,MA,Nordeste,Polo Delta das Américas,D,8.0,2,4.0,1016.0,31284.0,32300.0,0.0,7040.53,138866.145,"Administração, defesa, educação e saúde públicas e seguridade social",58860
2924009,Paulo Afonso,BA,Nordeste,Lagos e Canyons do São Francisco,B,137.0,10,13.7,1236.0,190154.0,191390.0,783666.0,31312.64,898243.81,"Eletricidade e gás, água, esgoto, atividades de gestão de resíduos e descontaminação",117782
5211909,Jataí,GO,Centro-Oeste,Região Turística Pegadas no Cerrado,B,237.0,16,14.81,441.0,213655.0,214096.0,1409249.0,52881.92,2086159.181,Demais serviços,100882
1100049,Cacoal,RO,Norte,POLO TURISTICO RIOS DE RONDON,B,174.0,16,10.88,363.0,98548.0,98911.0,866406.0,26483.95,1070826.694,Demais serviços,85359
1100155,Ouro Preto do Oeste,RO,Norte,POLO TURÍSTICO ROTA DAS ÁGUAS,C,32.0,6,5.33,860.0,9645.0,10505.0,0.0,23148.83,314694.844,"Administração, defesa, educação e saúde públicas e seguridade social",36035
3520301,Iguape,SP,Sudeste,Lagamar,C,28.0,9,3.11,125.0,0.0,125.0,303760.0,40708.33,427596.635,Indústrias extrativas,30857
3520426,Ilha Comprida,SP,Sudeste,Lagamar,B,60.0,20,3.0,597.0,106810.0,107407.0,259315.0,93630.19,323602.035,Indústrias extrativas,11166
3542602,Registro,SP,Sudeste,Caminhos da Mata Atlântica,C,123.0,14,8.79,869.0,64343.0,65212.0,869900.0,37160.21,1405379.782,Demais serviços,56322
2920601,Maragogipe,BA,Nordeste,Baía de Todos os Santos,C,7.0,3,2.33,182.0,82328.0,82510.0,0.0,7237.43,82588.6,"Administração, defesa, educação e saúde públicas e seguridade social",44677
2309508,Orós,CE,Nordeste,Centro Sul/ Vale do Salgado,C,0.0,0,,0.0,90966.0,90966.0,0.0,8634.91,66502.612,"Administração, defesa, educação e saúde públicas e seguridade social",21427
5200605,Alto Paraíso de Goiás,GO,Centro-Oeste,Região Turística da Chapada dos Veadeiros,B,234.0,36,6.5,5534.0,42941.0,48475.0,2106191.0,28644.18,97666.192,Demais serviços,7624
3152709,Prados,MG,Sudeste,Trilha dos Inconfidentes,C,11.0,5,2.2,60.0,49959.0,50019.0,0.0,20272.47,54943.755,Demais serviços,9031
4123501,Santa Helena,PR,Sul,Cataratas do Iguaçu e Caminhos ao Lago de Itaipu,C,15.0,7,2.14,2578.0,75514.0,78092.0,0.0,36940.6,374306.243,Demais serviços,26490
3510500,Caraguatatuba,SP,Sudeste,Litoral Norte de São Paulo,B,485.0,49,9.9,8168.0,543680.0,551848.0,4775319.0,33193.25,2353778.921,Demais serviços,121532
3537602,Peruíbe,SP,Sudeste,Costa da Mata Atlântica,B,114.0,29,3.93,2892.0,421265.0,424157.0,913485.0,24403.9,920274.53,Demais serviços,68284
3550704,São Sebastião,SP,Sudeste,Litoral Norte de São Paulo,A,1.667,157,0.01,18668.0,459996.0,478664.0,20690846.0,40181.39,2304562.407,Demais serviços,88980
2104800,Grajaú,MA,Nordeste,Polo Serras Guajajara Timbira e Kanela,C,10.0,2,5.0,385.0,124849.0,125234.0,0.0,10644.86,283478.316,"Administração, defesa, educação e saúde públicas e seguridade social",69527
4108809,Guaíra,PR,Sul,Cataratas do Iguaçu e Caminhos ao Lago de Itaipu,C,71.0,9,7.89,572.0,118584.0,119156.0,903546.0,29169.51,516712.81,Demais serviços,33119
4128203,União da Vitória,PR,Sul,Terra dos Pinheirais,D,44.0,5,8.8,2290.0,4436.0,6726.0,526870.0,27892.18,827134.758,Demais serviços,57517
3302007,Itaguaí,RJ,Sudeste,COSTA VERDE,B,135.0,16,8.44,1034.0,60254.0,61288.0,1286525.0,59757.5,5435370.5,Demais serviços,133019
3302700,Maricá,RJ,Sudeste,COSTA DO SOL,C,26.0,7,3.71,1509.0,94745.0,96254.0,0.0,232761.15,10108562.276,Indústrias extrativas,161207
2401404,Baía Formosa,RN,Nordeste,Polo Costa das Dunas,C,46.0,9,5.11,533.0,74326.0,74859.0,276508.0,17568.3,27540.509,"Administração, defesa, educação e saúde públicas e seguridade social",9271
3529401,Mauá,SP,Sudeste,ABC Tur - Rota da Natureza e da Indústria,C,69.0,7,9.86,596.0,17498.0,18094.0,963608.0,34430.52,6995204.263,Demais serviços,472912
3204609,Santa Teresa,ES,Sudeste,Imigrantes,C,45.0,11,4.09,557.0,26093.0,26650.0,176401.0,19963.23,216452.109,Demais serviços,23590
2105427,Itinga do Maranhão,MA,Nordeste,Polo Chapada das Mesas,D,3.0,2,1.5,0.0,3744.0,3744.0,0.0,12635.63,96268.778,"Administração, defesa, educação e saúde públicas e seguridade social",26000
5001003,Aparecida do Taboado,MS,Sul,Integra Costa Leste - Vale do Aporé,C,29.0,7,4.14,75.0,11328.0,11403.0,0.0,45011.95,294696.768,Indústrias de transformação,25745
5001102,Aquidauana,MS,Sul,Pantanal,C,34.0,14,2.43,1021.0,72914.0,73935.0,223852.0,20066.24,366543.135,"Administração, defesa, educação e saúde públicas e seguridade social",47871
3304003,Piraí,RJ,Sudeste,VALE DO CAFÉ,C,123.0,8,15.38,70.0,28622.0,28692.0,1491070.0,76140.12,458806.951,"Eletricidade e gás, água, esgoto, atividades de gestão de resíduos e descontaminação",29277
3305802,Teresópolis,RJ,Sudeste,SERRA VERDE IMPERIAL,B,687.0,43,15.98,5499.0,226279.0,231778.0,10231371.0,29174.07,2656288.718,Demais serviços,182594
1100338,Nova Mamoré,RO,Norte,Polo Turistico Madeira Mamoré,D,5.0,3,1.67,0.0,0.0,0.0,0.0,17305.73,97425.862,"Administração, defesa, educação e saúde públicas e seguridade social",30583
3125101,Extrema,MG,Sudeste,Serras Verdes do Sul de Minas,C,157.0,13,12.08,896.0,42957.0,43853.0,858326.0,279824.02,4794836.02,Comércio e reparação de veículos automotores e motocicletas,36225
3302270,Japeri,RJ,Sudeste,BAIXADA VERDE,D,0.0,0,,130.0,30201.0,30331.0,0.0,13711.95,449797.014,"Administração, defesa, educação e saúde públicas e seguridade social",104768
4312658,Não-Me-Toque,RS,Sul,Rota das Terras Encantadas,C,24.0,3,8.0,324.0,51337.0,51661.0,0.0,77534.17,524531.385,Indústrias de transformação,17624
4321006,Tapera,RS,Sul,Rota das Terras Encantadas,C,16.0,3,5.33,0.0,41505.0,41505.0,0.0,45504.26,222770.837,Demais serviços,10584
1707009,Dianópolis,TO,Norte,Serras Gerais,C,11.0,6,1.83,245.0,36830.0,37075.0,0.0,20150.21,153625.459,"Administração, defesa, educação e saúde públicas e seguridade social",22139
2616308,Vicência,PE,Nordeste,ENGENHOS E MARACATUS,D,0.0,0,,108.0,14505.0,14613.0,0.0,14579.38,97196.063,"Agricultura, inclusive apoio à agricultura e a pós colheita",32643
3536505,Paulínia,SP,Sudeste,TRILHOS E TRILHAS DA BAIXAMOGIANA,C,181.0,15,12.07,1578.0,3901.0,5479.0,734020.0,341552.82,12836072.55,Indústrias de transformação,109424
5211800,Jaraguá,GO,Centro-Oeste,Região Turística do Ouro e Cristais,C,32.0,7,4.57,682.0,28898.0,29580.0,0.0,15534.07,329984.851,Demais serviços,50511
3114600,Carrancas,MG,Sudeste,Trilha dos Inconfidentes,C,20.0,6,3.33,388.0,19242.0,19630.0,0.0,30195.67,35975.408,"Agricultura, inclusive apoio à agricultura e a pós colheita",4047
3171907,Virgolândia,MG,Sudeste,Trilhas do Rio Doce,D,0.0,0,,0.0,4335.0,4335.0,0.0,9493.98,15215.123,"Administração, defesa, educação e saúde públicas e seguridade social",5380
3304151,Quissamã,RJ,Sudeste,COSTA DO SOL,D,7.0,4,1.75,0.0,28622.0,28622.0,0.0,154726.99,987908.611,Indústrias extrativas,24700
2800670,Boquim,SE,Nordeste,Polo Sertão das Águas,D,1.0,1,1.0,0.0,16798.0,16798.0,0.0,10924.98,99669.346,"Administração, defesa, educação e saúde públicas e seguridade social",26816
3552403,Sumaré,SP,Sudeste,Bem Viver,B,110.0,12,9.17,2239.0,99611.0,101850.0,1774090.0,52557.85,6658724.75,Demais serviços,282441
3522406,Itapeva,SP,Sudeste,Região Turística dos Cânions Paulista,C,80.0,12,6.67,652.0,25587.0,26239.0,650449.0,30822.88,1297525.968,Demais serviços,94354
4119608,Pitanga,PR,Sul,"Entre Matas, Morros e Rios",C,22.0,7,3.14,0.0,20504.0,20504.0,0.0,28612.29,401701.466,Demais serviços,30310
3304607,Santa Maria Madalena,RJ,Sudeste,CAMINHOS DA SERRA,D,13.0,4,3.25,174.0,0.0,174.0,0.0,18163.48,49312.091,"Administração, defesa, educação e saúde públicas e seguridade social",10404
3519907,Iepê,SP,Sudeste,PONTAL PAULISTA,D,6.0,3,2.0,0.0,0.0,0.0,0.0,30742.42,130424.026,Demais serviços,8159
3521002,Iperó,SP,Sudeste,História & Aventuras,D,6.0,1,6.0,0.0,3499.0,3499.0,0.0,18424.29,248758.98,Demais serviços,37133
3536406,Paulicéia,SP,Sudeste,Águas do Oeste,C,5.0,3,1.67,0.0,43433.0,43433.0,0.0,21818.58,72983.196,Demais serviços,7366
1720150,São Félix do Tocantins,TO,Norte,Encantos do Jalapao,D,2.0,1,2.0,0.0,1494.0,1494.0,0.0,14673.39,4479.607,"Administração, defesa, educação e saúde públicas e seguridade social",1585
5101803,Barra do Garças,MT,Centro-Oeste,Região Turística Portal do Araguaia,B,165.0,22,7.5,1080.0,186456.0,187536.0,923591.0,34588.89,1116649.416,Demais serviços,61012
1503754,Jacareacanga,PA,Norte,Região Turística do Alto Tapajós,D,55.0,5,11.0,0.0,2468.0,2468.0,0.0,63853.08,48640.623,"Eletricidade e gás, água, esgoto, atividades de gestão de resíduos e descontaminação",8239
1508407,Xinguara,PA,Norte,Região Turística do Araguaia,C,60.0,9,6.67,375.0,7522.0,7897.0,230503.0,28917.29,468304.464,Demais serviços,44751
2602902,Cabo de Santo Agostinho,PE,Nordeste,HISTÓRIA E MAR,B,408.0,21,19.43,1274.0,112480.0,113754.0,7620706.0,47924.83,4087788.555,Demais serviços,207048
2614857,Tamandaré,PE,Nordeste,"HISTÓRICA, DOS ARRECIFES E MANGUEZAIS",B,224.0,26,8.62,3147.0,395296.0,398443.0,2665340.0,13636.78,150381.553,Demais serviços,23388
4216206,São Francisco do Sul,SC,Sul,Caminho dos Príncipes,B,106.0,20,5.3,9880.0,205939.0,215819.0,741242.0,80372.51,1766380.503,Demais serviços,52721
2802908,Itabaiana,SE,Nordeste,Polo Serras Sergipanas,C,55.0,10,5.5,88.0,23053.0,23141.0,162608.0,21036.18,999779.654,Demais serviços,95427
3505500,Barretos,SP,Sudeste,Águas Sertanejas,B,139.0,28,4.96,4744.0,247044.0,251788.0,3032273.0,39577.48,2696726.242,Demais serviços,122098
3505906,Batatais,SP,Sudeste,Lagos do Rio Grande,C,29.0,6,4.83,182.0,45122.0,45304.0,0.0,27051.01,916458.833,Demais serviços,62508
3516200,Franca,SP,Sudeste,Lagos do Rio Grande,B,217.0,18,12.06,3593.0,133616.0,137209.0,2886551.0,28787.49,6200181.913,Demais serviços,353187
3520442,Ilha Solteira,SP,Sudeste,Pantanal Paulista,C,38.0,7,5.43,702.0,4567.0,5269.0,0.0,24339.08,396687.843,Demais serviços,26686
3529005,Marília,SP,Sudeste,Alto Cafezal.,B,264.0,26,10.15,3755.0,304535.0,308290.0,3296168.0,35098.66,5407991.614,Demais serviços,238882
5005400,Maracaju,MS,Sul,Grande Dourados,C,67.0,10,6.7,570.0,19606.0,20176.0,510491.0,54120.27,952068.742,"Agricultura, inclusive apoio à agricultura e a pós colheita",47083
1303957,São Sebastião do Uatumã,AM,Norte,Polo Uatumã,D,0.0,0,,317.0,6358.0,6675.0,0.0,8742.49,21860.93,"Administração, defesa, educação e saúde públicas e seguridade social",14020
1600055,Serra do Navio,AP,Norte,Região Turística Tumucumaque e Cachoeiras,D,0.0,0,,0.0,3381.0,3381.0,0.0,13501.73,10778.877,"Administração, defesa, educação e saúde públicas e seguridade social",5397
2913507,Iguaí,BA,Nordeste,Caminhos do Sudoeste,D,1.0,1,1.0,55.0,5919.0,5974.0,0.0,7866.71,65973.245,"Administração, defesa, educação e saúde públicas e seguridade social",26916
3156700,Sabará,MG,Sudeste,Ouro,C,39.0,3,13.0,261.0,35531.0,35792.0,0.0,22428.04,1232050.428,Demais serviços,136344
1504208,Marabá,PA,Norte,Região turística do Carajás,B,366.0,36,10.17,3666.0,358588.0,362254.0,1770427.0,40872.35,3477436.787,Indústrias extrativas,279349
4208906,Jaraguá do Sul,SC,Sul,Caminho dos Príncipes,B,195.0,11,17.73,8141.0,96828.0,104969.0,3149379.0,55182.83,3675131.04,Indústrias de transformação,177697
3525201,Jarinu,SP,Sudeste,Circuito das Frutas,C,81.0,6,13.5,212.0,24788.0,25000.0,0.0,84061.56,1572502.471,Demais serviços,30044
3535507,Paraguaçu Paulista,SP,Sudeste,Circuito das Nações,C,77.0,5,15.4,465.0,29884.0,30349.0,0.0,33955.25,758693.875,Demais serviços,45703
3537404,Pereira Barreto,SP,Sudeste,Pantanal Paulista,C,10.0,11,0.91,158.0,4903.0,5061.0,65307.0,29881.28,462248.225,Demais serviços,25669
1718899,Santa Rita do Tocantins,TO,Norte,Ilha do Bananal,D,2.0,1,2.0,0.0,0.0,0.0,0.0,51117.48,44299.507,"Agricultura, inclusive apoio à agricultura e a pós colheita",2365
2108207,Pedreiras,MA,Nordeste,Polo Cocais,C,49.0,7,7.0,63.0,26328.0,26391.0,0.0,14869.16,308704.982,Demais serviços,39229
5003702,Dourados,MS,Sul,Grande Dourados,B,313.0,33,9.48,2719.0,257623.0,260342.0,3606903.0,42475.75,4757875.617,Demais serviços,222949
1301100,Careiro,AM,Norte,Polo Amazônico,D,5.0,1,5.0,64.0,20450.0,20514.0,0.0,8688.0,62329.097,"Administração, defesa, educação e saúde públicas e seguridade social",37869
1301852,Iranduba,AM,Norte,Polo Amazônico,C,3.0,1,3.0,101.0,77489.0,77590.0,0.0,13752.69,162750.91,"Administração, defesa, educação e saúde públicas e seguridade social",48296
2910057,Dias d'Ávila,BA,Nordeste,Costa dos Coqueiros,C,13.0,5,2.6,95.0,41879.0,41974.0,0.0,42624.25,921418.084,Indústrias de transformação,81089
3203007,Iúna,ES,Sudeste,Caparaó,C,17.0,3,5.67,301.0,52096.0,52397.0,0.0,14723.38,191432.209,Demais serviços,29161
3101102,Aimorés,MG,Sudeste,Trilhas do Rio Doce,C,32.0,6,5.33,461.0,28296.0,28757.0,0.0,18339.14,189959.19,Demais serviços,25167
3127404,Gonçalves,MG,Sudeste,Serras Verdes do Sul de Minas,C,58.0,15,3.87,284.0,13569.0,13853.0,319962.0,15965.72,29748.49,Demais serviços,4350
5005004,Jardim,MS,Sul,Bonito / Serra da Bodoquena,C,32.0,8,4.0,231.0,57325.0,57556.0,0.0,22871.58,254247.216,Demais serviços,26097
5005608,Miranda,MS,Sul,Pantanal,C,97.0,18,5.39,1296.0,48246.0,49542.0,208171.0,18405.33,177613.373,"Administração, defesa, educação e saúde públicas e seguridade social",28013
1503903,Juruti,PA,Norte,Região Turística do Rio Amazonas,D,11.0,4,2.75,216.0,27903.0,28119.0,0.0,20834.45,270851.69,Indústrias extrativas,57943
1505809,Portel,PA,Norte,Região Turística das Florestas do Marajó,D,2.0,2,1.0,0.0,1239.0,1239.0,0.0,12703.78,100408.981,"Agricultura, inclusive apoio à agricultura e a pós colheita",62043
2612604,Santa Maria da Boa Vista,PE,Nordeste,ÁGUAS E VINHOS DO VALE DO SÃO FRANCISCO,D,6.0,3,2.0,0.0,0.0,0.0,0.0,15507.98,123492.323,"Agricultura, inclusive apoio à agricultura e a pós colheita",41931
5006200,Nova Andradina,MS,Sul,Vale das Águas,C,50.0,14,3.57,111.0,25518.0,25629.0,433087.0,39723.14,763999.955,Demais serviços,54374
1505486,Pacajá,PA,Norte,Região Turística Xingu,D,1.0,2,0.5,0.0,2851.0,2851.0,0.0,14223.2,124863.133,"Administração, defesa, educação e saúde públicas e seguridade social",47706
2509305,Mataraca,PB,Nordeste,Trilhas dos Potiguaras ,D,7.0,1,7.0,207.0,756.0,963.0,0.0,24306.04,32866.183,"Eletricidade e gás, água, esgoto, atividades de gestão de resíduos e descontaminação",8434
2511905,Pitimbu,PB,Nordeste,Trilhas dos Tabajaras,D,22.0,3,7.33,427.0,24797.0,25224.0,0.0,14395.97,65885.612,"Administração, defesa, educação e saúde públicas e seguridade social",19065
2512903,Rio Tinto,PB,Nordeste,Trilhas dos Potiguaras ,D,0.0,0,,0.0,5602.0,5602.0,0.0,11042.3,71100.29,"Administração, defesa, educação e saúde públicas e seguridade social",24176
2611507,Quipapá,PE,Nordeste,ÁGUAS DA MATA SUL,D,0.0,0,,0.0,1906.0,1906.0,0.0,7090.04,45645.135,"Administração, defesa, educação e saúde públicas e seguridade social",26037
2412500,São Miguel,RN,Nordeste,Polo Serrano,D,3.0,2,1.5,375.0,7002.0,7377.0,0.0,10250.81,89962.296,"Administração, defesa, educação e saúde públicas e seguridade social",23519
1500305,Afuá,PA,Norte,Região Turística das Florestas do Marajó,D,0.0,0,,0.0,42336.0,42336.0,0.0,9446.15,50885.959,"Administração, defesa, educação e saúde públicas e seguridade social",39218
2615706,Triunfo,PE,Nordeste,CANGAÇO E LAMPIÃO,C,33.0,6,5.5,72.0,12098.0,12170.0,0.0,9721.31,54518.501,"Administração, defesa, educação e saúde públicas e seguridade social",15254
4304507,Canguçu,RS,Sul,Costa Doce,C,16.0,2,8.0,375.0,44663.0,45038.0,0.0,23159.16,490610.277,Demais serviços,56045
4218707,Tubarão,SC,Sul,Encantos do Sul SC,C,187.0,13,14.38,2347.0,39502.0,41849.0,1245162.0,37487.1,2422689.209,Demais serviços,105686
2301000,Aquiraz,CE,Nordeste,LITORAL LESTE,B,1.122,26,0.04,3191.0,111469.0,114660.0,3864441.0,32792.37,1142886.279,Demais serviços,80271
5103353,Confresa,MT,Centro-Oeste,Região Turística Norte Araguaia,C,45.0,8,5.62,0.0,7621.0,7621.0,279023.0,28544.85,382614.36,Demais serviços,30933
5107875,Sapezal,MT,Centro-Oeste,Região Turística das Nascentes,C,63.0,10,6.3,389.0,123803.0,124192.0,499126.0,100073.42,709749.578,"Agricultura, inclusive apoio à agricultura e a pós colheita",25881
2610707,Paulista,PE,Nordeste,COSTA NÁUTICA COROA DO AVIÃO,C,168.0,10,16.8,526.0,52190.0,52716.0,1171442.0,13681.83,2127461.007,Demais serviços,331774
3302056,Italva,RJ,Sudeste,ÁGUAS DO NOROESTE,C,7.0,1,7.0,0.0,117349.0,117349.0,0.0,21791.11,105694.657,"Administração, defesa, educação e saúde públicas e seguridade social",15207
4317103,SantAna do Livramento,RS,Sul,Fronteira,B,310.0,24,12.92,5256.0,175810.0,181066.0,3522952.0,33978.58,1040163.295,Demais serviços,77027
3511607,Cesário Lange,SP,Sudeste,Raízes do Interior Paulista,B,300.0,9,33.33,182.0,7914.0,8096.0,7461617.0,25528.78,231066.178,Demais serviços,18148
3516705,Garça,SP,Sudeste,Alto Cafezal.,C,22.0,5,4.4,139.0,61213.0,61352.0,0.0,26460.04,626661.675,Demais serviços,44390
1501303,Barcarena,PA,Norte,Região Turística do Tocantins,C,147.0,9,16.33,864.0,55785.0,56649.0,1040839.0,43064.73,1196103.447,Indústrias de transformação,124680
1400456,Pacaraima,RR,Norte,O Extremo Norte do Brasil,D,6.0,4,1.5,0.0,15873.0,15873.0,0.0,14885.59,61748.049,"Administração, defesa, educação e saúde públicas e seguridade social",17401
4321600,Tramandaí,RS,Sul,Litoral Norte Gaúcho,B,106.0,17,6.24,13531.0,324818.0,338349.0,957434.0,21412.22,630103.498,Demais serviços,51715
4204301,Concórdia,SC,Sul,Vale dos Imigrantes,C,101.0,8,12.62,699.0,32102.0,32801.0,1002603.0,49873.96,1673958.235,Demais serviços,74641
4219507,Xanxerê,SC,Sul,Grande Oeste,C,85.0,5,17.0,546.0,44175.0,44721.0,0.0,37206.72,1014822.512,Demais serviços,50982
3508405,Cabreúva,SP,Sudeste,Roteiro dos Bandeirantes,C,134.0,6,22.33,985.0,4903.0,5888.0,0.0,107046.16,2421520.934,Indústrias de transformação,49707
3552205,Sorocaba,SP,Sudeste,História & Aventuras,B,699.0,58,12.05,20500.0,466746.0,487246.0,7707018.0,54878.75,18299716.432,Demais serviços,679378
1502939,Dom Eliseu,PA,Norte,Região Turística do Capim,C,41.0,6,6.83,0.0,1054.0,1054.0,0.0,10538.09,241646.058,"Administração, defesa, educação e saúde públicas e seguridade social",59719
1504406,Marapanim,PA,Norte,Região Turística Amazônia Atlântica Guamá,C,0.0,0,,182.0,63263.0,63445.0,0.0,7532.32,50022.587,"Administração, defesa, educação e saúde públicas e seguridade social",28336
1507102,São Caetano de Odivelas,PA,Norte,Região Turística Amazônia Atlântica Guamá,D,0.0,0,,0.0,4619.0,4619.0,0.0,8075.4,28895.407,"Administração, defesa, educação e saúde públicas e seguridade social",18050
1508035,Tracuateua,PA,Norte,Região Turística Amazônia Atlântica Caeté,D,13.0,1,13.0,0.0,2468.0,2468.0,0.0,7509.75,40280.228,"Administração, defesa, educação e saúde públicas e seguridade social",30959
3524709,Jaguariúna,SP,Sudeste,Águas e Flores Paulista,C,108.0,8,13.5,2589.0,14879.0,17468.0,1140812.0,214806.49,5650237.364,Demais serviços,57488
3525508,Joanópolis,SP,Sudeste,entre serras e aguas,C,141.0,8,17.62,64.0,24788.0,24852.0,0.0,16137.27,120492.436,Demais serviços,13220
2501104,Areia,PB,Nordeste,Brejo,D,19.0,2,9.5,0.0,14719.0,14719.0,0.0,10037.35,67354.675,"Administração, defesa, educação e saúde públicas e seguridade social",22819
2502508,Boqueirão,PB,Nordeste,Cariri,D,0.0,1,0.0,0.0,29010.0,29010.0,0.0,12168.09,55026.201,"Administração, defesa, educação e saúde públicas e seguridade social",17804
2503001,Caaporã,PB,Nordeste,Trilhas dos Tabajaras,C,4.0,1,4.0,0.0,67792.0,67792.0,0.0,16698.65,84275.049,"Administração, defesa, educação e saúde públicas e seguridade social",21828
4128609,Verê,PR,Sul,Vales do Iguaçu,C,90.0,3,30.0,0.0,29771.0,29771.0,0.0,39178.09,108013.187,Demais serviços,7257
2401453,Baraúna,RN,Nordeste,Polo Costa Branca,D,20.0,2,10.0,66.0,29010.0,29076.0,0.0,23128.49,186176.645,"Administração, defesa, educação e saúde públicas e seguridade social",28374
1400175,Cantá,RR,Norte,"Roraima, a Savana Amazônica",D,0.0,0,,0.0,18604.0,18604.0,0.0,15982.59,31420.975,"Administração, defesa, educação e saúde públicas e seguridade social",18335
1710508,Itacajá,TO,Norte,Vale dos Grandes Rios,D,0.0,0,,0.0,13588.0,13588.0,0.0,14658.87,25537.841,"Administração, defesa, educação e saúde públicas e seguridade social",7433
1600600,Santana,AP,Norte,Região Turística Meio do Mundo,D,6.0,3,2.0,0.0,0.0,0.0,0.0,17515.37,735071.449,"Administração, defesa, educação e saúde públicas e seguridade social",121364
3501905,Amparo,SP,Sudeste,Águas e Flores Paulista,C,120.0,9,13.33,2085.0,19885.0,21970.0,1132273.0,58791.02,1594384.791,Indústrias de transformação,72195
2932705,Uruçuca,BA,Nordeste,Costa do Cacau,C,61.0,7,8.71,263.0,36253.0,36516.0,0.0,11510.01,85628.97,"Administração, defesa, educação e saúde públicas e seguridade social",20519
2301604,Assaré,CE,Nordeste,Cariri,D,0.0,0,,77.0,1319.0,1396.0,0.0,8396.48,73164.626,"Administração, defesa, educação e saúde públicas e seguridade social",23417
2310100,Palmácia,CE,Nordeste,Serras de Aratanha e Baturité,D,0.0,0,,0.0,8983.0,8983.0,0.0,7049.06,19974.479,"Administração, defesa, educação e saúde públicas e seguridade social",13322
5208905,Goiás,GO,Centro-Oeste,Região Turística do Ouro e Cristais,B,72.0,14,5.14,1821.0,255311.0,257132.0,390409.0,23410.91,252663.425,Demais serviços,22645
2517001,Umbuzeiro,PB,Nordeste,Vale do Paraíba,D,0.0,0,,0.0,3499.0,3499.0,0.0,7738.11,15120.971,"Administração, defesa, educação e saúde públicas e seguridade social",9907
2605152,Dormentes,PE,Nordeste,ÁGUAS E VINHOS DO VALE DO SÃO FRANCISCO,D,0.0,0,,0.0,18003.0,18003.0,0.0,11668.7,86704.317,"Administração, defesa, educação e saúde públicas e seguridade social",18908
2910701,Euclides da Cunha,BA,Nordeste,Caminhos do Sertão,C,42.0,10,4.2,0.0,33848.0,33848.0,0.0,10665.51,267684.583,"Administração, defesa, educação e saúde públicas e seguridade social",60585
2923001,Nova Viçosa,BA,Nordeste,Costa das Baleias,C,51.0,11,4.64,1414.0,118516.0,119930.0,270929.0,11507.69,213023.675,"Administração, defesa, educação e saúde públicas e seguridade social",43376
2304103,Crateús,CE,Nordeste,Sertão dos Inhamuns,C,26.0,8,3.25,350.0,42738.0,43088.0,150085.0,11342.87,400782.259,Demais serviços,75074
2602605,Brejo da Madre de Deus,PE,Nordeste,SERRAS E ARTES DE PERNAMBUCO,D,19.0,2,9.5,217.0,25038.0,25255.0,0.0,7950.44,123333.923,"Administração, defesa, educação e saúde públicas e seguridade social",50742
2604106,Caruaru,PE,Nordeste,SERRAS E ARTES DE PERNAMBUCO,B,397.0,28,14.18,2653.0,693464.0,696117.0,3597999.0,21075.72,4106275.83,Demais serviços,361118
2605608,Flores,PE,Nordeste,CANGAÇO E LAMPIÃO,D,0.0,0,,0.0,8345.0,8345.0,0.0,7932.3,52912.898,"Administração, defesa, educação e saúde públicas e seguridade social",22624
2202083,Cajueiro da Praia,PI,Nordeste,Polo Costa do Delta,C,97.0,10,9.7,802.0,3656.0,4458.0,0.0,12114.5,27283.591,"Administração, defesa, educação e saúde públicas e seguridade social",7642
2203107,Cristino Castro,PI,Nordeste,Polo das Nascentes,D,24.0,3,8.0,0.0,4081.0,4081.0,0.0,10657.6,40884.308,"Administração, defesa, educação e saúde públicas e seguridade social",10423
5205109,Catalão,GO,Centro-Oeste,Região Turística da Estrada de Ferro,B,247.0,29,8.52,1820.0,84810.0,86630.0,2169448.0,64326.38,2203242.635,Indústrias de transformação,108823
2104107,Fortaleza dos Nogueiras,MA,Nordeste,Polo Chapada das Mesas,D,0.0,0,,81.0,1187.0,1268.0,0.0,12722.57,49147.96,"Administração, defesa, educação e saúde públicas e seguridade social",12631
3106507,Berilo,MG,Sudeste,Lago de Irapé,D,0.0,0,,0.0,0.0,0.0,0.0,8652.17,41061.474,"Administração, defesa, educação e saúde públicas e seguridade social",11932
4305439,Chuí,RS,Sul,Costa Doce,C,83.0,6,13.83,4716.0,0.0,4716.0,0.0,56942.3,171171.994,"Eletricidade e gás, água, esgoto, atividades de gestão de resíduos e descontaminação",6704
2205508,José de Freitas,PI,Nordeste,Polo Costa Teresina,D,0.0,0,,0.0,10733.0,10733.0,0.0,9437.4,112924.94,"Administração, defesa, educação e saúde públicas e seguridade social",39208
2211308,Valença do Piauí,PI,Nordeste,Polo Histórico Cultural,D,4.0,1,4.0,0.0,14345.0,14345.0,0.0,12434.45,109041.125,"Administração, defesa, educação e saúde públicas e seguridade social",20918
3166303,Sericita,MG,Sudeste,Montanhas e Fé,D,0.0,0,,0.0,0.0,0.0,0.0,8857.4,20414.652,"Administração, defesa, educação e saúde públicas e seguridade social",7326
2100832,Apicum-Açu,MA,Nordeste,Polo Floresta dos Guarás,D,0.0,0,,64.0,1371.0,1435.0,0.0,6830.98,27909.534,"Administração, defesa, educação e saúde públicas e seguridade social",17239
4105805,Colombo,PR,Sul,Rotas do Pinhão,C,97.0,8,12.12,0.0,0.0,0.0,818247.0,22165.61,2539248.87,Demais serviços,243726
4110904,Itaguajé,PR,Sul,Corredores das Águas,D,0.0,0,,0.0,9881.0,9881.0,0.0,21343.68,29752.133,"Administração, defesa, educação e saúde públicas e seguridade social",4466
4112504,Jardim Alegre,PR,Sul,Vale do Ivaí,D,0.0,0,,0.0,0.0,0.0,0.0,23923.39,112175.634,Demais serviços,11328
4113759,Lunardelli,PR,Sul,Vale do Ivaí,D,0.0,0,,258.0,0.0,258.0,0.0,18799.05,29611.505,"Administração, defesa, educação e saúde públicas e seguridade social",4794
4114609,Marechal Cândido Rondon,PR,Sul,Cataratas do Iguaçu e Caminhos ao Lago de Itaipu,D,25.0,5,5.0,3169.0,3872.0,7041.0,458012.0,44301.02,1067437.785,Demais serviços,52944
4116059,Missal,PR,Sul,Cataratas do Iguaçu e Caminhos ao Lago de Itaipu,D,1.0,2,0.5,2837.0,17011.0,19848.0,0.0,34102.36,135432.518,Demais serviços,10702
4118501,Pato Branco,PR,Sul,Vales do Iguaçu,B,151.0,18,8.39,1926.0,69704.0,71630.0,1473253.0,48310.9,2056405.668,Demais serviços,82881
3303302,Niterói,RJ,Sudeste,METROPOLITANA,B,609.0,32,19.03,19548.0,240687.0,260235.0,8506356.0,90643.8,18961627.191,Indústrias extrativas,513584
3303500,Nova Iguaçu,RJ,Sudeste,BAIXADA VERDE,C,85.0,8,10.62,1855.0,31810.0,33665.0,2281210.0,21220.42,8918527.685,Demais serviços,821128
2402600,Ceará-Mirim,RN,Nordeste,Polo Costa das Dunas,D,9.0,4,2.25,120.0,35618.0,35738.0,0.0,12235.69,348638.12,"Administração, defesa, educação e saúde públicas e seguridade social",73497
1100254,Presidente Médici,RO,Norte,POLO TURISTICO RIOS DE RONDON,D,11.0,2,5.5,0.0,6794.0,6794.0,0.0,22529.85,126290.144,"Administração, defesa, educação e saúde públicas e seguridade social",18986
3520905,Ipaussu,SP,Sudeste,Angra Doce Paulista,D,10.0,2,5.0,0.0,0.0,0.0,0.0,22611.54,163099.002,Demais serviços,14971
5213087,Minaçu,GO,Centro-Oeste,Região Turística Vale da Serra da Mesa,C,21.0,7,3.0,120.0,72788.0,72908.0,0.0,31261.39,188260.859,"Eletricidade e gás, água, esgoto, atividades de gestão de resíduos e descontaminação",29070
5221601,Uruaçu,GO,Centro-Oeste,Região Turística Vale da Serra da Mesa,B,68.0,9,7.56,578.0,215680.0,216258.0,375239.0,23172.57,445619.487,Demais serviços,40532
1100700,Campo Novo de Rondônia,RO,Norte,POLO TURÍSTICO VALE DO JAMARI,D,0.0,0,,112.0,0.0,112.0,0.0,19423.4,26164.797,"Pecuária, inclusive apoio à pecuária",14139
4309308,Guaíba,RS,Sul,Costa Doce,C,34.0,6,5.67,1658.0,19039.0,20697.0,0.0,65607.03,2648396.569,Comércio e reparação de veículos automotores e motocicletas,98143
3163706,São Lourenço,MG,Sudeste,Águas,B,705.0,45,15.67,2073.0,295415.0,297488.0,4592822.0,24402.52,710711.238,Demais serviços,45851
3167608,Simonésia,MG,Sudeste,Pico da Bandeira,D,1.0,1,1.0,0.0,21129.0,21129.0,0.0,9979.31,77620.622,"Administração, defesa, educação e saúde públicas e seguridade social",19633
4127700,Toledo,PR,Sul,Riquezas do Oeste,B,159.0,18,8.83,7817.0,201066.0,208883.0,1959796.0,44016.71,2819975.115,Demais serviços,140635
4128104,Umuarama,PR,Sul,Corredores das Águas,B,157.0,15,10.47,2060.0,134223.0,136283.0,1547428.0,33320.17,2197490.176,Demais serviços,111557
3302452,Macuco,RJ,Sudeste,CAMINHOS DA SERRA,D,4.0,1,4.0,0.0,0.0,0.0,0.0,30308.74,59938.985,"Administração, defesa, educação e saúde públicas e seguridade social",5599
3302601,Mangaratiba,RJ,Sudeste,COSTA VERDE,B,945.0,19,49.74,7901.0,192198.0,200099.0,2109469.0,55538.31,1722853.012,Demais serviços,44468
3302908,Miguel Pereira,RJ,Sudeste,VALE DO CAFÉ,C,171.0,13,13.15,661.0,56076.0,56737.0,1044471.0,24067.58,313125.769,Demais serviços,25538
2404101,Galinhos,RN,Nordeste,Polo Costa Branca,D,21.0,4,5.25,387.0,2695.0,3082.0,0.0,34715.27,17825.245,"Produção florestal, pesca e aquicultura",2786
2804201,Monte Alegre de Sergipe,SE,Nordeste,Polo Velho Chico,D,0.0,0,,91.0,0.0,91.0,0.0,10542.43,42910.021,"Administração, defesa, educação e saúde públicas e seguridade social",15031
2606606,Ibimirim,PE,Nordeste,FÉ E ARTE,D,4.0,2,2.0,0.0,0.0,0.0,0.0,9825.9,64741.435,"Administração, defesa, educação e saúde públicas e seguridade social",29235
2610608,Paudalho,PE,Nordeste,ENGENHOS E MARACATUS,D,9.0,2,4.5,0.0,10151.0,10151.0,0.0,15434.67,190735.407,"Pecuária, inclusive apoio à pecuária",56506
2502706,Borborema,PB,Nordeste,Brejo,D,0.0,0,,0.0,756.0,756.0,0.0,11101.2,9778.704,"Administração, defesa, educação e saúde públicas e seguridade social",5263
2407906,Monte das Gameleiras,RN,Nordeste,Polo Agreste/Trairi,D,17.0,1,17.0,0.0,303.0,303.0,0.0,12066.57,5252.0,"Administração, defesa, educação e saúde públicas e seguridade social",2105
2411056,Tibau,RN,Nordeste,Polo Costa Branca,C,7.0,2,3.5,664.0,133494.0,134158.0,0.0,25093.85,32595.98,"Administração, defesa, educação e saúde públicas e seguridade social",4106
2414407,Touros,RN,Nordeste,Polo Costa das Dunas,C,48.0,7,6.86,136.0,31930.0,32066.0,0.0,20431.35,194094.859,"Administração, defesa, educação e saúde públicas e seguridade social",33287
1100015,Alta Floresta DOeste,RO,Norte,POLO TURÍSTICO ZONA DA MATA,D,1.0,2,0.5,0.0,0.0,0.0,0.0,21600.73,130220.135,"Administração, defesa, educação e saúde públicas e seguridade social",22945
3537305,Penápolis,SP,Sudeste,Tietê Vivo,C,63.0,11,5.73,1273.0,45065.0,46338.0,211532.0,25467.09,903325.034,Demais serviços,63407
3556305,Valparaíso,SP,Sudeste,Pantanal Paulista,C,23.0,5,4.6,0.0,44106.0,44106.0,0.0,31420.79,280703.487,Demais serviços,26480
3108255,Bonito de Minas,MG,Sudeste,Velho Chico,D,0.0,0,,0.0,4671.0,4671.0,0.0,7204.87,20803.966,"Administração, defesa, educação e saúde públicas e seguridade social",11230
2511509,Pilar,PB,Nordeste,Vale do Paraíba,D,0.0,0,,182.0,14127.0,14309.0,0.0,8621.72,24830.993,"Administração, defesa, educação e saúde públicas e seguridade social",11917
2601409,Barreiros,PE,Nordeste,"HISTÓRICA, DOS ARRECIFES E MANGUEZAIS",D,3.0,2,1.5,0.0,11284.0,11284.0,0.0,10393.73,186701.176,"Administração, defesa, educação e saúde públicas e seguridade social",42659
2201101,Avelino Lopes,PI,Nordeste,Polo das Nascentes,D,0.0,0,,0.0,0.0,0.0,0.0,7447.59,17644.1,"Administração, defesa, educação e saúde públicas e seguridade social",11289
1101468,Pimenteiras do Oeste,RO,Norte,POLO TURÍSTICO VALE DO GUAPORÉ,D,1.0,1,1.0,0.0,8639.0,8639.0,0.0,53712.92,13504.155,"Agricultura, inclusive apoio à agricultura e a pós colheita",2169
1101492,São Francisco do Guaporé,RO,Norte,POLO TURÍSTICO REGIÃO DOS FORTES,D,5.0,3,1.67,0.0,11490.0,11490.0,0.0,17430.53,72245.439,"Administração, defesa, educação e saúde públicas e seguridade social",20266
4300703,Anta Gorda,RS,Sul,Vale do Taquari,D,2.0,2,1.0,2.0,0.0,2.0,0.0,35488.74,78496.757,Demais serviços,5981
4302204,Boa Vista do Buricá,RS,Sul,Rota do Rio Uruguai,D,11.0,3,3.67,0.0,12746.0,12746.0,0.0,36628.33,113795.526,Demais serviços,6712
4303400,Caiçara,RS,Sul,Rota Águas e Pedras,D,2.0,1,2.0,0.0,0.0,0.0,0.0,23613.27,27008.925,"Agricultura, inclusive apoio à agricultura e a pós colheita",4743
3506102,Bebedouro,SP,Sudeste,Águas Sertanejas,C,103.0,11,9.36,850.0,9413.0,10263.0,729890.0,42748.59,2070572.126,Demais serviços,77496
4112959,Juranda,PR,Sul,"Ecoaventuras, Histórias e Sabores",D,9.0,2,4.5,182.0,0.0,182.0,0.0,42752.82,157638.249,Demais serviços,7340
3534609,Osvaldo Cruz,SP,Sudeste,Águas do Oeste,D,3.0,2,1.5,75.0,31903.0,31978.0,0.0,24730.19,441196.434,Demais serviços,32879
2100204,Alcântara,MA,Nordeste,Polo  São Luís,D,0.0,0,,1079.0,15573.0,16652.0,0.0,5690.89,30632.728,"Administração, defesa, educação e saúde públicas e seguridade social",22097
2111201,São José de Ribamar,MA,Nordeste,Polo  São Luís,C,105.0,6,17.5,129.0,3320.0,3449.0,568524.0,12007.36,1099186.25,Demais serviços,177687
3101904,Alpinópolis,MG,Sudeste,Nascentes das Gerais e Canastra,D,10.0,2,5.0,182.0,0.0,182.0,0.0,20469.86,200071.649,Demais serviços,19853
3140159,Mário Campos,MG,Sudeste,Veredas do Paraopeba,D,1.0,1,1.0,0.0,2624.0,2624.0,0.0,11053.24,72091.557,"Administração, defesa, educação e saúde públicas e seguridade social",15416
4304200,Candelária,RS,Sul,Vale do Rio Pardo,D,18.0,5,3.6,2192.0,21204.0,23396.0,0.0,27089.73,302327.625,Demais serviços,31365
4313003,Nova Bréscia,RS,Sul,Vale do Taquari,D,1.0,1,1.0,91.0,9444.0,9535.0,0.0,36019.65,32805.003,"Pecuária, inclusive apoio à pecuária",3330
4313037,Nova Esperança do Sul,RS,Sul,Vale do Jaguarí,D,3.0,1,3.0,0.0,0.0,0.0,0.0,24333.61,38043.862,"Administração, defesa, educação e saúde públicas e seguridade social",5352
4315008,Porto Lucena,RS,Sul,Rota do Rio Uruguai,D,0.0,0,,0.0,1125.0,1125.0,0.0,22997.4,36001.536,Demais serviços,4678
4315107,Porto Xavier,RS,Sul,Rota Missões,D,3.0,3,1.0,731.0,0.0,731.0,0.0,17981.83,84142.014,Demais serviços,10246
4317905,Santo Cristo,RS,Sul,Rota do Rio Uruguai,D,18.0,5,3.6,100.0,435.0,535.0,0.0,41951.41,256041.592,Demais serviços,14257
4209409,Laguna,SC,Sul,Encantos do Sul SC,B,125.0,17,7.35,10788.0,77073.0,87861.0,673969.0,19468.57,464412.931,Demais serviços,45814
2928109,Santa Maria da Vitória,BA,Nordeste,Caminhos do Oeste,C,34.0,5,6.8,220.0,33995.0,34215.0,0.0,12110.47,204762.591,"Administração, defesa, educação e saúde públicas e seguridade social",39845
5005707,Naviraí,MS,Sul,Caminhos da Natureza / Cone Sul,C,62.0,12,5.17,112.0,6612.0,6724.0,312759.0,34783.52,676314.575,Demais serviços,54878
3512803,Cosmópolis,SP,Sudeste,TRILHOS E TRILHAS DA BAIXAMOGIANA,C,13.0,7,1.86,272.0,13098.0,13370.0,0.0,23981.18,720523.395,Demais serviços,72252
3515509,Fernandópolis,SP,Sudeste,MARAVILHAS  DO RIO GRANDE,C,96.0,8,12.0,407.0,39009.0,39416.0,630076.0,31841.68,1385420.769,Demais serviços,69116
3520509,Indaiatuba,SP,Sudeste,Circuito das Frutas,B,259.0,18,14.39,9406.0,71525.0,80931.0,1826449.0,66489.24,7251748.787,Demais serviços,251627
3522208,Itapecerica da Serra,SP,Sudeste,"Mananciais, Aventura e Arte",C,143.0,6,23.83,503.0,26902.0,27405.0,0.0,22084.42,2153263.881,Demais serviços,175693
3522604,Itapira,SP,Sudeste,TRILHOS E TRILHAS DA BAIXAMOGIANA,C,43.0,9,4.78,251.0,18079.0,18330.0,373099.0,51107.82,1618766.104,Demais serviços,74773
3530706,Mogi Guaçu,SP,Sudeste,TRILHOS E TRILHAS DA BAIXAMOGIANA,C,75.0,9,8.33,506.0,31161.0,31667.0,684618.0,37802.36,2752237.36,Demais serviços,151888
3534401,Osasco,SP,Sudeste,Negócios e Cultura,B,285.0,21,13.57,2263.0,113388.0,115651.0,9463206.0,117298.82,58285769.625,Demais serviços,698418
3548807,São Caetano do Sul,SP,Sudeste,ABC Tur - Rota da Natureza e da Indústria,C,54.0,8,6.75,3965.0,1208.0,5173.0,0.0,85062.97,7555367.558,Demais serviços,161127
2304285,Eusébio,CE,Nordeste,LITORAL LESTE,C,14.0,1,14.0,134.0,65919.0,66053.0,0.0,59678.97,1248144.173,Demais serviços,53618
5218508,Quirinópolis,GO,Centro-Oeste,Região Turística Lagos do Paranaíba,C,44.0,10,4.4,0.0,13323.0,13323.0,317723.0,35361.2,643048.371,Demais serviços,50065
3107109,Boa Esperança,MG,Sudeste,Lago de Furnas,C,39.0,8,4.88,171.0,31757.0,31928.0,233476.0,19257.47,392471.258,Demais serviços,40127
3126109,Formiga,MG,Sudeste,Grutas e Mar de Minas,C,105.0,11,9.55,319.0,2624.0,2943.0,401864.0,26489.74,950433.932,Demais serviços,67683
3135209,Januária,MG,Sudeste,Velho Chico,C,27.0,6,4.5,304.0,45769.0,46073.0,0.0,10446.04,332216.627,"Administração, defesa, educação e saúde públicas e seguridade social",67742
3143906,Muriaé,MG,Sudeste,Serra do Brigadeiro,B,180.0,16,11.25,611.0,55230.0,55841.0,1201710.0,22135.15,1431285.862,Demais serviços,108763
5105150,Juína,MT,Centro-Oeste,Região Turística Vale do Juruena,C,48.0,13,3.69,102.0,13722.0,13824.0,283290.0,26594.97,500632.702,Demais serviços,40997
1502707,Conceição do Araguaia,PA,Norte,Região Turística do Araguaia,C,22.0,5,4.4,310.0,37250.0,37560.0,0.0,11471.63,210014.867,"Administração, defesa, educação e saúde públicas e seguridade social",47864
4204806,Curitibanos,SC,Sul,Vale dos Imigrantes,C,60.0,6,10.0,661.0,19485.0,20146.0,0.0,37601.08,637719.168,Demais serviços,39745
2805307,Pirambu,SE,Nordeste,Polo Costa dos Coqueirais,D,3.0,1,3.0,108.0,15299.0,15407.0,0.0,13502.72,31757.592,"Administração, defesa, educação e saúde públicas e seguridade social",9280
2805604,Porto da Folha,SE,Nordeste,Polo Velho Chico,D,0.0,0,,0.0,30272.0,30272.0,0.0,9952.9,73522.061,"Administração, defesa, educação e saúde públicas e seguridade social",28596
3503901,Arujá,SP,Sudeste,Nascentes do Tietê,C,17.0,5,3.4,851.0,51174.0,52025.0,0.0,72172.65,3943630.669,Demais serviços,89824
3508603,Cachoeira Paulista,SP,Sudeste,Fé,B,72.0,15,4.8,1393.0,142270.0,143663.0,442899.0,18545.37,381586.308,Demais serviços,33327
1716505,Pedro Afonso,TO,Norte,Vale dos Grandes Rios,C,12.0,5,2.4,0.0,54506.0,54506.0,0.0,35213.35,130541.652,"Agricultura, inclusive apoio à agricultura e a pós colheita",13578
2801306,Capela,SE,Nordeste,Polo dos Tabuleiros,D,0.0,1,0.0,149.0,5985.0,6134.0,0.0,11393.56,106780.804,"Administração, defesa, educação e saúde públicas e seguridade social",34213
2801603,Cedro de São João,SE,Nordeste,Polo Velho Chico,D,0.0,0,,0.0,794.0,794.0,0.0,10134.06,17819.443,"Administração, defesa, educação e saúde públicas e seguridade social",5897
3540606,Porto Feliz,SP,Sudeste,Roteiro dos Bandeirantes,C,180.0,6,30.0,595.0,42555.0,43150.0,0.0,56431.41,1273568.631,Demais serviços,53098
3556701,Vinhedo,SP,Sudeste,Circuito das Frutas,C,107.0,6,17.83,4287.0,31660.0,35947.0,0.0,122747.3,4208737.072,Demais serviços,78728
1600154,Pedra Branca do Amaparí,AP,Norte,Região Turística Tumucumaque e Cachoeiras,D,3.0,3,1.0,0.0,30367.0,30367.0,0.0,20194.3,44844.591,"Administração, defesa, educação e saúde públicas e seguridade social",16502
1508100,Tucuruí,PA,Norte,Região Turística do Lago de Tucuruí,C,32.0,6,5.33,389.0,98786.0,99175.0,269589.0,46791.4,549904.428,"Eletricidade e gás, água, esgoto, atividades de gestão de resíduos e descontaminação",113659
3551702,Sertãozinho,SP,Sudeste,Caminhos da Mogiana,C,82.0,13,6.31,907.0,27138.0,28045.0,947058.0,43146.2,2736995.474,Demais serviços,125815
1702158,Araguanã,TO,Norte,Vale dos Grandes Rios,D,0.0,0,,64.0,0.0,64.0,0.0,12183.89,10931.716,"Administração, defesa, educação e saúde públicas e seguridade social",5729
1716604,Peixe,TO,Norte,Ilha do Bananal,D,3.0,2,1.5,0.0,7186.0,7186.0,0.0,64184.32,51744.029,"Eletricidade e gás, água, esgoto, atividades de gestão de resíduos e descontaminação",11749
2607604,Ilha de Itamaracá,PE,Nordeste,COSTA NÁUTICA COROA DO AVIÃO,C,55.0,6,9.17,355.0,158368.0,158723.0,0.0,9679.82,99101.777,"Administração, defesa, educação e saúde públicas e seguridade social",26258
3510609,Carapicuíba,SP,Sudeste,Negócios e Cultura,C,130.0,6,21.67,765.0,6848.0,7613.0,0.0,15356.09,3657999.252,Demais serviços,400927
3519709,Ibiúna,SP,Sudeste,"Mananciais, Aventura e Arte",C,80.0,6,13.33,1249.0,28362.0,29611.0,0.0,23392.98,807480.952,Demais serviços,78878
3530201,Mirante do Paranapanema,SP,Sudeste,PONTAL PAULISTA,D,1.0,1,1.0,0.0,13569.0,13569.0,0.0,20114.52,124348.82,Demais serviços,18259
2101202,Bacabal,MA,Nordeste,Polo Cocais,C,71.0,8,8.88,370.0,67808.0,68178.0,0.0,11978.0,628904.939,Demais serviços,104949
3533403,Nova Odessa,SP,Sudeste,Bem Viver,C,41.0,4,10.25,575.0,41116.0,41691.0,0.0,64438.94,2024796.595,Demais serviços,60174
2932804,Utinga,BA,Nordeste,Chapada Diamantina,D,4.0,1,4.0,0.0,6699.0,6699.0,0.0,8806.37,57592.121,"Administração, defesa, educação e saúde públicas e seguridade social",19178
4103602,Cambará,PR,Sul,Norte Pioneiro,C,9.0,2,4.5,0.0,51815.0,51815.0,0.0,30069.64,299427.235,Demais serviços,25360
5220405,São Simão,GO,Centro-Oeste,Região Turística Lagos do Paranaíba,C,64.0,7,9.14,505.0,13228.0,13733.0,147877.0,56444.89,250340.942,"Eletricidade e gás, água, esgoto, atividades de gestão de resíduos e descontaminação",20645
3508702,Caconde,SP,Sudeste,"Entre Rios, Serras  e Cafés.",C,12.0,3,4.0,0.0,60976.0,60976.0,0.0,21186.59,157416.671,Demais serviços,18985
3544251,Rosana,SP,Sudeste,PONTAL PAULISTA,C,24.0,4,6.0,122.0,38820.0,38942.0,0.0,90579.56,207382.846,"Eletricidade e gás, água, esgoto, atividades de gestão de resíduos e descontaminação",16643
5206206,Cristalina,GO,Centro-Oeste,Região Turística do Ouro e Cristais,C,101.0,18,5.61,615.0,27095.0,27710.0,594168.0,42617.52,810533.434,"Agricultura, inclusive apoio à agricultura e a pós colheita",58997
5208004,Formosa,GO,Centro-Oeste,Região Turística das Águas e Cavernas do Cerrado,B,90.0,18,5.0,911.0,93391.0,94302.0,777452.0,20106.42,1218867.466,Demais serviços,121617
5213103,Mineiros,GO,Centro-Oeste,Região Turística Pegadas no Cerrado,C,124.0,15,8.27,885.0,53838.0,54723.0,1009218.0,41035.09,1021262.584,Demais serviços,66801
2100907,Araioses,MA,Nordeste,Polo Delta das Américas,D,0.0,0,,64.0,6010.0,6074.0,0.0,5818.86,69746.539,"Administração, defesa, educação e saúde públicas e seguridade social",46440
2101608,Barra do Corda,MA,Nordeste,Polo Serras Guajajara Timbira e Kanela,C,43.0,6,7.17,37.0,67529.0,67566.0,0.0,8072.67,285872.549,"Administração, defesa, educação e saúde públicas e seguridade social",88212
2101707,Barreirinhas,MA,Nordeste,Polo Lençóis Maranhenses,B,151.0,27,5.59,15456.0,99015.0,114471.0,940417.0,7714.75,189144.977,"Administração, defesa, educação e saúde públicas e seguridade social",62528
5102678,Campo Verde,MT,Centro-Oeste,Região Turística Vale do São Lourenço,C,81.0,11,7.36,207.0,40546.0,40753.0,505277.0,53750.52,695387.656,"Agricultura, inclusive apoio à agricultura e a pós colheita",44041
5104104,Guarantã do Norte,MT,Centro-Oeste,Região Turística Portal da Amazônia,C,28.0,10,2.8,0.0,45238.0,45238.0,199746.0,24546.46,364742.322,Demais serviços,35816
5107925,Sorriso,MT,Centro-Oeste,Região Turística Portal do Agronegócio,B,194.0,19,10.21,1131.0,79398.0,80529.0,1563181.0,69023.0,2694627.62,Demais serviços,90313
2504603,Conde,PB,Nordeste,Trilhas dos Tabajaras,B,193.0,21,9.19,783.0,20694.0,21477.0,1632929.0,32757.17,319833.607,Demais serviços,24670
2512101,Pombal,PB,Nordeste,Vale dos Sertões,C,5.0,1,5.0,0.0,53857.0,53857.0,0.0,12688.31,180260.009,"Administração, defesa, educação e saúde públicas e seguridade social",32801
2612505,Santa Cruz do Capibaribe,PE,Nordeste,MODA E ECOTURISMO,C,21.0,7,3.0,116.0,148988.0,149104.0,176479.0,14680.05,714221.517,Demais serviços,107937
3301306,Casimiro de Abreu,RJ,Sudeste,COSTA DO SOL,C,18.0,8,2.25,2932.0,28116.0,31048.0,0.0,46662.46,655493.645,Indústrias extrativas,44184
3301876,Iguaba Grande,RJ,Sudeste,COSTA DO SOL,C,7.0,2,3.5,262.0,55183.0,55445.0,0.0,18939.5,221840.242,"Administração, defesa, educação e saúde públicas e seguridade social",28310
4307005,Erechim,RS,Sul,Termas e Lagos,B,128.0,21,6.1,2472.0,87999.0,90471.0,1639074.0,50095.39,2566310.531,Demais serviços,105862
4307906,Farroupilha,RS,Sul,Uva e Vinho,C,76.0,5,15.2,862.0,29724.0,30586.0,899559.0,49247.12,1390597.073,Demais serviços,72331
3511102,Catanduva,SP,Sudeste,Caminhos do São Domingos,C,83.0,7,11.86,1732.0,74069.0,75801.0,1262465.0,35610.18,2662126.137,Demais serviços,121862
3513009,Cotia,SP,Sudeste,"Mananciais, Aventura e Arte",C,58.0,6,9.67,2662.0,19875.0,22537.0,1442796.0,53632.41,6507973.277,Demais serviços,249210
1200054,Assis Brasil,AC,Norte,Caminhos do Pacífico,D,1.0,1,1.0,0.0,27381.0,27381.0,0.0,12546.06,16990.532,"Administração, defesa, educação e saúde públicas e seguridade social",7417
1200104,Brasiléia,AC,Norte,Caminhos do Pacífico,D,22.0,4,5.5,81.0,31090.0,31171.0,0.0,17307.35,128740.348,"Administração, defesa, educação e saúde públicas e seguridade social",26278
1200252,Epitaciolândia,AC,Norte,Caminhos do Pacífico,D,31.0,6,5.17,0.0,4785.0,4785.0,0.0,22984.25,196069.644,"Administração, defesa, educação e saúde públicas e seguridade social",18411
1200302,Feijó,AC,Norte,Caminhos das Aldeias e da Biodiversidade,D,10.0,2,5.0,170.0,11536.0,11706.0,0.0,10263.53,77885.131,"Administração, defesa, educação e saúde públicas e seguridade social",34780
1200385,Plácido de Castro,AC,Norte,Caminhos da Revolução,D,2.0,1,2.0,0.0,0.0,0.0,0.0,13407.1,59197.413,"Administração, defesa, educação e saúde públicas e seguridade social",19761
1200609,Tarauacá,AC,Norte,Caminhos das Aldeias e da Biodiversidade,C,30.0,8,3.75,0.0,19114.0,19114.0,0.0,11362.96,116887.43,"Administração, defesa, educação e saúde públicas e seguridade social",42567
2700607,Barra de São Miguel,AL,Nordeste,Lagoas e Mares do Sul,C,89.0,11,8.09,207.0,8936.0,9143.0,2546565.0,25843.9,101558.914,Demais serviços,8322
2702306,Coruripe,AL,Nordeste,Lagoas e Mares do Sul,C,45.0,8,5.62,311.0,40254.0,40565.0,0.0,24676.96,298750.404,"Agricultura, inclusive apoio à agricultura e a pós colheita",56933
2702405,Delmiro Gouveia,AL,Nordeste,Caminhos do São Francisco,C,26.0,11,2.36,0.0,35777.0,35777.0,59462.0,11038.64,251799.496,"Administração, defesa, educação e saúde públicas e seguridade social",52016
2703601,Japaratinga,AL,Nordeste,Costa dos Corais,B,260.0,21,12.38,730.0,42919.0,43649.0,1403838.0,20658.0,54006.331,"Agricultura, inclusive apoio à agricultura e a pós colheita",8361
2704302,Maceió,AL,Nordeste,Grande Maceió,A,3.081,124,0.02,78259.0,1448550.0,1526809.0,47781969.0,22976.51,13402931.572,Demais serviços,1018948
2706307,Palmeira dos Índios,AL,Nordeste,Agreste,C,24.0,5,4.8,182.0,68851.0,69033.0,0.0,12934.16,422719.192,Demais serviços,73218
1300607,Benjamin Constant,AM,Norte,Polo Alto Solimões,D,0.0,0,,0.0,946.0,946.0,0.0,8162.05,68083.448,"Administração, defesa, educação e saúde públicas e seguridade social",42984
1302504,Manacapuru,AM,Norte,Polo Amazônico,C,33.0,6,5.5,316.0,111358.0,111674.0,93388.0,14902.39,308304.477,"Agricultura, inclusive apoio à agricultura e a pós colheita",97377
1303403,Parintins,AM,Norte,Polo Satere,C,37.0,4,9.25,578.0,91100.0,91678.0,78591.0,10300.48,288682.276,"Administração, defesa, educação e saúde públicas e seguridade social",114273
1303569,Rio Preto da Eva,AM,Norte,Polo Amazônico,C,67.0,5,13.4,0.0,57707.0,57707.0,0.0,12417.89,67454.741,"Administração, defesa, educação e saúde públicas e seguridade social",33347
1600238,Ferreira Gomes,AP,Norte,Região Turística Tumucumaque e Cachoeiras,C,22.0,7,3.14,0.0,12024.0,12024.0,0.0,63545.77,25025.605,"Eletricidade e gás, água, esgoto, atividades de gestão de resíduos e descontaminação",7780
1600279,Laranjal do Jari,AP,Norte,Região Turística Vale do Jari,C,32.0,7,4.57,0.0,0.0,0.0,0.0,19249.72,182020.602,"Administração, defesa, educação e saúde públicas e seguridade social",50410
1600501,Oiapoque,AP,Norte,Região Turística Cabo Orange,C,32.0,9,3.56,911.0,10251.0,11162.0,0.0,16891.97,143030.871,"Administração, defesa, educação e saúde públicas e seguridade social",27270
2900702,Alagoinhas,BA,Nordeste,Caminhos do Sertão,B,129.0,14,9.21,467.0,91504.0,91971.0,1295849.0,28109.5,1703185.457,Demais serviços,151596
2913606,Ilhéus,BA,Nordeste,Costa do Cacau,A,1.073,55,0.02,9781.0,469795.0,479576.0,9180149.0,28755.9,1997751.06,Demais serviços,162327
2913903,Ipiaú,BA,Nordeste,Costa do Cacau,C,42.0,7,6.0,275.0,44064.0,44339.0,214342.0,10406.43,226608.566,Demais serviços,45873
2914901,Itacaré,BA,Nordeste,Costa do Cacau,B,515.0,57,9.04,17476.0,129768.0,147244.0,4439834.0,11711.45,145183.051,Demais serviços,28296
2916104,Itaparica,BA,Nordeste,Baía de Todos os Santos,B,19.0,5,3.8,8740.0,245038.0,253778.0,0.0,11036.75,112435.568,"Administração, defesa, educação e saúde públicas e seguridade social",22228
2917508,Jacobina,BA,Nordeste,Chapada Diamantina,C,85.0,14,6.07,849.0,54477.0,55326.0,793292.0,16196.03,617427.501,Demais serviços,80518
2928604,Santo Amaro,BA,Nordeste,Baía de Todos os Santos,C,22.0,5,4.4,222.0,40012.0,40234.0,0.0,14024.36,304780.47,Demais serviços,60069
2929750,Saubara,BA,Nordeste,Baía de Todos os Santos,C,3.0,1,3.0,0.0,132714.0,132714.0,0.0,11243.84,43427.082,"Administração, defesa, educação e saúde públicas e seguridade social",12043
2930105,Senhor do Bonfim,BA,Nordeste,Chapada Diamantina,C,73.0,11,6.64,271.0,53905.0,54176.0,269831.0,11399.16,465019.357,Demais serviços,79015
2931350,Teixeira de Freitas,BA,Nordeste,Costa das Baleias,B,187.0,23,8.13,2948.0,67376.0,70324.0,1449083.0,16541.88,1434718.34,Demais serviços,160487
2933208,Vera Cruz,BA,Nordeste,Baía de Todos os Santos,B,362.0,13,27.85,456.0,139602.0,140058.0,126844.0,12196.73,243265.171,Demais serviços,43223
2302107,Baturité,CE,Nordeste,Serras de Aratanha e Baturité,C,17.0,4,4.25,341.0,40133.0,40474.0,0.0,10928.65,190136.229,Demais serviços,35750
2302206,Beberibe,CE,Nordeste,LITORAL LESTE,B,256.0,20,12.8,3072.0,242566.0,245638.0,2991229.0,16294.11,221776.129,"Administração, defesa, educação e saúde públicas e seguridade social",53573
2305100,Guaramiranga,CE,Nordeste,Serras de Aratanha e Baturité,C,50.0,10,5.0,676.0,58611.0,59287.0,736470.0,14492.44,31895.388,Demais serviços,5193
2305001,Guaraciaba do Norte,CE,Nordeste,Chapada da Ibiapaba,D,21.0,1,21.0,64.0,13536.0,13600.0,0.0,13750.88,171888.723,"Agricultura, inclusive apoio à agricultura e a pós colheita",40642
2305357,Icapuí,CE,Nordeste,LITORAL LESTE,C,39.0,7,5.57,2059.0,27054.0,29113.0,0.0,17992.33,94622.875,"Administração, defesa, educação e saúde públicas e seguridade social",19934
2312403,São Gonçalo do Amarante,CE,Nordeste,Litoral Oeste,C,54.0,12,4.5,3928.0,82339.0,86267.0,332177.0,77639.32,842424.551,"Eletricidade e gás, água, esgoto, atividades de gestão de resíduos e descontaminação",48422
2313302,Tauá,CE,Nordeste,Sertão dos Inhamuns,C,15.0,2,7.5,0.0,53651.0,53651.0,0.0,11245.42,289578.409,"Administração, defesa, educação e saúde públicas e seguridade social",58859
3201506,Colatina,ES,Sudeste,Doce Pontões Capixaba,B,114.0,15,7.6,987.0,62130.0,63117.0,1493866.0,29750.9,1743298.897,Demais serviços,122499
3202207,Fundão,ES,Sudeste,Metropolitana,C,53.0,9,5.89,0.0,1220.0,1220.0,0.0,18271.86,144730.208,Demais serviços,21509
3203205,Linhares,ES,Sudeste,Verde e das Águas,B,163.0,16,10.19,1164.0,83999.0,85163.0,1600681.0,36577.1,2384979.845,Demais serviços,173555
3205200,Vila Velha,ES,Sudeste,Metropolitana,B,184.0,24,7.67,6340.0,130166.0,136506.0,2863164.0,26040.2,7258121.556,Demais serviços,493838
5208707,Goiânia,GO,Centro-Oeste,Região Turística dos Negócios e Tradições,A,1.95,148,0.01,55810.0,3090431.0,3146241.0,25457864.0,34901.35,31386484.081,Demais serviços,1516113
3131703,Itabira,MG,Sudeste,Ouro,C,98.0,18,5.44,413.0,32381.0,32794.0,1104995.0,60417.39,2305522.581,Indústrias extrativas,120060
3137809,Lambari,MG,Sudeste,Águas,C,105.0,8,13.12,0.0,35529.0,35529.0,0.0,16722.36,178327.572,Demais serviços,20814
3138609,Lima Duarte,MG,Sudeste,Serras de Ibitipoca,C,75.0,14,5.36,372.0,14231.0,14603.0,385393.0,19069.43,140676.685,Demais serviços,16698
4104204,Campo Largo,PR,Sul,Rotas do Pinhão,C,64.0,5,12.8,1774.0,51208.0,52982.0,0.0,35770.78,1965246.289,Demais serviços,132002
4105508,Cianorte,PR,Sul,Corredores das Águas,C,86.0,10,8.6,827.0,94220.0,95047.0,969943.0,34325.18,1294852.98,Demais serviços,82620
2307601,Limoeiro do Norte,CE,Nordeste,Vale do Jaguaribe,D,8.0,1,8.0,384.0,19482.0,19866.0,0.0,17569.97,429108.586,Demais serviços,59540
3201902,Domingos Martins,ES,Sudeste,Montanhas Capixabas,B,338.0,24,14.08,281.0,68425.0,68706.0,3584078.0,22419.95,317303.425,Demais serviços,33850
4110706,Irati,PR,Sul,Terra dos Pinheirais,C,60.0,9,6.67,1778.0,34562.0,36340.0,404095.0,31288.77,846254.26,Demais serviços,60727
3547809,Santo André,SP,Sudeste,ABC Tur - Rota da Natureza e da Indústria,B,299.0,18,16.61,9234.0,21416.0,30650.0,21920400.0,42209.54,17190523.737,Demais serviços,718773
4314100,Passo Fundo,RS,Sul,Cultura e Tradição,B,392.0,23,17.04,15940.0,349768.0,365708.0,6340243.0,48355.12,6314734.842,Demais serviços,203275
4202404,Blumenau,SC,Sul,Vale Europeu,B,434.0,34,12.76,17130.0,491498.0,508628.0,6133712.0,48416.09,8809647.909,Demais serviços,357199
5217302,Pirenópolis,GO,Centro-Oeste,Região Turística do Ouro e Cristais,B,527.0,51,10.33,4412.0,222846.0,227258.0,4816501.0,20791.99,243189.807,Demais serviços,24908
4315602,Rio Grande,RS,Sul,Costa Doce,B,338.0,33,10.24,33288.0,696471.0,729759.0,3598486.0,50649.06,4637017.037,Demais serviços,211005
2102804,Carolina,MA,Nordeste,Polo Chapada das Mesas,C,34.0,8,4.25,448.0,30905.0,31353.0,1033867.0,14525.44,117468.937,Demais serviços,24322
2103703,Cururupu,MA,Nordeste,Polo Floresta dos Guarás,D,3.0,2,1.5,0.0,17824.0,17824.0,0.0,7054.86,68979.081,"Administração, defesa, educação e saúde públicas e seguridade social",32695
2112001,Tasso Fragoso,MA,Nordeste,Polo Chapada das Mesas,D,0.0,0,,0.0,0.0,0.0,0.0,141680.46,180922.978,"Agricultura, inclusive apoio à agricultura e a pós colheita",8521
3513504,Cubatão,SP,Sudeste,Costa da Mata Atlântica,C,34.0,9,3.78,599.0,86750.0,87349.0,373391.0,115116.84,4552540.388,Indústrias de transformação,130705
3528502,Mairiporã,SP,Sudeste,entre serras e aguas,B,261.0,15,17.4,763.0,33823.0,34586.0,2715057.0,18456.83,959466.26,Demais serviços,100179
3531209,Monte Alegre do Sul,SP,Sudeste,Águas e Flores Paulista,C,40.0,10,4.0,111.0,28059.0,28170.0,452055.0,23939.32,76757.428,Demais serviços,8038
3548708,São Bernardo do Campo,SP,Sudeste,ABC Tur - Rota da Natureza e da Indústria,B,591.0,40,14.78,5657.0,96325.0,101982.0,6079433.0,60871.06,27448910.094,Demais serviços,838936
2900108,Abaíra,BA,Nordeste,Chapada Diamantina,D,5.0,2,2.5,0.0,0.0,0.0,0.0,7168.52,18562.051,"Administração, defesa, educação e saúde públicas e seguridade social",8739
2921906,Mucugê,BA,Nordeste,Chapada Diamantina,C,28.0,8,3.5,737.0,0.0,737.0,126976.0,48367.51,77684.197,"Agricultura, inclusive apoio à agricultura e a pós colheita",9062
2928406,Santa Rita de Cássia,BA,Nordeste,Caminhos do Oeste,D,0.0,0,,0.0,23034.0,23034.0,0.0,8513.11,81707.16,"Administração, defesa, educação e saúde públicas e seguridade social",28338
3551603,Serra Negra,SP,Sudeste,Águas e Flores Paulista,B,739.0,45,16.42,978.0,167317.0,168295.0,9423924.0,25415.51,457162.033,Demais serviços,29229
2406106,Jucurutu,RN,Nordeste,Polo Seridó,D,0.0,0,,0.0,5082.0,5082.0,0.0,13626.37,71778.943,"Administração, defesa, educação e saúde públicas e seguridade social",18295
4125506,São José dos Pinhais,PR,Sul,Rotas do Pinhão,B,199.0,20,9.95,361.0,17209.0,17570.0,3605830.0,92666.2,10055295.027,Indústrias de transformação,323340
4304630,Capão da Canoa,RS,Sul,Litoral Norte Gaúcho,B,147.0,36,4.08,34499.0,393051.0,427550.0,1034343.0,30331.54,903033.911,Demais serviços,53049
3102001,Alterosa,MG,Sudeste,Lago de Furnas,D,1.0,1,1.0,116.0,27275.0,27391.0,0.0,14800.91,92644.649,Demais serviços,14466
3103603,Arantina,MG,Sudeste,Serras de Ibitipoca,D,4.0,1,4.0,0.0,0.0,0.0,0.0,19368.11,14184.006,"Agricultura, inclusive apoio à agricultura e a pós colheita",2795
3109006,Brumadinho,MG,Sudeste,Veredas do Paraopeba,C,127.0,14,9.07,777.0,13569.0,14346.0,1254518.0,62744.25,982042.216,Demais serviços,40103
4310330,Imbé,RS,Sul,Litoral Norte Gaúcho,C,77.0,10,7.7,8256.0,76217.0,84473.0,514536.0,22297.87,277970.121,Demais serviços,22800
3523404,Itatiba,SP,Sudeste,Circuito das Frutas,C,254.0,7,36.29,1906.0,56997.0,58903.0,0.0,52722.16,2441640.626,Demais serviços,120858
3519600,Ibitinga,SP,Sudeste,Caminhos do Tietê,C,41.0,8,5.12,0.0,56965.0,56965.0,498658.0,24939.53,769740.6,Demais serviços,60033
2700102,Água Branca,AL,Nordeste,Caminhos do São Francisco,D,0.0,0,,0.0,0.0,0.0,0.0,7976.02,42303.651,"Administração, defesa, educação e saúde públicas e seguridade social",20196
3119401,Coronel Fabriciano,MG,Sudeste,Mata Atlântica de Minas,C,81.0,8,10.12,1178.0,34469.0,35647.0,0.0,16282.52,1028988.211,Demais serviços,109855
3120508,Cristina,MG,Sudeste,Caminhos da Mantiqueira,D,5.0,1,5.0,0.0,0.0,0.0,0.0,18069.95,55034.519,Demais serviços,10242
3121100,Delfim Moreira,MG,Sudeste,Caminhos da Mantiqueira,D,12.0,5,2.4,0.0,4903.0,4903.0,0.0,12224.94,29790.48,"Administração, defesa, educação e saúde públicas e seguridade social",8025
3121803,Dionísio,MG,Sudeste,Mata Atlântica de Minas,D,1.0,1,1.0,0.0,0.0,0.0,0.0,10153.98,25022.738,"Administração, defesa, educação e saúde públicas e seguridade social",7729
3122702,Dom Silvério,MG,Sudeste,Serras de Minas,D,4.0,1,4.0,0.0,12250.0,12250.0,0.0,17349.5,39268.633,Demais serviços,5237
3137601,Lagoa Santa,MG,Sudeste,Grutas,C,201.0,12,16.75,1462.0,50337.0,51799.0,1408194.0,28124.54,923483.118,Demais serviços,64527
2910503,Entre Rios,BA,Nordeste,Costa dos Coqueiros,C,68.0,12,5.67,209.0,80148.0,80357.0,670559.0,14370.54,216578.043,Demais serviços,41780
2912202,Ibicoara,BA,Nordeste,Chapada Diamantina,D,1.0,2,0.5,116.0,0.0,116.0,0.0,19974.06,83454.452,"Agricultura, inclusive apoio à agricultura e a pós colheita",19571
3168705,Timóteo,MG,Sudeste,Mata Atlântica de Minas,C,77.0,10,7.7,1386.0,43695.0,45081.0,787428.0,35238.51,1064035.23,Indústrias de transformação,89842
3170107,Uberaba,MG,Sudeste,Alta Mogiana,B,593.0,41,14.46,5554.0,169288.0,174842.0,5424041.0,46561.66,7167920.591,Demais serviços,333783
5007406,Rio Verde de Mato Grosso,MS,Sul,Rota Cerrado Pantanal,C,29.0,9,3.22,121.0,2317.0,2438.0,0.0,24411.26,130522.556,"Administração, defesa, educação e saúde públicas e seguridade social",19746
5007935,Sonora,MS,Sul,Rota Cerrado Pantanal,C,40.0,8,5.0,0.0,5056.0,5056.0,0.0,39658.49,170469.948,"Agricultura, inclusive apoio à agricultura e a pós colheita",19274
5008305,Três Lagoas,MS,Sul,Integra Costa Leste - Vale do Aporé,B,333.0,40,8.32,2087.0,204801.0,206888.0,4959982.0,85297.87,2340932.83,Indústrias de transformação,121388
1700400,Almas,TO,Norte,Serras Gerais,D,2.0,2,1.0,0.0,1494.0,1494.0,0.0,24366.85,23505.891,"Produção florestal, pesca e aquicultura",7055
1702208,Araguatins,TO,Norte,Bico do Papagaio,D,16.0,5,3.2,335.0,7486.0,7821.0,0.0,12484.23,136914.555,"Administração, defesa, educação e saúde públicas e seguridade social",35761
2511806,Pirpirituba,PB,Nordeste,Brejo,D,3.0,1,3.0,0.0,903.0,903.0,0.0,8418.63,23999.641,"Administração, defesa, educação e saúde públicas e seguridade social",10579
5102637,Campo Novo do Parecis,MT,Centro-Oeste,Região Turística das Nascentes,C,65.0,10,6.5,207.0,83967.0,84174.0,525237.0,96181.92,1049959.757,"Agricultura, inclusive apoio à agricultura e a pós colheita",35360
5106422,Peixoto de Azevedo,MT,Centro-Oeste,Região Turística Portal da Amazônia,C,32.0,8,4.0,124.0,0.0,124.0,92259.0,17403.45,215712.143,"Administração, defesa, educação e saúde públicas e seguridade social",34976
5106505,Poconé,MT,Centro-Oeste,Região Turística  Pantanal Mato-Grossense,B,299.0,20,14.95,797.0,14093.0,14890.0,4834919.0,17614.59,240448.944,Demais serviços,32843
1500909,Augusto Corrêa,PA,Norte,Região Turística Amazônia Atlântica Caeté,D,0.0,0,,0.0,326.0,326.0,0.0,7097.33,58184.782,"Administração, defesa, educação e saúde públicas e seguridade social",45998
1501709,Bragança,PA,Norte,Região Turística Amazônia Atlântica Caeté,C,63.0,11,5.73,1016.0,111766.0,112782.0,256369.0,9122.72,420536.578,"Administração, defesa, educação e saúde públicas e seguridade social",127686
1502509,Chaves,PA,Norte,Região Turística das Florestas do Marajó,D,0.0,0,,0.0,681.0,681.0,0.0,8236.88,14806.847,"Administração, defesa, educação e saúde públicas e seguridade social",23717
2301901,Barbalha,CE,Nordeste,Cariri,C,92.0,8,11.5,77.0,10682.0,10759.0,595627.0,17347.6,477562.663,Demais serviços,60781
3105400,Barão de Cocais,MG,Sudeste,Ouro,C,40.0,11,3.64,0.0,18933.0,18933.0,276457.0,25162.94,297671.883,Demais serviços,32485
1506161,Rio Maria,PA,Norte,Região Turística do Araguaia,D,9.0,2,4.5,245.0,33480.0,33725.0,0.0,27248.99,128478.216,Demais serviços,18193
2504009,Campina Grande,PB,Nordeste,Agreste ,B,425.0,31,13.71,4608.0,461667.0,466275.0,3057423.0,23210.44,4411492.277,Demais serviços,409731
4108205,Formosa do Oeste,PR,Sul,Riquezas do Oeste,C,0.0,0,,0.0,107630.0,107630.0,0.0,42512.44,109400.823,Demais serviços,6578
3161106,São Francisco,MG,Sudeste,Velho Chico,C,11.0,6,1.83,212.0,27662.0,27874.0,0.0,9445.53,211109.787,"Administração, defesa, educação e saúde públicas e seguridade social",56323
2600500,Águas Belas,PE,Nordeste,FÉ E ARTE,D,1.0,2,0.5,282.0,676.0,958.0,0.0,8337.93,114812.15,"Administração, defesa, educação e saúde públicas e seguridade social",43443
2600708,Aliança,PE,Nordeste,ENGENHOS E MARACATUS,D,5.0,1,5.0,0.0,4542.0,4542.0,0.0,8626.09,88172.811,"Administração, defesa, educação e saúde públicas e seguridade social",38386
2607703,Itapetim,PE,Nordeste,TERRITÓRIO DA POESIA E DA CANTORIA,D,0.0,0,,0.0,3499.0,3499.0,0.0,8349.62,32420.464,"Administração, defesa, educação e saúde públicas e seguridade social",13616
2608453,Lagoa do Carro,PE,Nordeste,ENGENHOS E MARACATUS,D,3.0,2,1.5,0.0,15408.0,15408.0,0.0,15816.34,74371.377,"Administração, defesa, educação e saúde públicas e seguridade social",18071
2609402,Moreno,PE,Nordeste,SERRAS E ARTES DE PERNAMBUCO,D,22.0,1,22.0,0.0,9692.0,9692.0,0.0,11073.15,200901.845,"Administração, defesa, educação e saúde públicas e seguridade social",62784
2609501,Nazaré da Mata,PE,Nordeste,ENGENHOS E MARACATUS,D,3.0,1,3.0,0.0,19659.0,19659.0,0.0,16867.83,185185.649,Demais serviços,32471
2612000,Sairé,PE,Nordeste,SERRAS E ARTES DE PERNAMBUCO,D,45.0,1,45.0,0.0,756.0,756.0,0.0,13749.38,41750.823,"Administração, defesa, educação e saúde públicas e seguridade social",9932
2615508,Tracunhaém,PE,Nordeste,ENGENHOS E MARACATUS,D,0.0,0,,0.0,4846.0,4846.0,0.0,9336.03,35767.445,"Administração, defesa, educação e saúde públicas e seguridade social",13769
4104303,Campo Mourão,PR,Sul,"Ecoaventuras, Histórias e Sabores",B,170.0,14,12.14,1583.0,99147.0,100730.0,1409295.0,40804.93,2078246.55,Demais serviços,94859
2803104,Itabi,SE,Nordeste,Polo Velho Chico,D,0.0,0,,0.0,0.0,0.0,0.0,11975.32,14396.203,"Administração, defesa, educação e saúde públicas e seguridade social",4903
3510807,Casa Branca,SP,Sudeste,"Entre Rios, Serras  e Cafés.",D,10.0,2,5.0,176.0,0.0,176.0,0.0,29941.77,445700.137,Demais serviços,30380
3126505,Francisco Badaró,MG,Sudeste,Pedras Preciosas,D,0.0,0,,0.0,0.0,0.0,0.0,5984.22,16707.795,"Administração, defesa, educação e saúde públicas e seguridade social",10332
3132404,Itajubá,MG,Sudeste,Caminhos da Mantiqueira,B,131.0,15,8.73,2471.0,121365.0,123836.0,947498.0,32734.18,1410751.156,Demais serviços,96869
3157203,Santa Bárbara,MG,Sudeste,Ouro,C,62.0,6,10.33,293.0,0.0,293.0,876056.0,27712.54,328840.684,Indústrias extrativas,31324
2615300,Timbaúba,PE,Nordeste,ENGENHOS E MARACATUS,D,16.0,3,5.33,108.0,36890.0,36998.0,0.0,12722.07,308369.865,"Administração, defesa, educação e saúde públicas e seguridade social",53022
2406908,Lucrécia,RN,Nordeste,Polo Serrano,D,0.0,0,,64.0,0.0,64.0,0.0,12919.11,11282.074,"Administração, defesa, educação e saúde públicas e seguridade social",3996
4208450,Itapoá,SC,Sul,Caminho dos Príncipes,B,23.0,11,2.09,4933.0,242670.0,247603.0,125601.0,44666.77,523133.576,Demais serviços,20576
3527009,Lindóia,SP,Sudeste,Águas e Flores Paulista,D,13.0,5,2.6,102.0,23374.0,23476.0,0.0,23262.78,80060.731,Demais serviços,7980
4111506,Ivaiporã,PR,Sul,Vale do Ivaí,C,31.0,5,6.2,349.0,58786.0,59135.0,0.0,26016.33,502377.918,Demais serviços,31984
3300803,Cachoeiras de Macacu,RJ,Sudeste,SERRA VERDE IMPERIAL,C,32.0,11,2.91,82.0,0.0,82.0,267227.0,19321.87,340301.39,"Administração, defesa, educação e saúde públicas e seguridade social",58937
3303609,Paracambi,RJ,Sudeste,VALE DO CAFÉ,C,25.0,4,6.25,276.0,35814.0,36090.0,0.0,18798.44,413715.062,"Administração, defesa, educação e saúde públicas e seguridade social",52257
3303807,Paraty,RJ,Sudeste,COSTA VERDE,A,967.0,179,5.4,127665.0,404233.0,531898.0,11915739.0,63920.14,1024776.939,Indústrias extrativas,43165
3304144,Queimados,RJ,Sudeste,BAIXADA VERDE,D,13.0,1,13.0,116.0,0.0,116.0,0.0,25782.11,1802470.876,Demais serviços,150319
3304201,Resende,RJ,Sudeste,AGULHAS NEGRAS,B,347.0,24,14.46,4897.0,142391.0,147288.0,2703529.0,65208.31,3329947.15,Demais serviços,131341
5220207,São Miguel do Araguaia,GO,Centro-Oeste,Região Turística Vale do Araguaia,C,28.0,10,2.8,438.0,45201.0,45639.0,497079.0,22776.96,220366.421,Demais serviços,21993
2101905,Bequimão,MA,Nordeste,Polo Floresta dos Guarás,D,0.0,0,,0.0,5092.0,5092.0,0.0,5776.96,35473.946,"Administração, defesa, educação e saúde públicas e seguridade social",21280
3168903,Tiros,MG,Sudeste,Lago de Três Marias,D,2.0,2,1.0,182.0,7914.0,8096.0,0.0,34589.86,77539.895,Demais serviços,6480
5105903,Nobres,MT,Centro-Oeste,Associação de Turismo da Região Circuito das Águas - Aturcira,C,27.0,15,1.8,82.0,11606.0,11688.0,74280.0,40041.68,162718.038,Demais serviços,15336
2601201,Arcoverde,PE,Nordeste,FÉ E ARTE,B,177.0,13,13.62,472.0,141213.0,141685.0,0.0,14727.75,580722.842,Demais serviços,74338
2601706,Belo Jardim,PE,Nordeste,FÉ E ARTE,C,56.0,5,11.2,132.0,84512.0,84644.0,0.0,25345.75,545571.614,Indústrias de transformação,76439
2610905,Pesqueira,PE,Nordeste,FÉ E ARTE,C,55.0,7,7.86,358.0,38929.0,39287.0,0.0,10804.68,281415.87,"Administração, defesa, educação e saúde públicas e seguridade social",67395
2611101,Petrolina,PE,Nordeste,ÁGUAS E VINHOS DO VALE DO SÃO FRANCISCO,B,319.0,29,11.0,5140.0,168301.0,173441.0,2744406.0,20811.26,3198266.363,Demais serviços,349145
4111803,Jacarezinho,PR,Sul,Norte Pioneiro,D,30.0,3,10.0,141.0,1305.0,1446.0,0.0,32325.23,564436.739,Demais serviços,39378
3304300,Rio Bonito,RJ,Sudeste,CAMINHOS DA MATA,C,27.0,7,3.86,276.0,50303.0,50579.0,0.0,25822.81,786628.561,Demais serviços,60201
3305901,Trajano de Moraes,RJ,Sudeste,CAMINHOS DA SERRA,D,0.0,0,,0.0,12051.0,12051.0,0.0,19459.23,57232.374,"Administração, defesa, educação e saúde públicas e seguridade social",10626
3306305,Volta Redonda,RJ,Sudeste,VALE DO CAFÉ,B,225.0,17,13.24,4533.0,36349.0,40882.0,736029.0,40355.98,4959996.549,Demais serviços,273012
2401008,Apodi,RN,Nordeste,Polo Serrano,C,8.0,2,4.0,0.0,66870.0,66870.0,0.0,14347.04,168488.502,"Administração, defesa, educação e saúde públicas e seguridade social",35845
2408201,Nísia Floresta,RN,Nordeste,Polo Costa das Dunas,D,19.0,5,3.8,60.0,4647.0,4707.0,0.0,15147.49,93966.306,"Administração, defesa, educação e saúde públicas e seguridade social",27602
4309100,Gramado,RS,Sul,Hortênsias,A,2.758,163,0.02,39774.0,959445.0,999219.0,60905220.0,62317.96,1458655.515,Demais serviços,36232
4321501,Torres,RS,Sul,Litoral Norte Gaúcho,B,491.0,43,11.42,90900.0,354626.0,445526.0,2802456.0,32674.87,764707.372,Demais serviços,38732
3541000,Praia Grande,SP,Sudeste,Costa da Mata Atlântica,A,110.0,21,5.24,3851.0,1294998.0,1298849.0,2091663.0,23432.68,4744522.831,Demais serviços,325073
4127502,Tibagi,PR,Sul,Campos Gerais,C,38.0,8,4.75,149.0,12354.0,12503.0,348812.0,41034.48,241157.314,"Agricultura, inclusive apoio à agricultura e a pós colheita",20522
1100031,Cabixi,RO,Norte,POLO TURÍSTICO VALE DO GUAPORÉ,D,4.0,2,2.0,0.0,0.0,0.0,0.0,26347.78,25546.597,"Administração, defesa, educação e saúde públicas e seguridade social",5312
1100809,Candeias do Jamari,RO,Norte,Polo Turistico Madeira Mamoré,D,18.0,3,6.0,0.0,0.0,0.0,0.0,20526.69,111728.781,"Administração, defesa, educação e saúde públicas e seguridade social",26693
3104502,Arinos,MG,Sudeste,Urucuia Grande Sertão,C,7.0,2,3.5,102.0,47140.0,47242.0,0.0,13067.34,88277.733,"Administração, defesa, educação e saúde públicas e seguridade social",17875
4308508,Frederico Westphalen,RS,Sul,Rota Águas e Pedras,C,39.0,7,5.57,2367.0,17011.0,19378.0,412689.0,39372.51,674121.176,Demais serviços,31313
4313201,Nova Petrópolis,RS,Sul,Hortênsias,C,108.0,15,7.2,2676.0,46896.0,49572.0,1264152.0,40047.16,412282.784,Demais serviços,21353
4322509,Vacaria,RS,Sul,Campos de Cima da Serra,B,104.0,16,6.5,10208.0,141203.0,151411.0,727315.0,37130.0,1196909.072,Demais serviços,66218
2800605,Barra dos Coqueiros,SE,Nordeste,Polo Costa dos Coqueirais,C,196.0,3,65.33,0.0,17067.0,17067.0,0.0,19028.51,202868.199,"Administração, defesa, educação e saúde públicas e seguridade social",30407
2608008,Jataúba,PE,Nordeste,MODA E ECOTURISMO,D,2.0,1,2.0,0.0,0.0,0.0,0.0,7889.5,37222.474,"Administração, defesa, educação e saúde públicas e seguridade social",17150
3118601,Contagem,MG,Sudeste,Veredas do Paraopeba,B,250.0,23,10.87,1588.0,40874.0,42462.0,4539428.0,45855.1,15975976.334,Demais serviços,663855
4106902,Curitiba,PR,Sul,Rotas do Pinhão,A,3.445,185,0.02,190705.0,3868494.0,4059199.0,73783627.0,49706.64,54620794.715,Demais serviços,1933105
4304408,Canela,RS,Sul,Hortênsias,B,564.0,48,11.75,9350.0,147149.0,156499.0,5492866.0,27914.98,662701.266,Demais serviços,44998
3509502,Campinas,SP,Sudeste,Bem Viver,A,1.811,83,0.02,71490.0,1265590.0,1337080.0,40808552.0,54710.07,39748104.849,Demais serviços,1204073
3524006,Itupeva,SP,Sudeste,Circuito das Frutas,C,122.0,4,30.5,1043.0,44370.0,45413.0,0.0,120523.17,2797338.145,Indústrias de transformação,61252
3526902,Limeira,SP,Sudeste,Serra do Itaqueri,B,186.0,13,14.31,4939.0,91492.0,96431.0,2251008.0,45035.17,6442340.631,Demais serviços,306114
3546603,Santa Fé do Sul,SP,Sudeste,Entre Rios,C,60.0,10,6.0,399.0,113141.0,113540.0,272410.0,37103.98,717642.481,Demais serviços,32322
1722107,Xambioá,TO,Norte,Vale dos Grandes Rios,D,9.0,2,4.5,0.0,0.0,0.0,0.0,24357.58,68118.512,"Administração, defesa, educação e saúde públicas e seguridade social",11540
1717008,Pindorama do Tocantins,TO,Norte,Serras Gerais,D,0.0,0,,0.0,11824.0,11824.0,0.0,13128.89,9941.558,"Administração, defesa, educação e saúde públicas e seguridade social",4447
5005681,Mundo Novo,MS,Sul,Caminhos da Natureza / Cone Sul,C,47.0,9,5.22,207.0,51821.0,52028.0,0.0,29644.03,202434.141,Demais serviços,18366
3156007,Rio Vermelho,MG,Sudeste,Diamantes,D,7.0,1,7.0,0.0,0.0,0.0,0.0,9018.67,39464.134,"Administração, defesa, educação e saúde públicas e seguridade social",12846
3164308,São Roque de Minas,MG,Sudeste,Nascentes das Gerais e Canastra,D,14.0,3,4.67,562.0,4510.0,5072.0,0.0,33840.02,81982.554,Demais serviços,7051
3168101,Tapira,MG,Sudeste,Nascentes das Gerais e Canastra,D,1.0,1,1.0,0.0,0.0,0.0,0.0,95435.06,79636.425,Indústrias extrativas,4773
3169109,Toledo,MG,Sudeste,Serras Verdes do Sul de Minas,D,1.0,1,1.0,0.0,0.0,0.0,0.0,13034.69,30700.813,"Administração, defesa, educação e saúde públicas e seguridade social",6258
3169208,Tombos,MG,Sudeste,Pico da Bandeira,D,6.0,1,6.0,130.0,8713.0,8843.0,0.0,12130.28,43027.403,"Administração, defesa, educação e saúde públicas e seguridade social",8022
3169356,Três Marias,MG,Sudeste,Lago de Três Marias,C,97.0,13,7.46,0.0,23124.0,23124.0,548791.0,76373.56,501812.643,Indústrias de transformação,32356
3500550,Águas de Santa Bárbara,SP,Sudeste,Coração Paulista,D,34.0,3,11.33,120.0,36116.0,36236.0,0.0,28759.37,69095.097,Demais serviços,6075
3524402,Jacareí,SP,Sudeste,Rios do Vale,B,134.0,15,8.93,3170.0,133074.0,136244.0,968049.0,57183.66,5895082.236,Demais serviços,233662
4103701,Cambé,PR,Sul,Norte do Paraná,D,19.0,2,9.5,140.0,3352.0,3492.0,587274.0,38644.48,2046511.741,Demais serviços,106533
1100056,Cerejeiras,RO,Norte,POLO TURÍSTICO VALE DO GUAPORÉ,D,13.0,4,3.25,182.0,5049.0,5231.0,0.0,31051.55,230622.76,Comércio e reparação de veículos automotores e motocicletas,16323
2410900,Riachuelo,RN,Nordeste,Polo Agreste/Trairi,D,0.0,0,,0.0,15247.0,15247.0,0.0,8922.23,19510.1,"Administração, defesa, educação e saúde públicas e seguridade social",8128
2411502,Santo Antônio,RN,Nordeste,Polo Agreste/Trairi,D,2.0,1,2.0,207.0,6430.0,6637.0,0.0,9911.53,74215.042,"Administração, defesa, educação e saúde públicas e seguridade social",24136
3505104,Barbosa,SP,Sudeste,Tietê Vivo,D,0.0,0,,0.0,0.0,0.0,0.0,15383.22,51219.3,Demais serviços,7402
5104807,Jaciara,MT,Centro-Oeste,Região Turística Vale do São Lourenço,C,66.0,12,5.5,0.0,41298.0,41298.0,569343.0,34658.54,372778.52,Demais serviços,27776
3549953,São Lourenço da Serra,SP,Sudeste,"Mananciais, Aventura e Arte",D,1.0,1,1.0,120.0,0.0,120.0,0.0,16158.58,146233.143,Demais serviços,15825
2932507,Una,BA,Nordeste,Costa do Cacau,B,478.0,4,119.5,197.0,18249.0,18446.0,0.0,14140.26,90499.837,"Administração, defesa, educação e saúde públicas e seguridade social",19002
2304202,Crato,CE,Nordeste,Cariri,C,70.0,10,7.0,554.0,76978.0,77532.0,378088.0,13315.64,863188.246,Demais serviços,132123
2304459,Fortim,CE,Nordeste,LITORAL LESTE,C,89.0,8,11.12,677.0,35023.0,35700.0,0.0,12453.56,69732.736,"Administração, defesa, educação e saúde públicas e seguridade social",16480
2313500,Trairi,CE,Nordeste,Litoral Oeste,C,155.0,14,11.07,3977.0,40354.0,44331.0,1289604.0,14036.17,198730.571,"Eletricidade e gás, água, esgoto, atividades de gestão de resíduos e descontaminação",55918
2313609,Ubajara,CE,Nordeste,Chapada da Ibiapaba,C,30.0,7,4.29,570.0,64936.0,65506.0,0.0,16695.06,166695.266,"Administração, defesa, educação e saúde públicas e seguridade social",34792
3201001,Boa Esperança,ES,Sudeste,"Pedras, Pão e Mel",D,8.0,1,8.0,188.0,10411.0,10599.0,0.0,15301.17,84493.308,"Administração, defesa, educação e saúde públicas e seguridade social",15037
3144672,Nova Belém,MG,Sudeste,Trilhas do Rio Doce,D,0.0,0,,0.0,4988.0,4988.0,0.0,13890.6,14569.96,"Administração, defesa, educação e saúde públicas e seguridade social",3190
1502103,Cametá,PA,Norte,Região Turística do Tocantins,C,12.0,4,3.0,393.0,79563.0,79956.0,0.0,8346.73,262000.246,"Administração, defesa, educação e saúde públicas e seguridade social",137890
4106407,Cornélio Procópio,PR,Sul,Norte Pioneiro,C,332.0,7,47.43,590.0,13975.0,14565.0,4001716.0,35291.25,921299.464,Demais serviços,47845
4124103,Santo Antônio da Platina,PR,Sul,Norte Pioneiro,C,47.0,8,5.88,761.0,18833.0,19594.0,0.0,27182.25,614528.928,Demais serviços,45993
1712454,Luzinópolis,TO,Norte,Bico do Papagaio,E,0.0,0,,0.0,0.0,0.0,0.0,14690.67,12491.265,"Administração, defesa, educação e saúde públicas e seguridade social",3108
4303707,Campina das Missões,RS,Sul,Rota do Rio Uruguai,D,3.0,1,3.0,0.0,0.0,0.0,0.0,29782.5,55357.026,Demais serviços,5474
3139409,Manhuaçu,MG,Sudeste,Pico da Bandeira,C,129.0,12,10.75,800.0,35208.0,36008.0,455012.0,28865.1,1282254.996,Demais serviços,90229
3148103,Patrocínio,MG,Sudeste,Caminhos do Cerrado,C,117.0,15,7.8,938.0,48384.0,49322.0,1117326.0,31002.79,1447514.681,Demais serviços,90757
3151206,Pirapora,MG,Sudeste,Guimarães Rosa,C,76.0,17,4.47,1287.0,16022.0,17309.0,637869.0,42022.38,718424.876,Indústrias de transformação,56428
3152105,Ponte Nova,MG,Sudeste,Montanhas e Fé,C,70.0,11,6.36,50.0,48531.0,48581.0,678263.0,31615.5,994734.331,Demais serviços,59742
3169307,Três Corações,MG,Sudeste,Águas,C,50.0,6,8.33,530.0,39958.0,40488.0,311361.0,30888.91,1106094.691,Demais serviços,79482
3133808,Itaúna,MG,Sudeste,Veredas do Paraopeba,C,68.0,6,11.33,866.0,45336.0,46202.0,715553.0,37279.29,1387363.695,Demais serviços,93214
3171303,Viçosa,MG,Sudeste,Serras de Minas,C,87.0,7,12.43,3239.0,72740.0,75979.0,966199.0,22183.13,1059932.551,Demais serviços,78846
2511400,Picuí,PB,Nordeste,Seridó e Curimataú,D,4.0,2,2.0,97.0,0.0,97.0,0.0,10316.32,65635.079,"Administração, defesa, educação e saúde públicas e seguridade social",18703
2917359,Jaborandi,BA,Nordeste,Caminhos do Oeste,D,0.0,0,,0.0,14505.0,14505.0,0.0,69136.12,90541.27,"Agricultura, inclusive apoio à agricultura e a pós colheita",8385
4303509,Camaquã,RS,Sul,Costa Doce,C,29.0,5,5.8,366.0,40201.0,40567.0,0.0,32919.78,978185.382,Demais serviços,66261
4311007,Jaguarão,RS,Sul,Costa Doce,C,44.0,12,3.67,1828.0,61472.0,63300.0,542891.0,26408.34,316881.711,Demais serviços,26680
4317202,Santa Rosa,RS,Sul,Rota do Rio Uruguai,C,82.0,8,10.25,1278.0,110191.0,111469.0,925611.0,43564.15,1598002.458,Demais serviços,73254
4318200,São Francisco de Paula,RS,Sul,Hortênsias,C,73.0,13,5.62,406.0,10056.0,10462.0,937118.0,33374.47,232171.081,Demais serviços,21710
4215703,Santo Amaro da Imperatriz,SC,Sul,Grande Florianópolis,C,260.0,3,86.67,1197.0,2250.0,3447.0,0.0,39861.8,319109.264,"Eletricidade e gás, água, esgoto, atividades de gestão de resíduos e descontaminação",23245
3507506,Botucatu,SP,Sudeste,Pólo Turístico Cuesta,B,105.0,11,9.55,4123.0,91630.0,95753.0,1422904.0,35049.84,2716026.973,Demais serviços,146497
3518305,Guararema,SP,Sudeste,Nascentes do Tietê,C,149.0,7,21.29,919.0,15337.0,16256.0,1945775.0,48313.05,840460.269,Demais serviços,29798
2100055,Açailândia,MA,Nordeste,Polo Chapada das Mesas,C,90.0,15,6.0,765.0,34643.0,35408.0,543567.0,20961.74,813111.511,Demais serviços,112445
1200500,Sena Madureira,AC,Norte,Caminhos das Aldeias e da Biodiversidade,D,16.0,4,4.0,0.0,3182.0,3182.0,0.0,11783.19,130902.275,"Administração, defesa, educação e saúde públicas e seguridade social",45848
4113304,Laranjeiras do Sul,PR,Sul,Lagos e Colinas,C,45.0,9,5.0,1625.0,39324.0,40949.0,399345.0,24626.8,381038.253,Demais serviços,32073
1400027,Amajari,RR,Norte,O Extremo Norte do Brasil,D,0.0,0,,0.0,7564.0,7564.0,0.0,14656.62,14551.711,"Administração, defesa, educação e saúde públicas e seguridade social",12796
4300406,Alegrete,RS,Sul,Fronteira,C,57.0,8,7.12,1421.0,93745.0,95166.0,602859.0,29053.31,963703.927,Demais serviços,73589
4202503,Bom Jardim da Serra,SC,Sul,Serra Catarinense,C,39.0,6,6.5,192.0,14890.0,15082.0,0.0,27981.62,35186.993,"Agricultura, inclusive apoio à agricultura e a pós colheita",4743
4313409,Novo Hamburgo,RS,Sul,Vale Germânico,B,139.0,13,10.69,11382.0,99118.0,110500.0,2829017.0,39592.6,5317975.067,Demais serviços,246748
4211306,Navegantes,SC,Sul,Costa Verde & Mar,B,58.0,13,4.46,3253.0,163822.0,167075.0,628509.0,57504.74,2223510.788,Demais serviços,81475
4213500,Porto Belo,SC,Sul,Costa Verde & Mar,C,55.0,9,6.11,13396.0,80218.0,93614.0,575841.0,59036.47,828134.357,Comércio e reparação de veículos automotores e motocicletas,21388
2803500,Lagarto,SE,Nordeste,Polo Sertão das Águas,C,22.0,6,3.67,0.0,45118.0,45118.0,206889.0,15726.5,609262.965,"Administração, defesa, educação e saúde públicas e seguridade social",104408
4317806,Santo Augusto,RS,Sul,Rota do Yucumã,C,4.0,2,2.0,0.0,61826.0,61826.0,0.0,40139.72,241174.196,Demais serviços,13885
4323804,Xangri-lá,RS,Sul,Litoral Norte Gaúcho,C,21.0,5,4.2,550.0,64336.0,64886.0,0.0,33779.0,301245.655,Demais serviços,16408
2906006,Campo Formoso,BA,Nordeste,Chapada Diamantina,D,32.0,4,8.0,237.0,17635.0,17872.0,0.0,13586.6,267094.798,"Administração, defesa, educação e saúde públicas e seguridade social",71206
2308203,Meruoca,CE,Nordeste,Vale do Acaraú,D,12.0,3,4.0,0.0,12070.0,12070.0,0.0,7347.83,30494.107,"Administração, defesa, educação e saúde públicas e seguridade social",15057
4322400,Uruguaiana,RS,Sul,Fronteira,B,188.0,20,9.4,14090.0,67243.0,81333.0,2314966.0,22723.78,1403692.986,Demais serviços,126970
4205506,Fraiburgo,SC,Sul,Vale dos Imigrantes,C,96.0,4,24.0,369.0,17923.0,18292.0,0.0,26820.6,395378.475,Demais serviços,36443
4213609,Porto União,SC,Sul,Caminhos do Contestado,C,26.0,6,4.33,382.0,48974.0,49356.0,0.0,21990.79,343863.436,Demais serviços,35398
2312304,São Benedito,CE,Nordeste,Chapada da Ibiapaba,C,15.0,2,7.5,382.0,72227.0,72609.0,0.0,11350.31,199009.444,"Administração, defesa, educação e saúde públicas e seguridade social",47903
3545209,Salto,SP,Sudeste,Roteiro dos Bandeirantes,C,53.0,7,7.57,994.0,45169.0,46163.0,0.0,65208.06,4105032.94,Demais serviços,118663
2408409,Olho-d'Água do Borges,RN,Nordeste,Polo Serrano,D,0.0,0,,0.0,0.0,0.0,0.0,9736.36,9252.52,"Administração, defesa, educação e saúde públicas e seguridade social",4258
3550001,São Luís do Paraitinga,SP,Sudeste,Rios do Vale,C,21.0,7,3.0,373.0,37158.0,37531.0,0.0,15911.03,89247.707,Demais serviços,10687
3554300,Teodoro Sampaio,SP,Sudeste,PONTAL PAULISTA,D,21.0,5,4.2,182.0,13569.0,13751.0,0.0,21690.24,232122.928,Demais serviços,23148
3147709,Passa Tempo,MG,Sudeste,Vale Verde e Quedas D'Água,D,8.0,1,8.0,0.0,0.0,0.0,0.0,33290.18,79147.415,Demais serviços,8084
3114501,Carmópolis de Minas,MG,Sudeste,Campo das Vertentes,D,3.0,1,3.0,0.0,0.0,0.0,0.0,21081.68,170838.499,Demais serviços,19355
3116159,Chapada Gaúcha,MG,Sudeste,Urucuia Grande Sertão,D,6.0,3,2.0,120.0,0.0,120.0,0.0,16487.26,74647.633,"Agricultura, inclusive apoio à agricultura e a pós colheita",13680
3123205,Dores do Indaiá,MG,Sudeste,Verde - Trilha dos Bandeirantes,D,8.0,2,4.0,75.0,0.0,75.0,0.0,18797.61,120941.999,Demais serviços,13483
2800209,Aquidabã,SE,Nordeste,Polo dos Tabuleiros,D,0.0,0,,0.0,3461.0,3461.0,0.0,11149.4,70923.405,"Administração, defesa, educação e saúde públicas e seguridade social",21563
3158953,Santana do Paraíso,MG,Sudeste,Mata Atlântica de Minas,D,11.0,4,2.75,0.0,0.0,0.0,0.0,21494.56,296444.547,Demais serviços,34663
3159605,Santa Rita do Sapucaí,MG,Sudeste,Caminhos da Mantiqueira,D,39.0,4,9.75,929.0,1305.0,2234.0,0.0,38141.29,586120.377,Indústrias de transformação,43260
3304805,São Fidélis,RJ,Sudeste,COSTA DOCE,D,15.0,2,7.5,130.0,15802.0,15932.0,0.0,19002.34,287436.546,"Administração, defesa, educação e saúde públicas e seguridade social",38669
3554003,Tatuí,SP,Sudeste,Raízes do Interior Paulista,C,127.0,8,15.88,1798.0,73269.0,75067.0,1521533.0,34164.15,2026751.694,Demais serviços,121766
3123908,Entre Rios de Minas,MG,Sudeste,Trilha dos Inconfidentes,D,3.0,4,0.75,0.0,0.0,0.0,0.0,14923.05,104569.414,Demais serviços,15298
3133501,Itapecerica,MG,Sudeste,Campo das Vertentes,D,29.0,3,9.67,119.0,2624.0,2743.0,0.0,21854.32,191778.167,Demais serviços,21762
3136900,Juruaia,MG,Sudeste,Montanhas Cafeeiras de Minas,D,7.0,2,3.5,0.0,0.0,0.0,0.0,16238.02,61106.816,Demais serviços,10563
3145109,Nova Resende,MG,Sudeste,Montanhas Cafeeiras de Minas,D,3.0,2,1.5,0.0,0.0,0.0,0.0,16456.71,117987.461,Demais serviços,16723
3139706,Maravilhas,MG,Sudeste,Verde - Trilha dos Bandeirantes,D,3.0,1,3.0,0.0,0.0,0.0,0.0,20560.75,53713.152,Demais serviços,7976
2507200,Itatuba,PB,Nordeste,Vale do Paraíba,D,0.0,0,,0.0,756.0,756.0,0.0,11362.73,24710.314,"Administração, defesa, educação e saúde públicas e seguridade social",10962
3150505,Pimenta,MG,Sudeste,Grutas e Mar de Minas,D,18.0,3,6.0,0.0,0.0,0.0,0.0,23025.3,92039.294,Demais serviços,8660
4309902,Ibiraiaras,RS,Sul,Rota das Araucárias,D,9.0,1,9.0,0.0,0.0,0.0,0.0,38370.92,101243.745,"Agricultura, inclusive apoio à agricultura e a pós colheita",7262
4312252,Minas do Leão,RS,Sul,Carbonífera,D,2.0,1,2.0,0.0,0.0,0.0,0.0,24568.1,68308.757,"Administração, defesa, educação e saúde públicas e seguridade social",8075
3154002,Raul Soares,MG,Sudeste,Montanhas e Fé,D,17.0,4,4.25,149.0,20556.0,20705.0,0.0,14359.79,159088.407,Demais serviços,23762
3157336,Santa Cruz de Minas,MG,Sudeste,Trilha dos Inconfidentes,D,5.0,1,5.0,0.0,0.0,0.0,0.0,11092.53,47603.492,Demais serviços,8604
3511508,Cerquilho,SP,Sudeste,Raízes do Interior Paulista,D,22.0,3,7.33,251.0,24897.0,25148.0,0.0,39476.07,806863.937,Demais serviços,48949
3171808,Virginópolis,MG,Sudeste,Trilhas do Rio Doce,D,7.0,2,3.5,0.0,0.0,0.0,0.0,15298.65,76399.083,Demais serviços,10510
4319208,São Nicolau,RS,Sul,Rota Missões,D,0.0,0,,0.0,0.0,0.0,0.0,31345.37,43185.96,"Agricultura, inclusive apoio à agricultura e a pós colheita",5265
4319752,São Vendelino,RS,Sul,Vale da Felicidade,D,0.0,0,,75.0,0.0,75.0,0.0,39206.62,21746.846,Indústrias de transformação,2243
5100102,Acorizal,MT,Centro-Oeste,Associação de Turismo da Região Circuito das Águas - Aturcira,D,0.0,0,,0.0,5928.0,5928.0,0.0,15620.31,18461.836,"Administração, defesa, educação e saúde públicas e seguridade social",5399
4316956,Santa Maria do Herval,RS,Sul,Vale Germânico,D,0.0,0,,0.0,6776.0,6776.0,0.0,32726.17,57181.863,Indústrias de transformação,6331
4204004,Catanduvas,SC,Sul,Vale dos Imigrantes,D,13.0,2,6.5,0.0,0.0,0.0,0.0,40167.45,150470.549,Indústrias de transformação,10861
3127503,Gonzaga,MG,Sudeste,Trilhas do Rio Doce,D,1.0,2,0.5,0.0,29297.0,29297.0,0.0,8826.64,16758.799,"Administração, defesa, educação e saúde públicas e seguridade social",6158
2928802,Santo Estêvão,BA,Nordeste,Caminhos do Sertão,D,0.0,1,0.0,76.0,26609.0,26685.0,0.0,13942.59,308516.627,Demais serviços,52850
2708402,São José da Tapera,AL,Nordeste,Região da Caatinga,D,0.0,0,,0.0,3499.0,3499.0,0.0,8498.44,69064.843,"Administração, defesa, educação e saúde públicas e seguridade social",32260
1300102,Anori,AM,Norte,Polo Médio Solimões,D,0.0,0,,0.0,2685.0,2685.0,0.0,9497.56,30059.802,"Administração, defesa, educação e saúde públicas e seguridade social",21010
1300680,Boa Vista do Ramos,AM,Norte,Polo Satere,D,0.0,1,0.0,296.0,8637.0,8933.0,0.0,7756.75,27661.215,"Administração, defesa, educação e saúde públicas e seguridade social",19207
4117701,Palmeira,PR,Sul,Campos Gerais,D,27.0,6,4.5,116.0,4945.0,5061.0,197322.0,39712.01,461647.917,Demais serviços,33877
4120606,Prudentópolis,PR,Sul,Terra dos Pinheirais,C,29.0,6,4.83,690.0,17039.0,17729.0,0.0,24214.31,458508.065,"Agricultura, inclusive apoio à agricultura e a pós colheita",52241
3301801,Engenheiro Paulo de Frontin,RJ,Sudeste,VALE DO CAFÉ,C,60.0,6,10.0,80.0,8699.0,8779.0,0.0,17968.78,78561.564,"Administração, defesa, educação e saúde públicas e seguridade social",14002
2403608,Extremoz,RN,Nordeste,Polo Costa das Dunas,D,4.0,3,1.33,753.0,25072.0,25825.0,0.0,15803.0,160103.007,"Administração, defesa, educação e saúde públicas e seguridade social",28583
2704708,Marechal Deodoro,AL,Nordeste,Lagoas e Mares do Sul,C,125.0,11,11.36,791.0,22032.0,22823.0,251240.0,46413.15,567225.645,Indústrias de transformação,51901
2704906,Mar Vermelho,AL,Nordeste,Quilombos,D,0.0,0,,0.0,3499.0,3499.0,0.0,11309.98,7344.29,"Administração, defesa, educação e saúde públicas e seguridade social",3514
2705002,Mata Grande,AL,Nordeste,Região da Caatinga,D,0.0,0,,0.0,2837.0,2837.0,0.0,9830.13,50077.818,"Administração, defesa, educação e saúde públicas e seguridade social",25216
2509396,Maturéia,PB,Nordeste,Vale dos Sertões,D,0.0,0,,0.0,0.0,0.0,0.0,8239.46,11852.231,"Administração, defesa, educação e saúde públicas e seguridade social",6569
2907608,Central,BA,Nordeste,Chapada Diamantina,D,0.0,0,,64.0,0.0,64.0,0.0,9705.87,61819.726,"Administração, defesa, educação e saúde públicas e seguridade social",17266
2914703,Itaberaba,BA,Nordeste,Chapada Diamantina,C,39.0,12,3.25,0.0,43025.0,43025.0,274549.0,13699.6,443399.609,Demais serviços,64489
2921302,Milagres,BA,Nordeste,Caminhos do Jiquiriçá,D,11.0,3,3.67,104.0,32508.0,32612.0,0.0,10011.93,48659.267,"Administração, defesa, educação e saúde públicas e seguridade social",10950
2404705,Ipanguaçu,RN,Nordeste,Polo Costa Branca,D,0.0,0,,0.0,2090.0,2090.0,0.0,9722.06,37705.69,"Administração, defesa, educação e saúde públicas e seguridade social",15491
3548609,São Bento do Sapucaí,SP,Sudeste,MANTIQUEIRA PAULISTA,C,27.0,13,2.08,257.0,18079.0,18336.0,612756.0,19642.34,123193.31,Demais serviços,10878
1717909,Ponte Alta do Tocantins,TO,Norte,Encantos do Jalapao,D,1.0,1,1.0,0.0,30915.0,30915.0,0.0,11610.39,18539.251,"Administração, defesa, educação e saúde públicas e seguridade social",8039
2706448,Paripueira,AL,Nordeste,Costa dos Corais,D,57.0,4,14.25,504.0,936.0,1440.0,0.0,12964.92,56894.742,"Administração, defesa, educação e saúde públicas e seguridade social",13176
2706505,Passo de Camaragibe,AL,Nordeste,Costa dos Corais,D,33.0,4,8.25,0.0,5238.0,5238.0,0.0,14290.8,34282.229,"Agricultura, inclusive apoio à agricultura e a pós colheita",15245
2706604,Paulo Jacinto,AL,Nordeste,Quilombos,D,0.0,0,,0.0,903.0,903.0,0.0,10264.08,16058.975,"Administração, defesa, educação e saúde públicas e seguridade social",7564
2706703,Penedo,AL,Nordeste,Caminhos do São Francisco,C,51.0,8,6.38,449.0,103292.0,103741.0,0.0,12505.56,331505.375,Demais serviços,63683
2201200,Barras,PI,Nordeste,Polo das Águas,C,1.0,1,1.0,0.0,60711.0,60711.0,0.0,9344.35,139879.099,"Administração, defesa, educação e saúde públicas e seguridade social",47066
2201903,Bom Jesus,PI,Nordeste,Polo das Nascentes,C,28.0,4,7.0,0.0,42735.0,42735.0,0.0,33342.98,361783.439,"Agricultura, inclusive apoio à agricultura e a pós colheita",25179
4127106,Telêmaco Borba,PR,Sul,Campos Gerais,B,177.0,22,8.05,923.0,19847.0,20770.0,1798864.0,45262.3,1062120.446,Indústrias de transformação,78974
1200179,Capixaba,AC,Norte,CAMINHOS DO QUEIJO,D,0.0,0,,0.0,6387.0,6387.0,0.0,13058.02,20265.77,"Administração, defesa, educação e saúde públicas e seguridade social",11733
2709301,União dos Palmares,AL,Nordeste,Quilombos,D,12.0,3,4.0,0.0,1872.0,1872.0,0.0,16059.3,291411.581,"Agricultura, inclusive apoio à agricultura e a pós colheita",65611
2802700,Ilha das Flores,SE,Nordeste,Polo Velho Chico,D,2.0,1,2.0,0.0,0.0,0.0,0.0,8965.07,17560.998,"Administração, defesa, educação e saúde públicas e seguridade social",8520
1701002,Ananás,TO,Norte,Bico do Papagaio,D,1.0,1,1.0,0.0,0.0,0.0,0.0,15545.97,37439.991,"Administração, defesa, educação e saúde públicas e seguridade social",9549
3138658,Lontra,MG,Sudeste,Velho Chico,D,0.0,0,,39.0,0.0,39.0,0.0,7979.33,25750.344,"Administração, defesa, educação e saúde públicas e seguridade social",9661
3139102,Madre de Deus de Minas,MG,Sudeste,Trilha dos Inconfidentes,D,1.0,1,1.0,0.0,0.0,0.0,0.0,37707.54,46739.075,"Agricultura, inclusive apoio à agricultura e a pós colheita",5098
2409902,Pendências,RN,Nordeste,Polo Costa Branca,D,1.0,1,1.0,0.0,6127.0,6127.0,0.0,36116.49,95502.866,"Produção florestal, pesca e aquicultura",15129
3302809,Mendes,RJ,Sudeste,VALE DO CAFÉ,D,15.0,3,5.0,850.0,7494.0,8344.0,0.0,18813.5,144410.103,"Administração, defesa, educação e saúde públicas e seguridade social",18614
1100924,Chupinguaia,RO,Norte,POLO TURÍSTICO VALE DO GUAPORÉ,D,7.0,3,2.33,0.0,2851.0,2851.0,0.0,27254.46,54137.202,"Administração, defesa, educação e saúde públicas e seguridade social",11182
1100064,Colorado do Oeste,RO,Norte,POLO TURÍSTICO VALE DO GUAPORÉ,D,1.0,2,0.5,0.0,0.0,0.0,0.0,21083.7,110968.122,"Administração, defesa, educação e saúde públicas e seguridade social",15882
1301902,Itacoatiara,AM,Norte,Polo Uatumã,C,33.0,7,4.71,758.0,94856.0,95614.0,67735.0,20077.08,826837.233,Demais serviços,101337
3532405,Nazaré Paulista,SP,Sudeste,entre serras e aguas,C,208.0,16,13.0,364.0,11219.0,11583.0,1658273.0,19790.93,156027.239,Demais serviços,18524
1507508,São João do Araguaia,PA,Norte,Região turística do Carajás,D,1.0,1,1.0,0.0,912.0,912.0,0.0,9575.25,21094.559,"Administração, defesa, educação e saúde públicas e seguridade social",13996
2300200,Acaraú,CE,Nordeste,Litoral Extremo Oeste,C,9.0,3,3.0,229.0,77567.0,77796.0,0.0,11329.55,248652.024,"Administração, defesa, educação e saúde públicas e seguridade social",62641
3548203,Santo Antônio do Pinhal,SP,Sudeste,MANTIQUEIRA PAULISTA,B,119.0,22,5.41,243.0,19885.0,20128.0,1018219.0,17552.11,66411.234,Demais serviços,6811
2311801,Russas,CE,Nordeste,Vale do Jaguaribe,C,16.0,4,4.0,64.0,50321.0,50385.0,0.0,14078.8,435679.617,Demais serviços,78194
3109105,Bueno Brandão,MG,Sudeste,Serras Verdes do Sul de Minas,C,84.0,6,14.0,120.0,0.0,120.0,0.0,14945.96,73876.663,Demais serviços,11001
3162104,São Gotardo,MG,Sudeste,Caminhos do Cerrado,C,36.0,6,6.0,490.0,14505.0,14995.0,0.0,26648.35,525894.458,Demais serviços,35469
2405009,Jaçanã,RN,Nordeste,Polo Agreste/Trairi,D,0.0,0,,0.0,4543.0,4543.0,0.0,7558.42,13781.38,"Administração, defesa, educação e saúde públicas e seguridade social",9133
2507309,Jacaraú,PB,Nordeste,Vale do Mamanguape,D,0.0,0,,0.0,5929.0,5929.0,0.0,9401.35,33754.823,"Administração, defesa, educação e saúde públicas e seguridade social",14431
1505106,Óbidos,PA,Norte,Região Turística do Rio Amazonas,D,10.0,3,3.33,0.0,36532.0,36532.0,0.0,18778.79,151372.656,"Agricultura, inclusive apoio à agricultura e a pós colheita",52137
3147105,Pará de Minas,MG,Sudeste,Verde - Trilha dos Bandeirantes,C,54.0,7,7.71,404.0,13773.0,14177.0,873923.0,33220.0,1419526.706,Demais serviços,93969
5002209,Bonito,MS,Sul,Bonito / Serra da Bodoquena,B,666.0,54,12.33,16968.0,256901.0,273869.0,5891010.0,36096.37,330694.757,Demais serviços,21976
4317509,Santo Ângelo,RS,Sul,Rota Missões,C,64.0,8,8.0,2643.0,53415.0,56058.0,785772.0,36452.12,1590491.959,Demais serviços,77593
1712405,Lizarda,TO,Norte,Encantos do Jalapao,D,0.0,0,,207.0,0.0,207.0,0.0,10371.32,4800.18,"Administração, defesa, educação e saúde públicas e seguridade social",3740
4212106,Palmitos,SC,Sul,VALE DAS ÁGUAS,C,16.0,7,2.29,0.0,36188.0,36188.0,0.0,42742.91,291909.887,"Pecuária, inclusive apoio à pecuária",16169
3502804,Araçatuba,SP,Sudeste,Tietê Vivo,B,273.0,26,10.5,3037.0,142507.0,145544.0,3237702.0,39630.87,5239118.297,Demais serviços,197016
3517406,Guaíra,SP,Sudeste,Águas Sertanejas,C,40.0,9,4.44,440.0,0.0,440.0,0.0,83612.04,1077007.312,Indústrias de transformação,40790
2610806,Pedra,PE,Nordeste,FÉ E ARTE,D,0.0,0,,0.0,43953.0,43953.0,0.0,11077.69,55847.726,"Administração, defesa, educação e saúde públicas e seguridade social",22617
2802106,Estância,SE,Nordeste,Polo Costa dos Coqueirais,C,39.0,10,3.9,0.0,69021.0,69021.0,145816.0,28293.45,576036.526,Indústrias de transformação,69184
3146008,Ouro Fino,MG,Sudeste,Malhas do Sul de Minas,C,30.0,6,5.0,170.0,42160.0,42330.0,0.0,19859.59,323495.442,Demais serviços,33639
5107909,Sinop,MT,Centro-Oeste,Região Turística Portal do Agronegócio,B,263.0,31,8.48,706.0,264856.0,265562.0,2496870.0,46126.47,3642472.98,Demais serviços,142996
2208205,Pio IX,PI,Nordeste,Polo Histórico Cultural,D,0.0,0,,170.0,44569.0,44739.0,0.0,9884.4,43499.044,"Administração, defesa, educação e saúde públicas e seguridade social",18425
2402303,Caraúbas,RN,Nordeste,Polo Serrano,C,17.0,2,8.5,0.0,47316.0,47316.0,0.0,18419.65,150005.582,"Administração, defesa, educação e saúde públicas e seguridade social",20493
1508357,Vitória do Xingu,PA,Norte,Região Turística Xingu,D,7.0,2,3.5,0.0,0.0,0.0,0.0,267676.58,92215.295,"Eletricidade e gás, água, esgoto, atividades de gestão de resíduos e descontaminação",15134
1400308,Mucajaí,RR,Norte,"Roraima, a Savana Amazônica",D,0.0,0,,0.0,21788.0,21788.0,0.0,17885.01,62062.63,"Administração, defesa, educação e saúde públicas e seguridade social",17853
3530805,Moji Mirim,SP,Sudeste,TRILHOS E TRILHAS DA BAIXAMOGIANA,B,105.0,9,11.67,2437.0,118650.0,121087.0,1184847.0,50482.71,2373993.061,Demais serviços,93189
5202502,Aruanã,GO,Centro-Oeste,Região Turística Vale do Araguaia,C,4.0,3,1.33,578.0,102682.0,103260.0,0.0,20064.87,64088.088,Demais serviços,9875
3104007,Araxá,MG,Sudeste,Alta Mogiana,B,489.0,20,24.45,1606.0,44499.0,46105.0,5861173.0,60640.64,2308559.89,Indústrias de transformação,106229
5003207,Corumbá,MS,Sul,Pantanal,B,225.0,34,6.62,11596.0,78771.0,90367.0,1571940.0,24943.59,1028048.463,Demais serviços,111435
5201702,Aragarças,GO,Centro-Oeste,Região Turística Vale do Araguaia,C,46.0,8,5.75,0.0,9900.0,9900.0,117412.0,11742.17,112887.242,Demais serviços,20118
4304606,Canoas,RS,Sul,Delta do Jacuí,B,194.0,21,9.24,20409.0,104533.0,124942.0,3113973.0,59519.12,8948286.419,Demais serviços,346616
4316402,Rosário do Sul,RS,Sul,Fronteira,C,54.0,7,7.71,4385.0,49939.0,54324.0,0.0,23588.27,425639.457,Demais serviços,39422
3503307,Araras,SP,Sudeste,Região Turística Histórias e Vales,C,92.0,13,7.08,1552.0,69495.0,71047.0,965575.0,44204.85,3312931.4,Demais serviços,134236
1600709,Tartarugalzinho,AP,Norte,Região Turística dos Lagos e Pororoca,D,0.0,0,,0.0,6613.0,6613.0,0.0,13380.58,24984.638,"Administração, defesa, educação e saúde públicas e seguridade social",17315
2302503,Brejo Santo,CE,Nordeste,Cariri,D,1.0,2,0.5,0.0,18126.0,18126.0,0.0,13660.13,285856.84,"Administração, defesa, educação e saúde públicas e seguridade social",49477
1200203,Cruzeiro do Sul,AC,Norte,Caminhos das Aldeias e da Biodiversidade,C,116.0,11,10.55,481.0,24475.0,24956.0,241310.0,16298.3,598709.28,"Administração, defesa, educação e saúde públicas e seguridade social",88376
2929909,Seabra,BA,Nordeste,Chapada Diamantina,C,41.0,14,2.93,46.0,2345.0,2391.0,372065.0,12448.76,296739.054,Demais serviços,44091
2204402,Gilbués,PI,Nordeste,Polo das Nascentes,C,14.0,2,7.0,0.0,51761.0,51761.0,0.0,24188.15,52179.298,"Agricultura, inclusive apoio à agricultura e a pós colheita",10690
3526704,Leme,SP,Sudeste,Região Turística Histórias e Vales,C,134.0,9,14.89,1265.0,0.0,1265.0,0.0,32775.73,1662101.582,Demais serviços,103391
2106805,Mirinzal,MA,Nordeste,Polo Floresta dos Guarás,D,0.0,0,,66.0,18458.0,18524.0,0.0,6366.33,33790.36,"Administração, defesa, educação e saúde públicas e seguridade social",14962
1600204,Calçoene,AP,Norte,Região Turística Cabo Orange,D,0.0,0,,0.0,12450.0,12450.0,0.0,14703.92,34973.414,"Administração, defesa, educação e saúde públicas e seguridade social",11117
2305407,Icó,CE,Nordeste,Centro Sul/ Vale do Salgado,D,1.0,1,1.0,68.0,3986.0,4054.0,0.0,9019.17,242906.338,"Administração, defesa, educação e saúde públicas e seguridade social",68018
4203006,Caçador,SC,Sul,Vale dos Imigrantes,C,41.0,7,5.86,852.0,76079.0,76931.0,852473.0,44916.25,1134542.186,Indústrias de transformação,78595
3169901,Ubá,MG,Sudeste,Serras de Minas,C,77.0,10,7.7,652.0,14420.0,15072.0,745067.0,26420.58,1344013.933,Demais serviços,115552
3170404,Unaí,MG,Sudeste,Noroeste das Gerais e Alto Paranaíba,B,135.0,17,7.94,606.0,50011.0,50617.0,1137023.0,34785.32,1225905.384,Demais serviços,84378
1400209,Caracaraí,RR,Norte,Águas e Florestas da Linha do Equador,D,2.0,3,0.67,0.0,26645.0,26645.0,0.0,17238.65,66260.926,"Administração, defesa, educação e saúde públicas e seguridade social",21926
3509908,Cananéia,SP,Sudeste,Lagamar,C,78.0,20,3.9,1077.0,37775.0,38852.0,454292.0,24497.84,128785.211,Demais serviços,12540
2913200,Ibotirama,BA,Nordeste,Caminhos do Oeste,C,52.0,7,7.43,350.0,4818.0,5168.0,0.0,13701.19,180472.23,Demais serviços,26927
5006606,Ponta Porã,MS,Sul,Grande Dourados,B,173.0,14,12.36,1819.0,216544.0,218363.0,1724616.0,34790.71,1232330.319,Demais serviços,92526
5006903,Porto Murtinho,MS,Sul,Bonito / Serra da Bodoquena,D,10.0,5,2.0,0.0,6108.0,6108.0,112206.0,20712.39,77328.9,"Administração, defesa, educação e saúde públicas e seguridade social",17131
2923506,Palmeiras,BA,Nordeste,Chapada Diamantina,C,30.0,9,3.33,2655.0,6033.0,8688.0,263206.0,9144.37,32468.1,"Administração, defesa, educação e saúde públicas e seguridade social",9019
3205069,Venda Nova do Imigrante,ES,Sudeste,Montanhas Capixabas,C,81.0,7,11.57,247.0,4713.0,4960.0,0.0,24073.15,289383.592,Demais serviços,25277
2406007,José da Penha,RN,Nordeste,Polo Serrano,D,0.0,0,,0.0,14505.0,14505.0,0.0,9618.58,15130.209,"Administração, defesa, educação e saúde públicas e seguridade social",5951
3501608,Americana,SP,Sudeste,Bem Viver,B,160.0,16,10.0,4763.0,70944.0,75707.0,1940317.0,49876.81,6267577.743,Demais serviços,239597
1712702,Mateiros,TO,Norte,Encantos do Jalapao,D,6.0,2,3.0,0.0,19961.0,19961.0,0.0,69267.93,23872.726,"Agricultura, inclusive apoio à agricultura e a pós colheita",2684
1501808,Breves,PA,Norte,Região Turística das Florestas do Marajó,D,3.0,1,3.0,319.0,9322.0,9641.0,0.0,7880.38,222706.44,"Administração, defesa, educação e saúde públicas e seguridade social",102701
2501005,Araruna,PB,Nordeste,Seridó e Curimataú,D,0.0,0,,0.0,3721.0,3721.0,0.0,8514.8,46007.377,"Administração, defesa, educação e saúde públicas e seguridade social",20312
4207304,Imbituba,SC,Sul,Encantos do Sul SC,B,460.0,72,6.39,17100.0,40471.0,57571.0,4151959.0,45060.37,1179898.523,Demais serviços,44853
2105005,Humberto de Campos,MA,Nordeste,Polo Lençóis Maranhenses,D,0.0,1,0.0,0.0,917.0,917.0,0.0,5627.48,38601.312,"Administração, defesa, educação e saúde públicas e seguridade social",28717
2110278,Santo Amaro do Maranhão,MA,Nordeste,Polo Lençóis Maranhenses,D,16.0,3,5.33,199.0,0.0,199.0,0.0,4987.25,14856.343,"Administração, defesa, educação e saúde públicas e seguridade social",15846
4205704,Garopaba,SC,Sul,Encantos do Sul SC,B,209.0,38,5.5,64926.0,150856.0,215782.0,1147639.0,26747.51,355255.006,Demais serviços,23078
3502705,Apiaí,SP,Sudeste,Cavernas da Mata Atlântica,C,21.0,10,2.1,223.0,0.0,223.0,0.0,24660.33,214131.899,Demais serviços,24374
3524105,Ituverava,SP,Sudeste,Lagos do Rio Grande,C,48.0,8,6.0,372.0,11025.0,11397.0,0.0,38094.32,703917.765,Demais serviços,41824
4309209,Gravataí,RS,Sul,Delta do Jacuí,C,62.0,7,8.86,2817.0,25412.0,28229.0,622297.0,44034.18,4291392.804,Indústrias de transformação,281519
4323002,Viamão,RS,Sul,Delta do Jacuí,C,107.0,5,21.4,458.0,54526.0,54984.0,830994.0,15830.63,1776615.962,Demais serviços,255224
4217204,São Miguel do Oeste,SC,Sul,Caminhos da Fronteira,C,79.0,5,15.8,1401.0,87619.0,89020.0,0.0,41379.69,831588.124,Demais serviços,40482
3138203,Lavras,MG,Sudeste,Vale Verde e Quedas D'Água,C,149.0,15,9.93,2018.0,14505.0,16523.0,1539462.0,26615.93,1460541.207,Demais serviços,103773
5107040,Primavera do Leste,MT,Centro-Oeste,Região Turística Rota dos Ipês e das Águas,B,154.0,25,6.16,922.0,150883.0,151805.0,1459295.0,63190.05,1804358.283,Demais serviços,62019
3529708,Miguelópolis,SP,Sudeste,Lagos do Rio Grande,C,2.0,3,0.67,0.0,40687.0,40687.0,0.0,46740.36,242859.995,"Agricultura, inclusive apoio à agricultura e a pós colheita",22226
3500600,Águas de São Pedro,SP,Sudeste,Serra do Itaqueri,C,110.0,12,9.17,706.0,78281.0,78987.0,1467464.0,42279.55,102557.797,Demais serviços,3451
4113205,Lapa,PR,Sul,Rotas do Pinhão,C,12.0,7,1.71,796.0,17011.0,17807.0,77292.0,37484.15,674863.771,Demais serviços,48163
4116208,Morretes,PR,Sul,Litoral do Paraná,C,57.0,11,5.18,1355.0,14765.0,16120.0,202463.0,21433.48,159081.08,Demais serviços,16406
3148004,Patos de Minas,MG,Sudeste,Noroeste das Gerais e Alto Paranaíba,B,266.0,25,10.64,3627.0,99868.0,103495.0,2095019.0,32501.05,2697111.367,Demais serviços,152488
3513405,Cruzeiro,SP,Sudeste,Picos da Mantiqueira,C,51.0,11,4.64,839.0,496.0,1335.0,193917.0,28945.24,1131029.593,Demais serviços,82238
3556453,Vargem Grande Paulista,SP,Sudeste,"Mananciais, Aventura e Arte",C,48.0,5,9.6,0.0,15985.0,15985.0,0.0,41345.61,1062447.624,Demais serviços,52597
3121209,Delfinópolis,MG,Sudeste,Nascentes das Gerais e Canastra,C,17.0,10,1.7,0.0,0.0,0.0,0.0,25804.67,56192.603,"Agricultura, inclusive apoio à agricultura e a pós colheita",7114
2900801,Alcobaça,BA,Nordeste,Costa das Baleias,C,24.0,12,2.0,267.0,91095.0,91362.0,0.0,12843.74,92812.61,"Administração, defesa, educação e saúde públicas e seguridade social",22470
2901007,Amargosa,BA,Nordeste,Caminhos do Jiquiriçá,C,21.0,3,7.0,64.0,65323.0,65387.0,0.0,10559.06,178643.157,Demais serviços,37241
2904902,Cachoeira,BA,Nordeste,Baía de Todos os Santos,C,53.0,9,5.89,1746.0,31752.0,33498.0,0.0,12882.29,174711.318,Demais serviços,33470
2908606,Conde,BA,Nordeste,Costa dos Coqueiros,C,46.0,6,7.67,655.0,117092.0,117747.0,238595.0,11066.63,78498.782,"Administração, defesa, educação e saúde públicas e seguridade social",25837
2909307,Correntina,BA,Nordeste,Caminhos do Oeste,C,57.0,10,5.7,0.0,96785.0,96785.0,0.0,45631.8,476137.801,"Agricultura, inclusive apoio à agricultura e a pós colheita",32137
3112802,Capitólio,MG,Sudeste,Nascentes das Gerais e Canastra,C,154.0,17,9.06,2005.0,10151.0,12156.0,2495772.0,32065.1,145292.585,Demais serviços,8632
3167202,Sete Lagoas,MG,Sudeste,Grutas,B,204.0,26,7.85,3646.0,112022.0,115668.0,1860113.0,39862.74,3814395.065,Demais serviços,239639
1505304,Oriximiná,PA,Norte,Região Turística do Rio Amazonas,C,7.0,2,3.5,207.0,75571.0,75778.0,0.0,28564.09,470555.874,Indústrias extrativas,73096
4109609,Guaratuba,PR,Sul,Litoral do Paraná,B,265.0,25,10.6,13870.0,300792.0,314662.0,1241365.0,23625.23,475060.105,Demais serviços,37067
4113700,Londrina,PR,Sul,Norte do Paraná,A,572.0,37,15.46,26665.0,695250.0,721915.0,13797248.0,37912.12,12852866.192,Demais serviços,569733
4115705,Matinhos,PR,Sul,Litoral do Paraná,B,118.0,26,4.54,8447.0,335122.0,343569.0,608008.0,22889.12,467664.11,Demais serviços,34720
4118402,Paranavaí,PR,Sul,Corredores das Águas,C,83.0,8,10.38,1631.0,29113.0,30744.0,0.0,30396.71,1377345.876,Demais serviços,88374
3549706,São José do Rio Pardo,SP,Sudeste,"Entre Rios, Serras  e Cafés.",C,36.0,5,7.2,422.0,46278.0,46700.0,0.0,35488.22,987996.005,Demais serviços,54946
5300108,Brasília,DF,Centro-Oeste,Brasília - Patrimônio Cultural da Humanidade,A,3.562,220,0.02,112474.0,4332053.0,4444527.0,59764674.0,90742.75,125261853.488,Demais serviços,3015268
1600303,Macapá,AP,Norte,Região Turística Meio do Mundo,A,295.0,32,9.22,5861.0,154341.0,160202.0,2137068.0,22718.28,5283472.894,"Administração, defesa, educação e saúde públicas e seguridade social",503327
1721000,Palmas,TO,Norte,Serras e Lago,A,530.0,63,8.41,6625.0,439469.0,446094.0,5066140.0,34933.66,5517115.935,Demais serviços,299127
2111300,São Luís,MA,Nordeste,Polo  São Luís,A,1.322,95,0.01,35971.0,1455665.0,1491636.0,12671548.0,29135.32,14908473.045,Demais serviços,1101884
2211001,Teresina,PI,Nordeste,Polo Costa Teresina,A,840.0,54,15.56,9766.0,1763164.0,1772930.0,10808020.0,25458.5,11647168.175,Demais serviços,864845
2304400,Fortaleza,CE,Nordeste,Fortaleza,A,3.264,163,0.02,142864.0,4178305.0,4321169.0,82969904.0,25254.44,39811444.935,Demais serviços,2669342
2307254,Jijoca de Jericoacoara,CE,Nordeste,Litoral Extremo Oeste,A,1.158,114,0.01,58592.0,94707.0,153299.0,13913007.0,24924.54,329047.892,Demais serviços,19816
2408102,Natal,RN,Nordeste,Polo Costa das Dunas,A,4.379,170,0.03,138309.0,3163130.0,3301439.0,60338313.0,28113.21,14054625.815,Demais serviços,884122
2414209,Tibau do Sul,RN,Nordeste,Polo Costa das Dunas,A,1.043,94,0.01,72601.0,46105.0,118706.0,9638275.0,26634.86,171748.584,Demais serviços,14180
2507507,João Pessoa,PB,Nordeste,Rota Sanhauá,A,1.266,79,0.02,33933.0,1988236.0,2022169.0,19090442.0,25768.09,10790090.221,Demais serviços,809015
2607208,Ipojuca,PE,Nordeste,HISTÓRIA E MAR,A,4.27,131,0.03,94117.0,515092.0,609209.0,56165811.0,132206.17,3721230.971,Indústrias de transformação,96204
2301109,Aracati,CE,Nordeste,LITORAL LESTE,B,275.0,53,5.19,12909.0,203363.0,216272.0,1734072.0,18818.74,597812.044,Demais serviços,74547
2302800,Canindé,CE,Nordeste,Sertão Central,B,27.0,10,2.7,0.0,416255.0,416255.0,0.0,11541.95,416524.313,Demais serviços,76997
2313401,Tianguá,CE,Nordeste,Chapada da Ibiapaba,B,63.0,9,7.0,261.0,146945.0,147206.0,352366.0,19276.27,572736.835,Demais serviços,75946
2402006,Caicó,RN,Nordeste,Polo Seridó,B,39.0,9,4.33,232.0,162441.0,162673.0,287951.0,18847.18,654891.602,Demais serviços,67952
2408003,Mossoró,RN,Nordeste,Polo Costa Branca,B,448.0,23,19.48,1708.0,183638.0,185346.0,3698053.0,23290.37,3317802.379,Demais serviços,297378
3550605,São Roque,SP,Sudeste,Roteiro dos Bandeirantes,B,280.0,16,17.5,2370.0,57339.0,59709.0,3730859.0,34699.1,1861575.211,Demais serviços,91016
3551009,São Vicente,SP,Sudeste,Costa da Mata Atlântica,B,264.0,20,13.2,4371.0,192893.0,197264.0,2549404.0,15164.69,3408471.489,Demais serviços,365798
3554102,Taubaté,SP,Sudeste,Rios do Vale,B,325.0,23,14.13,6226.0,76841.0,83067.0,5422443.0,58290.8,7332440.629,Demais serviços,314924
4115200,Maringá,PR,Sul,Corredores das Águas,B,672.0,35,19.2,19854.0,563477.0,583331.0,7250512.0,45582.78,11546436.005,Demais serviços,423666
4118204,Paranaguá,PR,Sul,Litoral do Paraná,B,223.0,50,4.46,13673.0,198623.0,212296.0,2311120.0,62846.15,4566900.673,Demais serviços,154936
4119905,Ponta Grossa,PR,Sul,Campos Gerais,B,361.0,34,10.62,7283.0,114198.0,121481.0,5384713.0,44361.09,7075149.877,Demais serviços,351736
4119954,Pontal do Paraná,PR,Sul,Litoral do Paraná,B,47.0,11,4.27,2877.0,183320.0,186197.0,183676.0,32769.62,367598.035,Demais serviços,27284
4204202,Chapecó,SC,Sul,Grande Oeste,B,427.0,29,14.72,8134.0,234259.0,242393.0,6771846.0,47749.34,5364051.207,Demais serviços,220367
4205902,Gaspar,SC,Sul,Vale Europeu,B,430.0,6,71.67,367.0,52791.0,53158.0,0.0,45770.14,1258120.463,Indústrias de transformação,69639
4206207,Gravatal,SC,Sul,Encantos do Sul SC,B,331.0,5,66.2,129.0,43070.0,43199.0,0.0,23021.04,130114.285,Demais serviços,11501
4208203,Itajaí,SC,Sul,Costa Verde & Mar,B,322.0,28,11.5,8487.0,197409.0,205896.0,4454299.0,128522.07,12802223.438,Comércio e reparação de veículos automotores e motocicletas,219536
4212502,Penha,SC,Sul,Costa Verde & Mar,B,248.0,41,6.05,5781.0,144918.0,150699.0,2582275.0,25178.04,443592.352,Demais serviços,32531
4212809,Balneário Piçarras,SC,Sul,Costa Verde & Mar,B,120.0,6,20.0,1380.0,155991.0,157371.0,0.0,47933.93,470768.491,Demais serviços,23147
4310207,Ijuí,RS,Sul,Rota do Yucumã,B,158.0,13,12.15,10064.0,85319.0,95383.0,1972171.0,45258.76,2087416.683,Demais serviços,83475
4316808,Santa Cruz do Sul,RS,Sul,Vale do Rio Pardo,B,134.0,16,8.38,5505.0,102289.0,107794.0,2254033.0,75387.36,4040240.098,Demais serviços,130416
4316907,Santa Maria,RS,Sul,Central,B,358.0,21,17.05,9873.0,428404.0,438277.0,5217749.0,31074.58,5356374.337,Demais serviços,282123
4318309,São Gabriel,RS,Sul,Fronteira,B,93.0,13,7.15,28062.0,114291.0,142353.0,1735484.0,29026.39,817170.164,Demais serviços,62105
5102504,Cáceres,MT,Centro-Oeste,Região Turística  Pantanal Mato-Grossense,B,126.0,19,6.63,1203.0,157853.0,159056.0,994015.0,20240.1,882920.663,Demais serviços,94376
2409407,Pau dos Ferros,RN,Nordeste,Polo Serrano,C,19.0,4,4.75,0.0,38758.0,38758.0,0.0,19008.79,331736.2,Demais serviços,30394
2411205,Santa Cruz,RN,Nordeste,Polo Agreste/Trairi,C,28.0,6,4.67,297.0,67583.0,67880.0,0.0,16468.77,340959.466,Demais serviços,39674
2503704,Cajazeiras,PB,Nordeste,Vale dos Dinossauros,C,40.0,4,10.0,309.0,110890.0,111199.0,0.0,18176.27,570004.991,Demais serviços,61993
2516201,Sousa,PB,Nordeste,Vale dos Dinossauros,C,36.0,4,9.0,0.0,68389.0,68389.0,0.0,17681.86,580881.698,Demais serviços,69444
2601904,Bezerros,PE,Nordeste,SERRAS E ARTES DE PERNAMBUCO,C,43.0,6,7.17,98.0,55775.0,55873.0,0.0,12522.08,305519.19,"Administração, defesa, educação e saúde públicas e seguridade social",60798
2707107,Piranhas,AL,Nordeste,Caminhos do São Francisco,C,37.0,11,3.36,388.0,6070.0,6458.0,133577.0,10703.45,78029.169,"Administração, defesa, educação e saúde públicas e seguridade social",25039
2708709,São Miguel dos Milagres,AL,Nordeste,Costa dos Corais,C,147.0,15,9.8,1248.0,15449.0,16697.0,1616566.0,20724.13,52737.916,Demais serviços,7951
2910602,Esplanada,BA,Nordeste,Costa dos Coqueiros,C,60.0,9,6.67,66.0,59828.0,59894.0,315843.0,16975.59,194909.049,Demais serviços,37237
2931905,Tucano,BA,Nordeste,Caminhos do Sertão,C,36.0,7,5.14,217.0,46611.0,46828.0,107388.0,9553.34,197993.649,"Administração, defesa, educação e saúde públicas e seguridade social",50687
3101607,Alfenas,MG,Sudeste,Lago de Furnas,C,137.0,15,9.13,943.0,42550.0,43493.0,681136.0,32281.39,1389666.631,Demais serviços,79996
3104205,Arcos,MG,Sudeste,Grutas e Mar de Minas,C,64.0,7,9.14,130.0,7494.0,7624.0,441259.0,42159.13,620564.508,Demais serviços,40092
3115300,Cataguases,MG,Sudeste,Serras e Cachoeiras,C,71.0,8,8.88,796.0,41908.0,42704.0,704418.0,22110.86,763577.843,Demais serviços,75123
3117504,Conceição do Mato Dentro,MG,Sudeste,Serra do Cipó,C,61.0,18,3.39,418.0,8657.0,9075.0,821529.0,220226.36,913948.981,Indústrias extrativas,17842
3128709,Guaxupé,MG,Sudeste,Montanhas Cafeeiras de Minas,C,77.0,8,9.62,499.0,23450.0,23949.0,2522023.0,43130.71,1273529.01,Demais serviços,51917
3136306,João Pinheiro,MG,Sudeste,Noroeste das Gerais e Alto Paranaíba,C,78.0,18,4.33,0.0,60609.0,60609.0,396916.0,32016.08,561934.073,Demais serviços,47452
3139003,Machado,MG,Sudeste,Caminhos Gerais,C,36.0,6,6.0,454.0,38201.0,38655.0,208416.0,23175.74,443697.018,Demais serviços,42133
3143401,Monte Sião,MG,Sudeste,Malhas do Sul de Minas,C,98.0,14,7.0,682.0,18812.0,19494.0,618169.0,18609.95,221958.945,Demais serviços,23803
3144805,Nova Lima,MG,Sudeste,Ouro,C,71.0,13,5.46,262.0,9834.0,10096.0,1182522.0,124987.23,3758362.015,Indústrias extrativas,94889
3147600,Passa Quatro,MG,Sudeste,Terras Altas da Mantiqueira,C,190.0,11,17.27,232.0,33052.0,33284.0,2719881.0,30581.06,237379.886,Demais serviços,16344
3302502,Magé,RJ,Sudeste,BAIXADA VERDE,C,35.0,7,5.0,82.0,13395.0,13477.0,143737.0,17355.94,1787596.338,"Administração, defesa, educação e saúde públicas e seguridade social",245071
3303708,Paraíba do Sul,RJ,Sudeste,VALE DO CAFÉ,C,21.0,6,3.5,0.0,37774.0,37774.0,195850.0,22678.15,412669.435,Demais serviços,44285
3306008,Três Rios,RJ,Sudeste,CAMINHOS COLONIAIS,C,105.0,11,9.55,477.0,13129.0,13606.0,543042.0,53338.23,1727035.259,Demais serviços,81804
3306206,Vassouras,RJ,Sudeste,VALE DO CAFÉ,C,170.0,10,17.0,611.0,35714.0,36325.0,1602907.0,29585.01,542876.194,Demais serviços,36896
3555000,Tupã,SP,Sudeste,Circuito das Nações,C,34.0,4,8.5,676.0,87090.0,87766.0,246160.0,29449.71,1145219.325,Demais serviços,65524
3557105,Votuporanga,SP,Sudeste,MARAVILHAS  DO RIO GRANDE,C,63.0,8,7.88,891.0,53925.0,54816.0,970288.0,31236.51,1893506.005,Demais serviços,94547
4105904,Colorado,PR,Sul,Corredores das Águas,C,16.0,2,8.0,656.0,46001.0,46657.0,0.0,29065.6,309605.864,Demais serviços,24012
4107207,Dois Vizinhos,PR,Sul,Vales do Iguaçu,C,36.0,6,6.0,585.0,10005.0,10590.0,407239.0,41240.19,763699.505,Demais serviços,40641
4112009,Jaguariaíva,PR,Sul,Campos Gerais,C,68.0,9,7.56,726.0,0.0,726.0,397756.0,42686.56,397694.531,Indústrias de transformação,34857
4202909,Brusque,SC,Sul,Vale Europeu,C,148.0,9,16.44,1135.0,87413.0,88548.0,1991248.0,51452.46,2770026.785,Demais serviços,134723
4206009,Governador Celso Ramos,SC,Sul,Grande Florianópolis,C,179.0,5,35.8,20405.0,9793.0,30198.0,0.0,24354.3,162605.247,Demais serviços,14471
4209003,Joaçaba,SC,Sul,Vale dos Imigrantes,C,80.0,7,11.43,753.0,84066.0,84819.0,945871.0,59987.65,983565.577,Demais serviços,30118
4210605,Massaranduba,SC,Sul,Caminho dos Príncipes,C,14.0,1,14.0,516.0,76364.0,76880.0,0.0,32770.59,194894.789,Demais serviços,16916
4215802,São Bento do Sul,SC,Sul,Caminho dos Príncipes,C,46.0,9,5.11,752.0,50856.0,51608.0,984005.0,39331.23,1285942.814,Indústrias de transformação,84507
4218509,Treze Tílias,SC,Sul,Vale dos Imigrantes,C,55.0,6,9.17,1396.0,12269.0,13665.0,0.0,90720.45,234594.222,Indústrias de transformação,7840
4301057,Arroio do Sal,RS,Sul,Litoral Norte Gaúcho,C,48.0,14,3.43,2594.0,57509.0,60103.0,327527.0,24399.48,132816.076,Demais serviços,10065
4302808,Caçapava do Sul,RS,Sul,Pampa Gaúcho,C,14.0,4,3.5,731.0,88213.0,88944.0,166276.0,25725.54,376716.769,Demais serviços,33624
4303608,Cambará do Sul,RS,Sul,Campos de Cima da Serra,C,47.0,14,3.36,1659.0,16230.0,17889.0,308140.0,27804.2,52297.238,Demais serviços,6431
4311809,Marau,RS,Sul,Uva e Vinho,C,32.0,8,4.0,471.0,13498.0,13969.0,270838.0,50305.26,820386.017,Demais serviços,44161
4313904,Panambi,RS,Sul,Rota do Yucumã,C,49.0,7,7.0,381.0,14505.0,14886.0,521249.0,51209.05,803236.256,Indústrias de transformação,43667
4318002,São Borja,RS,Sul,Rota Missões,C,75.0,13,5.77,5760.0,39785.0,45545.0,448070.0,32111.87,888163.376,Demais serviços,60282
4318804,São Lourenço do Sul,RS,Sul,Costa Doce,C,53.0,11,4.82,2481.0,118687.0,121168.0,281558.0,29051.89,507892.865,Demais serviços,43582
5006309,Paranaíba,MS,Sul,Integra Costa Leste - Vale do Aporé,C,72.0,10,7.2,415.0,30097.0,30512.0,219463.0,32574.25,547332.556,Demais serviços,42148
5100250,Alta Floresta,MT,Centro-Oeste,Região Turística Amazônia Mato-Grossense,C,130.0,18,7.22,1034.0,37445.0,38479.0,844186.0,30101.46,755714.898,Demais serviços,51782
5102702,Canarana,MT,Centro-Oeste,Região Turística Portal do Araguaia,C,38.0,10,3.8,206.0,2336.0,2542.0,286399.0,59476.06,480361.389,"Agricultura, inclusive apoio à agricultura e a pós colheita",21579
5103205,Colíder,MT,Centro-Oeste,Região Turística Portal da Amazônia,C,31.0,8,3.88,182.0,17011.0,17193.0,167522.0,26962.96,384783.453,Demais serviços,33438
5105259,Lucas do Rio Verde,MT,Centro-Oeste,Região Turística Portal do Agronegócio,C,115.0,18,6.39,1903.0,3810.0,5713.0,1211941.0,68110.99,1797336.258,Demais serviços,65534
5107065,Querência,MT,Centro-Oeste,Região Turística Portal do Araguaia,C,33.0,8,4.12,258.0,305.0,563.0,399347.0,88859.47,658719.961,"Agricultura, inclusive apoio à agricultura e a pós colheita",17479
5200308,Alexânia,GO,Centro-Oeste,Região Turística do Ouro e Cristais,C,48.0,8,6.0,483.0,9550.0,10033.0,163254.0,34289.85,421720.098,Demais serviços,27653
5201405,Aparecida de Goiânia,GO,Centro-Oeste,Região Turística dos Negócios e Tradições,C,113.0,12,9.42,0.0,33468.0,33468.0,4209851.0,24855.27,7151504.915,Demais serviços,578179
5217104,Piracanjuba,GO,Centro-Oeste,Região Turística das Águas Quentes,D,9.0,4,2.25,438.0,4000.0,4438.0,0.0,33295.33,268415.674,"Agricultura, inclusive apoio à agricultura e a pós colheita",24524
5221197,Terezópolis de Goiás,GO,Centro-Oeste,Região Turística dos Negócios e Tradições,D,21.0,3,7.0,66.0,7527.0,7593.0,0.0,23305.5,75944.976,Demais serviços,8043
5222005,Vianópolis,GO,Centro-Oeste,Região Turística da Estrada de Ferro,D,8.0,2,4.0,345.0,2591.0,2936.0,0.0,34888.79,175036.109,Demais serviços,13863
1200807,Porto Acre,AC,Norte,Caminhos da Revolução,E,0.0,0,,0.0,0.0,0.0,0.0,12294.58,32402.872,"Administração, defesa, educação e saúde públicas e seguridade social",18504
1600808,Vitória do Jari,AP,Norte,Região Turística Vale do Jari,E,0.0,0,,0.0,0.0,0.0,0.0,12303.06,24274.136,"Administração, defesa, educação e saúde públicas e seguridade social",15931
2607752,Itapissuma,PE,Nordeste,COSTA NÁUTICA COROA DO AVIÃO,E,0.0,0,,0.0,0.0,0.0,0.0,69380.68,414805.847,Indústrias de transformação,26651
2608057,Jatobá,PE,Nordeste,ILHAS E LAGOS DO SÃO FRANCISCO,E,0.0,0,,0.0,0.0,0.0,0.0,8857.69,34850.836,"Administração, defesa, educação e saúde públicas e seguridade social",14796
3140555,Mata Verde,MG,Sudeste,Vale do Jequitinhonha,E,0.0,0,,0.0,0.0,0.0,0.0,8384.53,22085.943,"Administração, defesa, educação e saúde públicas e seguridade social",8586
3143807,Munhoz,MG,Sudeste,Serras Verdes do Sul de Minas,E,0.0,0,,0.0,0.0,0.0,0.0,16315.77,39834.677,Demais serviços,6029
4107157,Diamante d'Oeste,PR,Sul,Cataratas do Iguaçu e Caminhos ao Lago de Itaipu,E,0.0,0,,0.0,0.0,0.0,0.0,19426.89,27257.524,"Administração, defesa, educação e saúde públicas e seguridade social",5253
4112603,Jardim Olinda,PR,Sul,Corredores das Águas,E,0.0,0,,0.0,0.0,0.0,0.0,29971.91,8084.842,"Administração, defesa, educação e saúde públicas e seguridade social",1331
4114708,Maria Helena,PR,Sul,Corredores das Águas,E,0.0,0,,0.0,0.0,0.0,0.0,17636.87,25284.291,"Administração, defesa, educação e saúde públicas e seguridade social",5677
4316477,Salvador das Missões,RS,Sul,Rota Missões,E,0.0,0,,0.0,0.0,0.0,0.0,49437.09,48069.984,Demais serviços,2733
4318614,São José do Sul,RS,Sul,Vale da Felicidade,E,0.0,0,,0.0,0.0,0.0,0.0,27162.86,14138.26,"Administração, defesa, educação e saúde públicas e seguridade social",2408
4320230,Sede Nova,RS,Sul,Rota do Yucumã,E,0.0,0,,0.0,0.0,0.0,0.0,40703.8,32580.785,"Agricultura, inclusive apoio à agricultura e a pós colheita",2907
4320321,Senador Salgado Filho,RS,Sul,Rota do Rio Uruguai,E,0.0,0,,0.0,0.0,0.0,0.0,33537.23,20802.394,"Agricultura, inclusive apoio à agricultura e a pós colheita",2779
4320453,Sério,RS,Sul,Vale do Taquari,E,0.0,0,,0.0,0.0,0.0,0.0,24533.2,7385.866,"Administração, defesa, educação e saúde públicas e seguridade social",1962
4321493,Toropi,RS,Sul,Central,E,0.0,0,,0.0,0.0,0.0,0.0,24895.52,20679.058,"Administração, defesa, educação e saúde públicas e seguridade social",2806
1100304,Vilhena,RO,Norte,POLO TURÍSTICO VALE DO GUAPORÉ,B,151.0,21,7.19,948.0,53400.0,54348.0,627441.0,28353.15,1307159.648,Demais serviços,99854
1505536,Parauapebas,PA,Norte,Região turística do Carajás,B,278.0,34,8.18,926.0,200040.0,200966.0,2134923.0,110604.1,4240238.326,Indústrias extrativas,208273
1506807,Santarém,PA,Norte,Região Turística do Baixo Tapajós,B,291.0,38,7.66,9344.0,191863.0,201207.0,1813048.0,16829.8,2624480.97,Demais serviços,304589
2207702,Parnaíba,PI,Nordeste,Polo Costa do Delta,B,229.0,30,7.63,4759.0,457364.0,462123.0,793258.0,17163.13,1305009.175,Demais serviços,153078
2302602,Camocim,CE,Nordeste,Litoral Extremo Oeste,B,93.0,21,4.43,2314.0,74367.0,76681.0,645317.0,11306.83,274208.279,"Administração, defesa, educação e saúde públicas e seguridade social",63661
2303501,Cascavel,CE,Nordeste,LITORAL LESTE,B,54.0,12,4.5,846.0,245835.0,246681.0,264334.0,12816.78,355349.471,Demais serviços,71743
2303709,Caucaia,CE,Nordeste,Litoral Oeste,B,633.0,31,20.42,14327.0,53410.0,67737.0,3325429.0,19147.09,2812145.473,Demais serviços,361400
2307304,Juazeiro do Norte,CE,Nordeste,Cariri,B,332.0,37,8.97,915.0,556692.0,557607.0,1709292.0,17772.55,2980618.954,Demais serviços,274207
2310209,Paracuru,CE,Nordeste,Litoral Oeste,B,31.0,16,1.94,2190.0,125547.0,127737.0,191685.0,14420.42,191848.069,"Administração, defesa, educação e saúde públicas e seguridade social",35076
2311306,Quixadá,CE,Nordeste,Sertão Central,B,54.0,10,5.4,451.0,205728.0,206179.0,184847.0,11463.4,476292.261,Demais serviços,87728
2312908,Sobral,CE,Nordeste,Vale do Acaraú,B,112.0,13,8.62,1137.0,246103.0,247240.0,365839.0,21919.49,2266612.79,Demais serviços,208935
2412559,São Miguel do Gostoso,RN,Nordeste,Polo Costa das Dunas,B,165.0,28,5.89,1828.0,5385.0,7213.0,1056218.0,32719.36,57213.892,"Eletricidade e gás, água, esgoto, atividades de gestão de resíduos e descontaminação",10282
2607901,Jaboatão dos Guararapes,PE,Nordeste,HISTÓRIA E MAR,B,331.0,21,15.76,1347.0,75315.0,76662.0,4179260.0,19750.5,6538730.872,Demais serviços,702298
2613909,Serra Talhada,PE,Nordeste,CANGAÇO E LAMPIÃO,B,126.0,16,7.88,474.0,89966.0,90440.0,342563.0,17848.2,786671.49,Demais serviços,86350
3120904,Curvelo,MG,Sudeste,Guimarães Rosa,C,148.0,14,10.57,738.0,13748.0,14486.0,799036.0,22624.78,873636.919,Demais serviços,80129
3305208,São Pedro da Aldeia,RJ,Sudeste,COSTA DO SOL,C,51.0,11,4.64,1016.0,87691.0,88707.0,486931.0,23326.65,1153791.296,Demais serviços,104476
3523107,Itaquaquecetuba,SP,Sudeste,Nascentes do Tietê,C,36.0,5,7.2,295.0,25587.0,25882.0,798236.0,20653.57,3689774.212,Demais serviços,370821
3527207,Lorena,SP,Sudeste,Fé,C,64.0,8,8.0,1330.0,112788.0,114118.0,783949.0,32004.82,1377804.031,Demais serviços,88706
3540705,Porto Ferreira,SP,Sudeste,Região Turística Histórias e Vales,C,28.0,6,4.67,385.0,24539.0,24924.0,248212.0,38251.13,842548.965,Demais serviços,56150
3552502,Suzano,SP,Sudeste,Nascentes do Tietê,C,27.0,5,5.4,1551.0,55026.0,56577.0,944462.0,40453.09,4619543.96,Demais serviços,297637
4101804,Araucária,PR,Sul,Rotas do Pinhão,C,66.0,10,6.6,0.0,6648.0,6648.0,799346.0,130033.87,5995994.022,Indústrias de transformação,143843
4214805,Rio do Sul,SC,Sul,Caminhos do Alto Vale,C,86.0,11,7.82,1063.0,79760.0,80823.0,1167243.0,40727.01,1543161.419,Demais serviços,71061
4306106,Cruz Alta,RS,Sul,Rota das Terras Encantadas,C,91.0,14,6.5,521.0,60559.0,61080.0,565044.0,62863.69,2237180.693,Demais serviços,60299
2503209,Cabedelo,PB,Nordeste,Rota Sanhauá,D,13.0,4,3.25,621.0,17550.0,18171.0,537241.0,43115.89,1487539.872,Demais serviços,67736
2915601,Itamaraju,BA,Nordeste,Costa das Baleias,D,27.0,5,5.4,123.0,21303.0,21426.0,167168.0,14814.35,350851.169,Demais serviços,64486
4100400,Almirante Tamandaré,PR,Sul,Rotas do Pinhão,D,51.0,3,17.0,0.0,0.0,0.0,641273.0,13747.91,619960.618,Demais serviços,118623
5106257,Nova Xavantina,MT,Centro-Oeste,Região Turística Portal do Araguaia,D,22.0,5,4.4,196.0,15975.0,16171.0,191558.0,30776.46,220947.368,Demais serviços,21374
5221858,Valparaíso de Goiás,GO,Centro-Oeste,Região Turística do Ouro e Cristais,D,38.0,5,7.6,0.0,3064.0,3064.0,746468.0,16131.87,1416606.249,Demais serviços,168468
2504074,Caraúbas,PB,Nordeste,Cariri,E,0.0,0,,0.0,0.0,0.0,0.0,9396.24,9422.985,"Administração, defesa, educação e saúde públicas e seguridade social",4162
3128808,Guidoval,MG,Sudeste,Serras e Cachoeiras,E,0.0,0,,0.0,0.0,0.0,0.0,14749.47,33914.847,"Administração, defesa, educação e saúde públicas e seguridade social",7078
3138104,Lassance,MG,Sudeste,Serra do Cabral,E,0.0,0,,0.0,0.0,0.0,0.0,19041.91,26940.897,"Administração, defesa, educação e saúde públicas e seguridade social",6512
4103206,Bom Sucesso,PR,Sul,Vale do Ivaí,E,0.0,0,,0.0,0.0,0.0,0.0,16930.59,30608.4,"Administração, defesa, educação e saúde públicas e seguridade social",7032
4105102,Centenário do Sul,PR,Sul,Norte do Paraná,E,0.0,0,,0.0,0.0,0.0,0.0,19830.47,82889.122,Demais serviços,10827
4317558,Santo Antônio do Palma,RS,Sul,Uva e Vinho,E,0.0,0,,0.0,0.0,0.0,0.0,35172.61,16914.662,"Pecuária, inclusive apoio à pecuária",2128
4318481,São José do Hortêncio,RS,Sul,Vale da Felicidade,E,0.0,0,,0.0,0.0,0.0,0.0,26620.56,36880.447,Indústrias de transformação,4804
